#
# A fatal error has been detected by the Java Runtime Environment:
#
#  SIGSEGV (0xb) at pc=0x0000000000529551, pid=449876, tid=851353
#
# JRE version: OpenJDK Runtime Environment (17.0.19+10) (build 17.0.19+10-1-24.04.2-Ubuntu)
# Java VM: OpenJDK 64-Bit Server VM (17.0.19+10-1-24.04.2-Ubuntu, mixed mode, sharing, tiered, compressed oops, compressed class ptrs, g1 gc, linux-amd64)
# Problematic frame:
# C  [python+0x129551]  PyObject_RichCompare+0x31
#
# Core dump will be written. Default location: Core dumps may be processed with "/wsl-capture-crash %t %E %p %s" (or dumping to /home/thkim0/github/AIFFEL_quest_rs/Exploration/Ex06/core.449876)
#
# If you would like to submit a bug report, please visit:
#   https://bugs.launchpad.net/ubuntu/+source/openjdk-17
# The crash happened outside the Java Virtual Machine in native code.
# See problematic frame for where to report the bug.
#

---------------  S U M M A R Y ------------

Command Line: -Dfile.encoding=UTF8 -ea -Xmx1024m 

Host: 13th Gen Intel(R) Core(TM) i5-13600KF, 10 cores, 31G, Ubuntu 24.04.3 LTS
Time: Mon Jun 15 15:20:54 2026 KST elapsed time: 15096.428100 seconds (0d 4h 11m 36s)

---------------  T H R E A D  ---------------

Current thread (0x00007bbf90000fc0):  JavaThread "SIGTERM handler" daemon [_thread_in_native, id=851353, stack(0x00007bc01cdff000,0x00007bc01ceff000)]

Stack: [0x00007bc01cdff000,0x00007bc01ceff000],  sp=0x00007bc01cefd6d0,  free space=1017k
Native frames: (J=compiled Java code, j=interpreted, Vv=VM code, C=native code)
C  [python+0x129551]  PyObject_RichCompare+0x31
C  [python+0x1294d5]  PyObject_RichCompareBool+0x15
C  [python+0x1ffb0e]
C  [python+0xdb1e8]  PyErr_SetInterruptEx+0x32
j  org.jpype.JPypeSignal.interruptPy(I)V+0
j  org.jpype.JPypeSignal.lambda$getSignalHandler$0(ILjava/lang/Object;Ljava/lang/reflect/Method;[Ljava/lang/Object;)Ljava/lang/Object;+7
j  org.jpype.JPypeSignal$$Lambda$14+0x00007bbfac006ac0.invoke(Ljava/lang/Object;Ljava/lang/reflect/Method;[Ljava/lang/Object;)Ljava/lang/Object;+7
j  jdk.proxy2.$Proxy3.handle(Lsun/misc/Signal;)V+16 jdk.proxy2
j  sun.misc.Signal$InternalMiscHandler.handle(Ljdk/internal/misc/Signal;)V+8 jdk.unsupported@17.0.19
j  jdk.internal.misc.Signal$1.run()V+8 java.base@17.0.19
j  java.lang.Thread.run()V+11 java.base@17.0.19
v  ~StubRoutines::call_stub
V  [libjvm.so+0x8383a2]  JavaCalls::call_helper(JavaValue*, methodHandle const&, JavaCallArguments*, JavaThread*)+0x302
V  [libjvm.so+0x839a42]  JavaCalls::call_virtual(JavaValue*, Handle, Klass*, Symbol*, Symbol*, JavaThread*)+0x1a2
V  [libjvm.so+0x907b27]  thread_entry(JavaThread*, JavaThread*)+0xa7
V  [libjvm.so+0xebd387]  JavaThread::thread_main_inner()+0x1b7
V  [libjvm.so+0xec1159]  Thread::call_run()+0xa9
V  [libjvm.so+0xc429db]  thread_native_entry(Thread*)+0xeb
C  [libc.so.6+0x9caa4]

Java frames: (J=compiled Java code, j=interpreted, Vv=VM code)
j  org.jpype.JPypeSignal.interruptPy(I)V+0
j  org.jpype.JPypeSignal.lambda$getSignalHandler$0(ILjava/lang/Object;Ljava/lang/reflect/Method;[Ljava/lang/Object;)Ljava/lang/Object;+7
j  org.jpype.JPypeSignal$$Lambda$14+0x00007bbfac006ac0.invoke(Ljava/lang/Object;Ljava/lang/reflect/Method;[Ljava/lang/Object;)Ljava/lang/Object;+7
j  jdk.proxy2.$Proxy3.handle(Lsun/misc/Signal;)V+16 jdk.proxy2
j  sun.misc.Signal$InternalMiscHandler.handle(Ljdk/internal/misc/Signal;)V+8 jdk.unsupported@17.0.19
j  jdk.internal.misc.Signal$1.run()V+8 java.base@17.0.19
j  java.lang.Thread.run()V+11 java.base@17.0.19
v  ~StubRoutines::call_stub

siginfo: si_signo: 11 (SIGSEGV), si_code: 1 (SEGV_MAPERR), si_addr: 0x0000000000000020

Registers:
RAX=0x00000000000000f0, RBX=0x00007bc071efc0f0, RCX=0x0000000000000003, RDX=0x0000000000000002
RSP=0x00007bc01cefd6d0, RBP=0x00007bc01cefd700, RSI=0x00007bc071efc0f0, RDI=0x00007bc071efc0d0
R8 =0x0000000000000004, R9 =0x0000000000000000, R10=0x00007bc00094458b, R11=0x00000000c01206d0
R12=0x00007bc071efc0d0, R13=0x0000000000000000, R14=0x00007bc01cefd7d8, R15=0x00007bbf90000fc0
RIP=0x0000000000529551, EFLAGS=0x0000000000010206, CSGSFS=0x002b000000000033, ERR=0x0000000000000004
  TRAPNO=0x000000000000000e

XMM[0]=0x0000000000000000 0x00007bc025059760
XMM[1]=0x00007bc000941ff8 0x00007bbf00000007
XMM[2]=0x00007bbf54001bc0 0x00007bbf54001bb0
XMM[3]=0x00007bc000000000 0x0000000000000000
XMM[4]=0x00007bbf28038360 0x00007bbf90000fc0
XMM[5]=0x00007bbf28038360 0x00007bbf90000fc0
XMM[6]=0x0000000000000000 0x00007bbf90000fc0
XMM[7]=0xffffffffffffffff 0x000000000000000e
XMM[8]=0x7c8b483824448b4c 0x30244c8b4c282454
XMM[9]=0x2020200020200000 0x0000000000000000
XMM[10]=0x3f3f3f3f3f3f3f3f 0x3f3f3f3f3f3f3f3f
XMM[11]=0x9999999999999999 0x9999999999999999
XMM[12]=0x2020202020202020 0x2020202020202020
XMM[13]=0x550c7dc3243185be 0x12835b01d807aa98
XMM[14]=0xab1c5ed5923f82a4 0x59f111f13956c25b
XMM[15]=0x0000000000000000 0x0000000000000000
  MXCSR=0x00001fa2


Register to memory mapping:

RAX=0x00000000000000f0 is an unknown value
RBX=0x00007bc071efc0f0 points into unknown readable memory: 0x00000000000010e8 | e8 10 00 00 00 00 00 00
RCX=0x0000000000000003 is an unknown value
RDX=0x0000000000000002 is an unknown value
RSP=0x00007bc01cefd6d0 is pointing into the stack for thread: 0x00007bbf90000fc0
RBP=0x00007bc01cefd700 is pointing into the stack for thread: 0x00007bbf90000fc0
RSI=0x00007bc071efc0f0 points into unknown readable memory: 0x00000000000010e8 | e8 10 00 00 00 00 00 00
RDI=0x00007bc071efc0d0 points into unknown readable memory: 0x0000000000001ba7 | a7 1b 00 00 00 00 00 00
R8 =0x0000000000000004 is an unknown value
R9 =0x0 is NULL
R10=0x00007bc00094458b is at code_begin+843 in an Interpreter codelet
method entry point (kind = native)  [0x00007bc000944240, 0x00007bc000944aa0]  2144 bytes
R11=0x00000000c01206d0 is an oop: java.lang.Class 
{0x00000000c01206d0} - klass: 'java/lang/Class'
 - ---- fields (total size 15 words):
 - private volatile transient 'classRedefinedCount' 'I' @12  0
 - private volatile transient 'cachedConstructor' 'Ljava/lang/reflect/Constructor;' @40  NULL (0)
 - private transient 'name' 'Ljava/lang/String;' @44  "org.jpype.JPypeSignal"{0x00000000c0120748} (c0120748)
 - private transient 'module' 'Ljava/lang/Module;' @48  a 'java/lang/Module'{0x00000000ffe56890} (ffe56890)
 - private final 'classLoader' 'Ljava/lang/ClassLoader;' @52  a 'jdk/internal/loader/ClassLoaders$AppClassLoader'{0x00000000ffe56108} (ffe56108)
 - private transient 'classData' 'Ljava/lang/Object;' @56  NULL (0)
 - private transient 'packageName' 'Ljava/lang/String;' @60  "org.jpype"{0x00000000c0027b08} (c0027b08)
 - private final 'componentType' 'Ljava/lang/Class;' @64  NULL (0)
 - private volatile transient 'reflectionData' 'Ljava/lang/ref/SoftReference;' @68  NULL (0)
 - private volatile transient 'genericInfo' 'Lsun/reflect/generics/repository/ClassRepository;' @72  NULL (0)
 - private volatile transient 'enumConstants' '[Ljava/lang/Object;' @76  NULL (0)
 - private volatile transient 'enumConstantDirectory' 'Ljava/util/Map;' @80  NULL (0)
 - private volatile transient 'annotationData' 'Ljava/lang/Class$AnnotationData;' @84  NULL (0)
 - private volatile transient 'annotationType' 'Lsun/reflect/annotation/AnnotationType;' @88  NULL (0)
 - transient 'classValueMap' 'Ljava/lang/ClassValue$ClassValueMap;' @92  NULL (0)
 - signature: Lorg/jpype/JPypeSignal;
 - fake entry for mirror: 'org/jpype/JPypeSignal'
 - fake entry for array: NULL
 - fake entry for oop_size: 15
 - fake entry for static_oop_field_count: 1
 - static 'main' 'Ljava/lang/Thread;' @112  a 'java/lang/Thread'{0x00000000c0438e50} (c0438e50)
R12=0x00007bc071efc0d0 points into unknown readable memory: 0x0000000000001ba7 | a7 1b 00 00 00 00 00 00
R13=0x0 is NULL
R14=0x00007bc01cefd7d8 is pointing into the stack for thread: 0x00007bbf90000fc0
R15=0x00007bbf90000fc0 is a thread


Top of Stack: (sp=0x00007bc01cefd6d0)
0x00007bc01cefd6d0:   00007bc01cefd720 000000000000000f
0x00007bc01cefd6e0:   00007bc071efc0d0 00007bbfa741abd8
0x00007bc01cefd6f0:   00007bc01cefd7d8 00007bbf90000fc0
0x00007bc01cefd700:   00007bc01cefd720 00000000005294d5
0x00007bc01cefd710:   000000000000000f 00007bc071efc0d0
0x00007bc01cefd720:   00007bc01cefd730 00000000005ffb0e
0x00007bc01cefd730:   00007bc01cefd750 00000000004db1e8
0x00007bc01cefd740:   00007bbfa741abd8 0000000000000000
0x00007bc01cefd750:   00007bc01cefd7b8 00007bc0009445ba
0x00007bc01cefd760:   0000000000000000 00007bc0009442f6
0x00007bc01cefd770:   00007bc01cefd770 00007bbfa741abd8
0x00007bc01cefd780:   00007bc01cefd7d8 00007bbfa741ada0
0x00007bc01cefd790:   0000000000000000 00000000c01206d0
0x00007bc01cefd7a0:   00007bbfa741abd8 0000000000000000
0x00007bc01cefd7b0:   00007bc01cefd7d8 00007bc01cefd828
0x00007bc01cefd7c0:   00007bc000940260 00000000c01206d0
0x00007bc01cefd7d0:   00007bc000941ff8 000000000000000f
0x00007bc01cefd7e0:   00007bc01cefd7e0 00007bbfa741ad0f
0x00007bc01cefd7f0:   00007bc01cefd850 00007bbfa741ada0
0x00007bc01cefd800:   0000000000000000 00000000c01206d0
0x00007bc01cefd810:   00007bbfa741ad18 00007bc01cefd7d8
0x00007bc01cefd820:   00007bc01cefd838 00007bc01cefd8a0
0x00007bc01cefd830:   00007bc0009403b9 00000000f6d00000
0x00007bc01cefd840:   00000000c01225c8 00000000c0122740
0x00007bc01cefd850:   000000000000000f 00007bc01cefd858
0x00007bc01cefd860:   00007bbfa741b2c7 00007bc01cefd8c8
0x00007bc01cefd870:   00007bbfa741b328 0000000000000000
0x00007bc01cefd880:   00000000c0121bf8 00007bbfa741b2d0
0x00007bc01cefd890:   00007bc01cefd838 00007bc01cefd8b0
0x00007bc01cefd8a0:   00007bc01cefd918 00007bc00094083f
0x00007bc01cefd8b0:   00000000f6d00000 00000000c01225c8
0x00007bc01cefd8c0:   00000000c0122740 00000000c0122730 

Instructions: (pc=0x0000000000529551)
0x0000000000529451:   dc c0 68 00 4c 89 ef e8 03 ed 12 00 85 c0 0f 85
0x0000000000529461:   29 ff ff ff 48 8b 53 08 49 8b 44 24 08 48 39 c2
0x0000000000529471:   0f 84 a2 fd ff ff 48 8b b2 58 01 00 00 48 85 f6
0x0000000000529481:   0f 84 1c de f0 ff 48 8b 7e 10 31 c9 48 39 cf 0f
0x0000000000529491:   8e 83 fd ff ff 48 39 44 ce 18 0f 84 56 fe ff ff
0x00000000005294a1:   48 83 c1 01 eb e6 48 8b 05 62 62 39 00 48 83 c0
0x00000000005294b1:   01 e9 3b ff ff ff e9 bc dd f0 ff 0f 1f 40 00 f3
0x00000000005294c1:   0f 1e fa 55 48 89 e5 41 54 53 48 39 f7 74 33 e8
0x00000000005294d1:   4b 00 00 00 49 89 c4 48 85 c0 74 39 48 81 78 08
0x00000000005294e1:   40 fe 8c 00 0f 85 11 de f0 ff 31 db 48 3d 40 f7
0x00000000005294f1:   8b 00 0f 94 c3 48 83 28 01 74 1f 89 d8 5b 41 5c
0x0000000000529501:   5d c3 bb 01 00 00 00 83 fa 02 74 ef 83 fa 03 75
0x0000000000529511:   be 31 db eb e6 83 cb ff eb e1 e9 f1 dd f0 ff f3
0x0000000000529521:   0f 1e fa 55 48 89 e5 41 57 41 56 41 55 41 54 53
0x0000000000529531:   48 83 ec 08 4c 8b 2d fc 46 3d 00 48 85 ff 0f 84
0x0000000000529541:   41 de f0 ff 48 89 f3 48 85 f6 0f 84 35 de f0 ff
0x0000000000529551:   41 8b 45 20 4c 63 f2 49 8b 55 10 49 89 fc 83 c0
0x0000000000529561:   01 41 89 45 20 3b 42 40 0f 8f 3d 03 00 00 48 8b
0x0000000000529571:   56 08 48 8b 47 08 48 39 d0 0f 85 a0 02 00 00 48
0x0000000000529581:   8b 88 c8 00 00 00 48 85 c9 0f 84 8b 01 00 00 45
0x0000000000529591:   31 ff 48 81 f9 90 22 53 00 0f 85 40 01 00 00 f6
0x00000000005295a1:   80 ab 00 00 00 01 0f 84 f3 02 00 00 48 8b 53 08
0x00000000005295b1:   f6 82 ab 00 00 00 01 0f 84 e2 02 00 00 49 39 dc
0x00000000005295c1:   0f 84 b9 01 00 00 49 8b 44 24 10 48 89 c2 48 2b
0x00000000005295d1:   53 10 75 2e 48 89 c1 48 f7 d9 48 0f 48 c8 48 85
0x00000000005295e1:   c0 0f 84 98 01 00 00 41 8b 54 8c 14 2b 54 8b 14
0x00000000005295f1:   0f 84 b9 01 00 00 48 85 c0 0f 88 f0 01 00 00 48
0x0000000000529601:   63 d2 41 83 fe 05 0f 87 98 dd f0 ff 45 89 f6 3e
0x0000000000529611:   42 ff 24 f5 d0 fe 6e 00 0f 1f 80 00 00 00 00 48
0x0000000000529621:   85 d2 79 33 48 8b 05 f4 60 39 00 41 83 6d 20 01
0x0000000000529631:   48 83 c0 01 48 89 05 e4 60 39 00 b8 20 f7 8b 00
0x0000000000529641:   48 83 c4 08 5b 41 5c 41 5d 41 5e 41 5f 5d c3 48 


Stack slot to memory mapping:
stack at sp + 0 slots: 0x00007bc01cefd720 is pointing into the stack for thread: 0x00007bbf90000fc0
stack at sp + 1 slots: 0x000000000000000f is an unknown value
stack at sp + 2 slots: 0x00007bc071efc0d0 points into unknown readable memory: 0x0000000000001ba7 | a7 1b 00 00 00 00 00 00
stack at sp + 3 slots: {method} {0x00007bbfa741abd8} 'interruptPy' '(I)V' in 'org/jpype/JPypeSignal'
stack at sp + 4 slots: 0x00007bc01cefd7d8 is pointing into the stack for thread: 0x00007bbf90000fc0
stack at sp + 5 slots: 0x00007bbf90000fc0 is a thread
stack at sp + 6 slots: 0x00007bc01cefd720 is pointing into the stack for thread: 0x00007bbf90000fc0
stack at sp + 7 slots: 0x00000000005294d5: PyObject_RichCompareBool+0x0000000000000015 in /home/thkim0/venv/v1/bin/python at 0x0000000000400000


---------------  P R O C E S S  ---------------

Threads class SMR info:
_java_thread_list=0x00007bbf900019c0, length=13, elements={
0x000000001d7c4030, 0x000000001edb92d0, 0x000000001edba380, 0x000000001edc0520,
0x000000001edc1920, 0x000000001edc2d80, 0x000000001edc43a0, 0x000000001edc5920,
0x000000001edcedd0, 0x000000001edd54b0, 0x000000001edd86b0, 0x000000001eedf0e0,
0x00007bbf90000fc0
}

Java Threads: ( => current thread )
  0x000000001d7c4030 JavaThread "main" [_thread_in_native, id=449876, stack(0x00007ffed2e38000,0x00007ffed2f38000)]
  0x000000001edb92d0 JavaThread "Reference Handler" daemon [_thread_blocked, id=846791, stack(0x00007bc01f3fd000,0x00007bc01f4fd000)]
  0x000000001edba380 JavaThread "Finalizer" daemon [_thread_blocked, id=846792, stack(0x00007bc01f2fd000,0x00007bc01f3fd000)]
  0x000000001edc0520 JavaThread "Signal Dispatcher" daemon [_thread_blocked, id=846794, stack(0x00007bc01f1fd000,0x00007bc01f2fd000)]
  0x000000001edc1920 JavaThread "Service Thread" daemon [_thread_blocked, id=846795, stack(0x00007bc01f0fd000,0x00007bc01f1fd000)]
  0x000000001edc2d80 JavaThread "Monitor Deflation Thread" daemon [_thread_blocked, id=846796, stack(0x00007bc01effd000,0x00007bc01f0fd000)]
  0x000000001edc43a0 JavaThread "C2 CompilerThread0" daemon [_thread_blocked, id=846797, stack(0x00007bc01eefd000,0x00007bc01effd000)]
  0x000000001edc5920 JavaThread "C1 CompilerThread0" daemon [_thread_blocked, id=846798, stack(0x00007bc01edfd000,0x00007bc01eefd000)]
  0x000000001edcedd0 JavaThread "Sweeper thread" daemon [_thread_blocked, id=846799, stack(0x00007bc01ecfd000,0x00007bc01edfd000)]
  0x000000001edd54b0 JavaThread "Notification Thread" daemon [_thread_blocked, id=846800, stack(0x00007bc01ebfd000,0x00007bc01ecfd000)]
  0x000000001edd86b0 JavaThread "Common-Cleaner" daemon [_thread_blocked, id=846803, stack(0x00007bc01e9fc000,0x00007bc01eafc000)]
  0x000000001eedf0e0 JavaThread "Python Reference Queue" daemon [_thread_blocked, id=846814, stack(0x00007bc01e8fc000,0x00007bc01e9fc000)]
=>0x00007bbf90000fc0 JavaThread "SIGTERM handler" daemon [_thread_in_native, id=851353, stack(0x00007bc01cdff000,0x00007bc01ceff000)]

Other Threads:
  0x000000001d9300e0 VMThread "VM Thread" [stack: 0x00007bc01f4fe000,0x00007bc01f5fe000] [id=846790]
  0x000000001d955280 WatcherThread [stack: 0x00007bc01eafd000,0x00007bc01ebfd000] [id=846801]
  0x000000001d792560 GCTaskThread "GC Thread#0" [stack: 0x00007bc0332fe000,0x00007bc0333fe000] [id=846781]
  0x00007bbfa0001120 GCTaskThread "GC Thread#1" [stack: 0x00007bc01e7fc000,0x00007bc01e8fc000] [id=846824]
  0x00007bbfa0001bc0 GCTaskThread "GC Thread#2" [stack: 0x00007bc01e6fb000,0x00007bc01e7fb000] [id=846825]
  0x00007bbfa0002660 GCTaskThread "GC Thread#3" [stack: 0x00007bc01e5fa000,0x00007bc01e6fa000] [id=846826]
  0x00007bbfa0003100 GCTaskThread "GC Thread#4" [stack: 0x00007bc01e4f9000,0x00007bc01e5f9000] [id=846827]
  0x00007bbfa0003ba0 GCTaskThread "GC Thread#5" [stack: 0x00007bc01e3f8000,0x00007bc01e4f8000] [id=846828]
  0x00007bbfa0004a30 GCTaskThread "GC Thread#6" [stack: 0x00007bc01cf00000,0x00007bc01d000000] [id=846829]
  0x00007bbfa010c200 GCTaskThread "GC Thread#7" [stack: 0x00007bc01c2f6000,0x00007bc01c3f6000] [id=847037]
  0x00007bbfa061fac0 GCTaskThread "GC Thread#8" [stack: 0x00007bc01c1f5000,0x00007bc01c2f5000] [id=847038]
  0x000000001d9737e0 ConcurrentGCThread "G1 Main Marker" [stack: 0x00007bc0308ff000,0x00007bc0309ff000] [id=846782]
  0x000000001d7c3610 ConcurrentGCThread "G1 Conc#0" [stack: 0x00007bc029eff000,0x00007bc029fff000] [id=846783]
  0x00007bc014000ea0 ConcurrentGCThread "G1 Conc#1" [stack: 0x00007bc01cbff000,0x00007bc01ccff000] [id=846897]
  0x000000001d78ec70 ConcurrentGCThread "G1 Refine#0" [stack: 0x00007bc01f700000,0x00007bc01f800000] [id=846785]
  0x00007bbfec0011c0 ConcurrentGCThread "G1 Refine#1" [stack: 0x00007bc01cafe000,0x00007bc01cbfe000] [id=846911]
  0x00007bbf4c000ea0 ConcurrentGCThread "G1 Refine#2" [stack: 0x00007bc01c9fd000,0x00007bc01cafd000] [id=846912]
  0x00007bbf40000ea0 ConcurrentGCThread "G1 Refine#3" [stack: 0x00007bc01c8fc000,0x00007bc01c9fc000] [id=846913]
  0x00007bbf44000ea0 ConcurrentGCThread "G1 Refine#4" [stack: 0x00007bc01c7fb000,0x00007bc01c8fb000] [id=846952]
  0x00007bbf541dfdd0 ConcurrentGCThread "G1 Refine#5" [stack: 0x00007bc01c6fa000,0x00007bc01c7fa000] [id=846953]
  0x00007bbf38000d60 ConcurrentGCThread "G1 Refine#6" [stack: 0x00007bc01c5f9000,0x00007bc01c6f9000] [id=846954]
  0x00007bbf3c000ea0 ConcurrentGCThread "G1 Refine#7" [stack: 0x00007bc01c4f8000,0x00007bc01c5f8000] [id=846955]
  0x00007bbf30000ea0 ConcurrentGCThread "G1 Refine#8" [stack: 0x00007bc01c3f7000,0x00007bc01c4f7000] [id=846956]
  0x000000001ec779c0 ConcurrentGCThread "G1 Service" [stack: 0x00007bc01f5ff000,0x00007bc01f6ff000] [id=846786]

Threads with active compile tasks:

VM state: not at safepoint (normal execution)

VM Mutex/Monitor currently owned by a thread: None

Heap address: 0x00000000c0000000, size: 1024 MB, Compressed Oops mode: 32-bit

CDS archive(s) mapped at: [0x00007bbfab000000-0x00007bbfabbc7000-0x00007bbfabbc7000), size 12349440, SharedBaseAddress: 0x00007bbfab000000, ArchiveRelocationMode: 1.
Compressed class space mapped at: 0x00007bbfac000000-0x00007bbfec000000, reserved size: 1073741824
Narrow klass base: 0x00007bbfab000000, Narrow klass shift: 0, Narrow klass range: 0x100000000

GC Precious Log:
 CPUs: 10 total, 10 available
 Memory: 32097M
 Large Page Support: Disabled
 NUMA Support: Disabled
 Compressed Oops: Enabled (32-bit)
 Heap Region Size: 1M
 Heap Min Capacity: 8M
 Heap Initial Capacity: 502M
 Heap Max Capacity: 1G
 Pre-touch: Disabled
 Parallel Workers: 9
 Concurrent Workers: 2
 Concurrent Refinement Workers: 9
 Periodic GC: Disabled

Heap:
 garbage-first heap   total 939008K, used 790676K [0x00000000c0000000, 0x0000000100000000)
  region size 1024K, 48 young (49152K), 10 survivors (10240K)
 Metaspace       used 12377K, committed 12608K, reserved 1114112K
  class space    used 1694K, committed 1792K, reserved 1048576K

Heap Regions: E=young(eden), S=young(survivor), O=old, HS=humongous(starts), HC=humongous(continues), CS=collection set, F=free, OA=open archive, CA=closed archive, TAMS=top-at-mark-start (previous, next)
|   0|0x00000000c0000000, 0x00000000c00ffff0, 0x00000000c0100000| 99%| O|  |TAMS 0x00000000c00ffff0, 0x00000000c0000000| Untracked 
|   1|0x00000000c0100000, 0x00000000c01fffd0, 0x00000000c0200000| 99%| O|  |TAMS 0x00000000c01fffd0, 0x00000000c0100000| Untracked 
|   2|0x00000000c0200000, 0x00000000c0300000, 0x00000000c0300000|100%| O|  |TAMS 0x00000000c0300000, 0x00000000c0200000| Untracked 
|   3|0x00000000c0300000, 0x00000000c03fdf68, 0x00000000c0400000| 99%| O|  |TAMS 0x00000000c03fdf68, 0x00000000c0300000| Untracked 
|   4|0x00000000c0400000, 0x00000000c04c9778, 0x00000000c0500000| 78%| O|  |TAMS 0x00000000c04c9778, 0x00000000c0400000| Untracked 
|   5|0x00000000c0500000, 0x00000000c0600000, 0x00000000c0600000|100%| O|  |TAMS 0x00000000c0600000, 0x00000000c0500000| Untracked 
|   6|0x00000000c0600000, 0x00000000c0700000, 0x00000000c0700000|100%| O|  |TAMS 0x00000000c0700000, 0x00000000c0600000| Untracked 
|   7|0x00000000c0700000, 0x00000000c0800000, 0x00000000c0800000|100%| O|  |TAMS 0x00000000c0800000, 0x00000000c0700000| Untracked 
|   8|0x00000000c0800000, 0x00000000c0900000, 0x00000000c0900000|100%| O|  |TAMS 0x00000000c0900000, 0x00000000c0800000| Untracked 
|   9|0x00000000c0900000, 0x00000000c0a00000, 0x00000000c0a00000|100%| O|  |TAMS 0x00000000c0a00000, 0x00000000c0900000| Untracked 
|  10|0x00000000c0a00000, 0x00000000c0b00000, 0x00000000c0b00000|100%| O|  |TAMS 0x00000000c0b00000, 0x00000000c0a00000| Untracked 
|  11|0x00000000c0b00000, 0x00000000c0c00000, 0x00000000c0c00000|100%| O|  |TAMS 0x00000000c0c00000, 0x00000000c0b00000| Untracked 
|  12|0x00000000c0c00000, 0x00000000c0d00000, 0x00000000c0d00000|100%| O|  |TAMS 0x00000000c0d00000, 0x00000000c0c00000| Untracked 
|  13|0x00000000c0d00000, 0x00000000c0e00000, 0x00000000c0e00000|100%| O|  |TAMS 0x00000000c0e00000, 0x00000000c0d00000| Untracked 
|  14|0x00000000c0e00000, 0x00000000c0f00000, 0x00000000c0f00000|100%| O|  |TAMS 0x00000000c0f00000, 0x00000000c0e00000| Untracked 
|  15|0x00000000c0f00000, 0x00000000c0fea200, 0x00000000c1000000| 91%| O|  |TAMS 0x00000000c0fea200, 0x00000000c0f00000| Untracked 
|  16|0x00000000c1000000, 0x00000000c1100000, 0x00000000c1100000|100%| O|  |TAMS 0x00000000c1100000, 0x00000000c1000000| Untracked 
|  17|0x00000000c1100000, 0x00000000c1200000, 0x00000000c1200000|100%| O|  |TAMS 0x00000000c1200000, 0x00000000c1100000| Untracked 
|  18|0x00000000c1200000, 0x00000000c1300000, 0x00000000c1300000|100%| O|  |TAMS 0x00000000c1300000, 0x00000000c1200000| Untracked 
|  19|0x00000000c1300000, 0x00000000c1400000, 0x00000000c1400000|100%| O|  |TAMS 0x00000000c1400000, 0x00000000c1300000| Untracked 
|  20|0x00000000c1400000, 0x00000000c1500000, 0x00000000c1500000|100%| O|  |TAMS 0x00000000c1500000, 0x00000000c1400000| Untracked 
|  21|0x00000000c1500000, 0x00000000c1600000, 0x00000000c1600000|100%| O|  |TAMS 0x00000000c1600000, 0x00000000c1500000| Untracked 
|  22|0x00000000c1600000, 0x00000000c1700000, 0x00000000c1700000|100%| O|  |TAMS 0x00000000c1700000, 0x00000000c1600000| Untracked 
|  23|0x00000000c1700000, 0x00000000c1800000, 0x00000000c1800000|100%| O|  |TAMS 0x00000000c1800000, 0x00000000c1700000| Untracked 
|  24|0x00000000c1800000, 0x00000000c1900000, 0x00000000c1900000|100%| O|  |TAMS 0x00000000c1900000, 0x00000000c1800000| Untracked 
|  25|0x00000000c1900000, 0x00000000c1a00000, 0x00000000c1a00000|100%| O|  |TAMS 0x00000000c1a00000, 0x00000000c1900000| Untracked 
|  26|0x00000000c1a00000, 0x00000000c1b00000, 0x00000000c1b00000|100%| O|  |TAMS 0x00000000c1b00000, 0x00000000c1a00000| Untracked 
|  27|0x00000000c1b00000, 0x00000000c1c00000, 0x00000000c1c00000|100%| O|  |TAMS 0x00000000c1c00000, 0x00000000c1b00000| Untracked 
|  28|0x00000000c1c00000, 0x00000000c1d00000, 0x00000000c1d00000|100%| O|  |TAMS 0x00000000c1d00000, 0x00000000c1c00000| Untracked 
|  29|0x00000000c1d00000, 0x00000000c1e00000, 0x00000000c1e00000|100%| O|  |TAMS 0x00000000c1e00000, 0x00000000c1d00000| Untracked 
|  30|0x00000000c1e00000, 0x00000000c1f00000, 0x00000000c1f00000|100%| O|  |TAMS 0x00000000c1f00000, 0x00000000c1e00000| Untracked 
|  31|0x00000000c1f00000, 0x00000000c2000000, 0x00000000c2000000|100%| O|  |TAMS 0x00000000c2000000, 0x00000000c1f00000| Untracked 
|  32|0x00000000c2000000, 0x00000000c2100000, 0x00000000c2100000|100%| O|  |TAMS 0x00000000c2100000, 0x00000000c2000000| Untracked 
|  33|0x00000000c2100000, 0x00000000c2200000, 0x00000000c2200000|100%| O|  |TAMS 0x00000000c2200000, 0x00000000c2100000| Untracked 
|  34|0x00000000c2200000, 0x00000000c2300000, 0x00000000c2300000|100%| O|  |TAMS 0x00000000c2300000, 0x00000000c2200000| Untracked 
|  35|0x00000000c2300000, 0x00000000c2400000, 0x00000000c2400000|100%| O|  |TAMS 0x00000000c2400000, 0x00000000c2300000| Untracked 
|  36|0x00000000c2400000, 0x00000000c2500000, 0x00000000c2500000|100%| O|  |TAMS 0x00000000c2500000, 0x00000000c2400000| Untracked 
|  37|0x00000000c2500000, 0x00000000c2600000, 0x00000000c2600000|100%| O|  |TAMS 0x00000000c2600000, 0x00000000c2500000| Untracked 
|  38|0x00000000c2600000, 0x00000000c2700000, 0x00000000c2700000|100%| O|  |TAMS 0x00000000c2700000, 0x00000000c2600000| Untracked 
|  39|0x00000000c2700000, 0x00000000c2800000, 0x00000000c2800000|100%| O|  |TAMS 0x00000000c2800000, 0x00000000c2700000| Untracked 
|  40|0x00000000c2800000, 0x00000000c2900000, 0x00000000c2900000|100%| O|  |TAMS 0x00000000c2900000, 0x00000000c2800000| Untracked 
|  41|0x00000000c2900000, 0x00000000c2a00000, 0x00000000c2a00000|100%|HS|  |TAMS 0x00000000c2900000, 0x00000000c2900000| Complete 
|  42|0x00000000c2a00000, 0x00000000c2b00000, 0x00000000c2b00000|100%| O|  |TAMS 0x00000000c2b00000, 0x00000000c2a00000| Untracked 
|  43|0x00000000c2b00000, 0x00000000c2c00000, 0x00000000c2c00000|100%| O|  |TAMS 0x00000000c2c00000, 0x00000000c2b00000| Untracked 
|  44|0x00000000c2c00000, 0x00000000c2d00000, 0x00000000c2d00000|100%| O|  |TAMS 0x00000000c2d00000, 0x00000000c2c00000| Untracked 
|  45|0x00000000c2d00000, 0x00000000c2e00000, 0x00000000c2e00000|100%| O|  |TAMS 0x00000000c2e00000, 0x00000000c2d00000| Untracked 
|  46|0x00000000c2e00000, 0x00000000c2f00000, 0x00000000c2f00000|100%| O|  |TAMS 0x00000000c2f00000, 0x00000000c2e00000| Untracked 
|  47|0x00000000c2f00000, 0x00000000c3000000, 0x00000000c3000000|100%| O|  |TAMS 0x00000000c3000000, 0x00000000c2f00000| Untracked 
|  48|0x00000000c3000000, 0x00000000c3100000, 0x00000000c3100000|100%| O|  |TAMS 0x00000000c3100000, 0x00000000c3000000| Untracked 
|  49|0x00000000c3100000, 0x00000000c3200000, 0x00000000c3200000|100%| O|  |TAMS 0x00000000c3200000, 0x00000000c3100000| Untracked 
|  50|0x00000000c3200000, 0x00000000c3300000, 0x00000000c3300000|100%| O|  |TAMS 0x00000000c3300000, 0x00000000c3200000| Untracked 
|  51|0x00000000c3300000, 0x00000000c3400000, 0x00000000c3400000|100%| O|  |TAMS 0x00000000c3400000, 0x00000000c3300000| Untracked 
|  52|0x00000000c3400000, 0x00000000c3500000, 0x00000000c3500000|100%| O|  |TAMS 0x00000000c3500000, 0x00000000c3400000| Untracked 
|  53|0x00000000c3500000, 0x00000000c3600000, 0x00000000c3600000|100%| O|  |TAMS 0x00000000c3600000, 0x00000000c3500000| Untracked 
|  54|0x00000000c3600000, 0x00000000c3700000, 0x00000000c3700000|100%| O|  |TAMS 0x00000000c3700000, 0x00000000c3600000| Untracked 
|  55|0x00000000c3700000, 0x00000000c3800000, 0x00000000c3800000|100%| O|  |TAMS 0x00000000c3800000, 0x00000000c3700000| Untracked 
|  56|0x00000000c3800000, 0x00000000c3900000, 0x00000000c3900000|100%| O|  |TAMS 0x00000000c3900000, 0x00000000c3800000| Untracked 
|  57|0x00000000c3900000, 0x00000000c3a00000, 0x00000000c3a00000|100%| O|  |TAMS 0x00000000c3900000, 0x00000000c3900000| Untracked 
|  58|0x00000000c3a00000, 0x00000000c3b00000, 0x00000000c3b00000|100%| O|  |TAMS 0x00000000c3b00000, 0x00000000c3a00000| Untracked 
|  59|0x00000000c3b00000, 0x00000000c3c00000, 0x00000000c3c00000|100%| O|  |TAMS 0x00000000c3c00000, 0x00000000c3b00000| Untracked 
|  60|0x00000000c3c00000, 0x00000000c3d00000, 0x00000000c3d00000|100%| O|  |TAMS 0x00000000c3d00000, 0x00000000c3c00000| Untracked 
|  61|0x00000000c3d00000, 0x00000000c3e00000, 0x00000000c3e00000|100%| O|  |TAMS 0x00000000c3e00000, 0x00000000c3d00000| Untracked 
|  62|0x00000000c3e00000, 0x00000000c3f00000, 0x00000000c3f00000|100%| O|  |TAMS 0x00000000c3f00000, 0x00000000c3e00000| Untracked 
|  63|0x00000000c3f00000, 0x00000000c4000000, 0x00000000c4000000|100%| O|  |TAMS 0x00000000c4000000, 0x00000000c3f00000| Untracked 
|  64|0x00000000c4000000, 0x00000000c4100000, 0x00000000c4100000|100%| O|  |TAMS 0x00000000c4100000, 0x00000000c4000000| Untracked 
|  65|0x00000000c4100000, 0x00000000c4200000, 0x00000000c4200000|100%| O|  |TAMS 0x00000000c4200000, 0x00000000c4100000| Untracked 
|  66|0x00000000c4200000, 0x00000000c4300000, 0x00000000c4300000|100%| O|  |TAMS 0x00000000c4300000, 0x00000000c4200000| Untracked 
|  67|0x00000000c4300000, 0x00000000c4400000, 0x00000000c4400000|100%| O|  |TAMS 0x00000000c4400000, 0x00000000c4300000| Untracked 
|  68|0x00000000c4400000, 0x00000000c4500000, 0x00000000c4500000|100%| O|  |TAMS 0x00000000c4500000, 0x00000000c4400000| Untracked 
|  69|0x00000000c4500000, 0x00000000c4600000, 0x00000000c4600000|100%| O|  |TAMS 0x00000000c4600000, 0x00000000c4500000| Untracked 
|  70|0x00000000c4600000, 0x00000000c4700000, 0x00000000c4700000|100%| O|  |TAMS 0x00000000c4700000, 0x00000000c4600000| Untracked 
|  71|0x00000000c4700000, 0x00000000c4800000, 0x00000000c4800000|100%| O|  |TAMS 0x00000000c4800000, 0x00000000c4700000| Untracked 
|  72|0x00000000c4800000, 0x00000000c4900000, 0x00000000c4900000|100%| O|  |TAMS 0x00000000c4900000, 0x00000000c4800000| Untracked 
|  73|0x00000000c4900000, 0x00000000c4a00000, 0x00000000c4a00000|100%| O|  |TAMS 0x00000000c4a00000, 0x00000000c4900000| Untracked 
|  74|0x00000000c4a00000, 0x00000000c4b00000, 0x00000000c4b00000|100%| O|  |TAMS 0x00000000c4b00000, 0x00000000c4a00000| Untracked 
|  75|0x00000000c4b00000, 0x00000000c4c00000, 0x00000000c4c00000|100%| O|  |TAMS 0x00000000c4c00000, 0x00000000c4b00000| Untracked 
|  76|0x00000000c4c00000, 0x00000000c4d00000, 0x00000000c4d00000|100%| O|  |TAMS 0x00000000c4d00000, 0x00000000c4c00000| Untracked 
|  77|0x00000000c4d00000, 0x00000000c4e00000, 0x00000000c4e00000|100%| O|  |TAMS 0x00000000c4e00000, 0x00000000c4d00000| Untracked 
|  78|0x00000000c4e00000, 0x00000000c4f00000, 0x00000000c4f00000|100%| O|  |TAMS 0x00000000c4f00000, 0x00000000c4e00000| Untracked 
|  79|0x00000000c4f00000, 0x00000000c5000000, 0x00000000c5000000|100%| O|  |TAMS 0x00000000c5000000, 0x00000000c4f00000| Untracked 
|  80|0x00000000c5000000, 0x00000000c5100000, 0x00000000c5100000|100%| O|  |TAMS 0x00000000c5100000, 0x00000000c5000000| Untracked 
|  81|0x00000000c5100000, 0x00000000c5200000, 0x00000000c5200000|100%| O|  |TAMS 0x00000000c5200000, 0x00000000c5100000| Untracked 
|  82|0x00000000c5200000, 0x00000000c5300000, 0x00000000c5300000|100%| O|  |TAMS 0x00000000c5300000, 0x00000000c5200000| Untracked 
|  83|0x00000000c5300000, 0x00000000c5400000, 0x00000000c5400000|100%| O|  |TAMS 0x00000000c5400000, 0x00000000c5300000| Untracked 
|  84|0x00000000c5400000, 0x00000000c5500000, 0x00000000c5500000|100%| O|  |TAMS 0x00000000c5500000, 0x00000000c5400000| Untracked 
|  85|0x00000000c5500000, 0x00000000c5600000, 0x00000000c5600000|100%| O|  |TAMS 0x00000000c5600000, 0x00000000c5500000| Untracked 
|  86|0x00000000c5600000, 0x00000000c5700000, 0x00000000c5700000|100%| O|  |TAMS 0x00000000c5700000, 0x00000000c5600000| Untracked 
|  87|0x00000000c5700000, 0x00000000c5800000, 0x00000000c5800000|100%| O|  |TAMS 0x00000000c5800000, 0x00000000c5700000| Untracked 
|  88|0x00000000c5800000, 0x00000000c5900000, 0x00000000c5900000|100%| O|  |TAMS 0x00000000c5900000, 0x00000000c5800000| Untracked 
|  89|0x00000000c5900000, 0x00000000c5a00000, 0x00000000c5a00000|100%| O|  |TAMS 0x00000000c5a00000, 0x00000000c5900000| Untracked 
|  90|0x00000000c5a00000, 0x00000000c5b00000, 0x00000000c5b00000|100%| O|  |TAMS 0x00000000c5b00000, 0x00000000c5a00000| Untracked 
|  91|0x00000000c5b00000, 0x00000000c5c00000, 0x00000000c5c00000|100%| O|  |TAMS 0x00000000c5c00000, 0x00000000c5b00000| Untracked 
|  92|0x00000000c5c00000, 0x00000000c5d00000, 0x00000000c5d00000|100%| O|  |TAMS 0x00000000c5d00000, 0x00000000c5c00000| Untracked 
|  93|0x00000000c5d00000, 0x00000000c5e00000, 0x00000000c5e00000|100%| O|  |TAMS 0x00000000c5e00000, 0x00000000c5d00000| Untracked 
|  94|0x00000000c5e00000, 0x00000000c5f00000, 0x00000000c5f00000|100%| O|  |TAMS 0x00000000c5f00000, 0x00000000c5e00000| Untracked 
|  95|0x00000000c5f00000, 0x00000000c6000000, 0x00000000c6000000|100%| O|  |TAMS 0x00000000c6000000, 0x00000000c5f00000| Untracked 
|  96|0x00000000c6000000, 0x00000000c6100000, 0x00000000c6100000|100%| O|  |TAMS 0x00000000c6100000, 0x00000000c6000000| Untracked 
|  97|0x00000000c6100000, 0x00000000c6200000, 0x00000000c6200000|100%| O|  |TAMS 0x00000000c6200000, 0x00000000c6100000| Untracked 
|  98|0x00000000c6200000, 0x00000000c6300000, 0x00000000c6300000|100%| O|  |TAMS 0x00000000c6300000, 0x00000000c6200000| Untracked 
|  99|0x00000000c6300000, 0x00000000c6400000, 0x00000000c6400000|100%| O|  |TAMS 0x00000000c6400000, 0x00000000c6300000| Untracked 
| 100|0x00000000c6400000, 0x00000000c6500000, 0x00000000c6500000|100%| O|  |TAMS 0x00000000c6500000, 0x00000000c6400000| Untracked 
| 101|0x00000000c6500000, 0x00000000c6600000, 0x00000000c6600000|100%| O|  |TAMS 0x00000000c6600000, 0x00000000c6500000| Untracked 
| 102|0x00000000c6600000, 0x00000000c6700000, 0x00000000c6700000|100%| O|  |TAMS 0x00000000c6700000, 0x00000000c6600000| Untracked 
| 103|0x00000000c6700000, 0x00000000c6800000, 0x00000000c6800000|100%| O|  |TAMS 0x00000000c6800000, 0x00000000c6700000| Untracked 
| 104|0x00000000c6800000, 0x00000000c6900000, 0x00000000c6900000|100%| O|  |TAMS 0x00000000c6900000, 0x00000000c6800000| Untracked 
| 105|0x00000000c6900000, 0x00000000c6a00000, 0x00000000c6a00000|100%| O|  |TAMS 0x00000000c6a00000, 0x00000000c6900000| Untracked 
| 106|0x00000000c6a00000, 0x00000000c6b00000, 0x00000000c6b00000|100%| O|  |TAMS 0x00000000c6b00000, 0x00000000c6a00000| Untracked 
| 107|0x00000000c6b00000, 0x00000000c6c00000, 0x00000000c6c00000|100%| O|  |TAMS 0x00000000c6c00000, 0x00000000c6b00000| Untracked 
| 108|0x00000000c6c00000, 0x00000000c6d00000, 0x00000000c6d00000|100%| O|  |TAMS 0x00000000c6d00000, 0x00000000c6c00000| Untracked 
| 109|0x00000000c6d00000, 0x00000000c6e00000, 0x00000000c6e00000|100%| O|  |TAMS 0x00000000c6e00000, 0x00000000c6d00000| Untracked 
| 110|0x00000000c6e00000, 0x00000000c6f00000, 0x00000000c6f00000|100%| O|  |TAMS 0x00000000c6f00000, 0x00000000c6e00000| Untracked 
| 111|0x00000000c6f00000, 0x00000000c7000000, 0x00000000c7000000|100%| O|  |TAMS 0x00000000c7000000, 0x00000000c6f00000| Untracked 
| 112|0x00000000c7000000, 0x00000000c7100000, 0x00000000c7100000|100%| O|  |TAMS 0x00000000c7100000, 0x00000000c7000000| Untracked 
| 113|0x00000000c7100000, 0x00000000c7200000, 0x00000000c7200000|100%| O|  |TAMS 0x00000000c7200000, 0x00000000c7100000| Untracked 
| 114|0x00000000c7200000, 0x00000000c7300000, 0x00000000c7300000|100%| O|  |TAMS 0x00000000c7300000, 0x00000000c7200000| Untracked 
| 115|0x00000000c7300000, 0x00000000c7400000, 0x00000000c7400000|100%| O|  |TAMS 0x00000000c7400000, 0x00000000c7300000| Untracked 
| 116|0x00000000c7400000, 0x00000000c7500000, 0x00000000c7500000|100%| O|  |TAMS 0x00000000c7500000, 0x00000000c7400000| Untracked 
| 117|0x00000000c7500000, 0x00000000c7600000, 0x00000000c7600000|100%| O|  |TAMS 0x00000000c7600000, 0x00000000c7500000| Untracked 
| 118|0x00000000c7600000, 0x00000000c7700000, 0x00000000c7700000|100%| O|  |TAMS 0x00000000c7700000, 0x00000000c7600000| Untracked 
| 119|0x00000000c7700000, 0x00000000c7800000, 0x00000000c7800000|100%| O|  |TAMS 0x00000000c7800000, 0x00000000c7700000| Untracked 
| 120|0x00000000c7800000, 0x00000000c7900000, 0x00000000c7900000|100%| O|  |TAMS 0x00000000c7900000, 0x00000000c7800000| Untracked 
| 121|0x00000000c7900000, 0x00000000c7a00000, 0x00000000c7a00000|100%| O|  |TAMS 0x00000000c7a00000, 0x00000000c7900000| Untracked 
| 122|0x00000000c7a00000, 0x00000000c7b00000, 0x00000000c7b00000|100%| O|  |TAMS 0x00000000c7b00000, 0x00000000c7a00000| Untracked 
| 123|0x00000000c7b00000, 0x00000000c7c00000, 0x00000000c7c00000|100%| O|  |TAMS 0x00000000c7c00000, 0x00000000c7b00000| Untracked 
| 124|0x00000000c7c00000, 0x00000000c7d00000, 0x00000000c7d00000|100%| O|  |TAMS 0x00000000c7d00000, 0x00000000c7c00000| Untracked 
| 125|0x00000000c7d00000, 0x00000000c7e00000, 0x00000000c7e00000|100%| O|  |TAMS 0x00000000c7e00000, 0x00000000c7d00000| Untracked 
| 126|0x00000000c7e00000, 0x00000000c7f00000, 0x00000000c7f00000|100%| O|  |TAMS 0x00000000c7e00000, 0x00000000c7e00000| Untracked 
| 127|0x00000000c7f00000, 0x00000000c8000000, 0x00000000c8000000|100%| O|  |TAMS 0x00000000c8000000, 0x00000000c7f00000| Untracked 
| 128|0x00000000c8000000, 0x00000000c8100000, 0x00000000c8100000|100%| O|  |TAMS 0x00000000c8100000, 0x00000000c8000000| Untracked 
| 129|0x00000000c8100000, 0x00000000c8200000, 0x00000000c8200000|100%| O|  |TAMS 0x00000000c8200000, 0x00000000c8100000| Untracked 
| 130|0x00000000c8200000, 0x00000000c8300000, 0x00000000c8300000|100%|HS|  |TAMS 0x00000000c8300000, 0x00000000c8200000| Complete 
| 131|0x00000000c8300000, 0x00000000c8400000, 0x00000000c8400000|100%| O|  |TAMS 0x00000000c8400000, 0x00000000c8300000| Untracked 
| 132|0x00000000c8400000, 0x00000000c8500000, 0x00000000c8500000|100%| O|  |TAMS 0x00000000c8500000, 0x00000000c8400000| Untracked 
| 133|0x00000000c8500000, 0x00000000c8600000, 0x00000000c8600000|100%| O|  |TAMS 0x00000000c8600000, 0x00000000c8500000| Untracked 
| 134|0x00000000c8600000, 0x00000000c8700000, 0x00000000c8700000|100%| O|  |TAMS 0x00000000c8700000, 0x00000000c8600000| Untracked 
| 135|0x00000000c8700000, 0x00000000c8800000, 0x00000000c8800000|100%| O|  |TAMS 0x00000000c8800000, 0x00000000c8700000| Untracked 
| 136|0x00000000c8800000, 0x00000000c8900000, 0x00000000c8900000|100%| O|  |TAMS 0x00000000c8900000, 0x00000000c8800000| Untracked 
| 137|0x00000000c8900000, 0x00000000c8a00000, 0x00000000c8a00000|100%| O|  |TAMS 0x00000000c8a00000, 0x00000000c8900000| Untracked 
| 138|0x00000000c8a00000, 0x00000000c8b00000, 0x00000000c8b00000|100%| O|  |TAMS 0x00000000c8b00000, 0x00000000c8a00000| Untracked 
| 139|0x00000000c8b00000, 0x00000000c8c00000, 0x00000000c8c00000|100%| O|  |TAMS 0x00000000c8c00000, 0x00000000c8b00000| Untracked 
| 140|0x00000000c8c00000, 0x00000000c8d00000, 0x00000000c8d00000|100%| O|  |TAMS 0x00000000c8d00000, 0x00000000c8c00000| Untracked 
| 141|0x00000000c8d00000, 0x00000000c8e00000, 0x00000000c8e00000|100%| O|  |TAMS 0x00000000c8e00000, 0x00000000c8d00000| Untracked 
| 142|0x00000000c8e00000, 0x00000000c8f00000, 0x00000000c8f00000|100%| O|  |TAMS 0x00000000c8f00000, 0x00000000c8e00000| Untracked 
| 143|0x00000000c8f00000, 0x00000000c9000000, 0x00000000c9000000|100%| O|  |TAMS 0x00000000c9000000, 0x00000000c8f00000| Untracked 
| 144|0x00000000c9000000, 0x00000000c9100000, 0x00000000c9100000|100%| O|  |TAMS 0x00000000c9100000, 0x00000000c9000000| Untracked 
| 145|0x00000000c9100000, 0x00000000c9200000, 0x00000000c9200000|100%| O|  |TAMS 0x00000000c9200000, 0x00000000c9100000| Untracked 
| 146|0x00000000c9200000, 0x00000000c9300000, 0x00000000c9300000|100%| O|  |TAMS 0x00000000c9300000, 0x00000000c9200000| Untracked 
| 147|0x00000000c9300000, 0x00000000c9400000, 0x00000000c9400000|100%| O|  |TAMS 0x00000000c9400000, 0x00000000c9300000| Untracked 
| 148|0x00000000c9400000, 0x00000000c9500000, 0x00000000c9500000|100%| O|  |TAMS 0x00000000c9500000, 0x00000000c9400000| Untracked 
| 149|0x00000000c9500000, 0x00000000c9600000, 0x00000000c9600000|100%| O|  |TAMS 0x00000000c9600000, 0x00000000c9500000| Untracked 
| 150|0x00000000c9600000, 0x00000000c9700000, 0x00000000c9700000|100%| O|  |TAMS 0x00000000c9700000, 0x00000000c9600000| Untracked 
| 151|0x00000000c9700000, 0x00000000c9800000, 0x00000000c9800000|100%| O|  |TAMS 0x00000000c9800000, 0x00000000c9700000| Untracked 
| 152|0x00000000c9800000, 0x00000000c9900000, 0x00000000c9900000|100%| O|  |TAMS 0x00000000c9900000, 0x00000000c9800000| Untracked 
| 153|0x00000000c9900000, 0x00000000c9a00000, 0x00000000c9a00000|100%| O|  |TAMS 0x00000000c9a00000, 0x00000000c9900000| Untracked 
| 154|0x00000000c9a00000, 0x00000000c9b00000, 0x00000000c9b00000|100%| O|  |TAMS 0x00000000c9b00000, 0x00000000c9a00000| Untracked 
| 155|0x00000000c9b00000, 0x00000000c9c00000, 0x00000000c9c00000|100%|HS|  |TAMS 0x00000000c9c00000, 0x00000000c9b00000| Complete 
| 156|0x00000000c9c00000, 0x00000000c9d00000, 0x00000000c9d00000|100%|HC|  |TAMS 0x00000000c9d00000, 0x00000000c9c00000| Complete 
| 157|0x00000000c9d00000, 0x00000000c9e00000, 0x00000000c9e00000|100%| O|  |TAMS 0x00000000c9e00000, 0x00000000c9d00000| Untracked 
| 158|0x00000000c9e00000, 0x00000000c9f00000, 0x00000000c9f00000|100%| O|  |TAMS 0x00000000c9f00000, 0x00000000c9e00000| Untracked 
| 159|0x00000000c9f00000, 0x00000000ca000000, 0x00000000ca000000|100%| O|  |TAMS 0x00000000ca000000, 0x00000000c9f00000| Untracked 
| 160|0x00000000ca000000, 0x00000000ca100000, 0x00000000ca100000|100%| O|  |TAMS 0x00000000ca100000, 0x00000000ca000000| Untracked 
| 161|0x00000000ca100000, 0x00000000ca200000, 0x00000000ca200000|100%| O|  |TAMS 0x00000000ca200000, 0x00000000ca100000| Untracked 
| 162|0x00000000ca200000, 0x00000000ca300000, 0x00000000ca300000|100%| O|  |TAMS 0x00000000ca300000, 0x00000000ca200000| Untracked 
| 163|0x00000000ca300000, 0x00000000ca400000, 0x00000000ca400000|100%| O|  |TAMS 0x00000000ca400000, 0x00000000ca300000| Untracked 
| 164|0x00000000ca400000, 0x00000000ca500000, 0x00000000ca500000|100%| O|  |TAMS 0x00000000ca500000, 0x00000000ca400000| Untracked 
| 165|0x00000000ca500000, 0x00000000ca600000, 0x00000000ca600000|100%| O|  |TAMS 0x00000000ca600000, 0x00000000ca500000| Untracked 
| 166|0x00000000ca600000, 0x00000000ca700000, 0x00000000ca700000|100%| O|  |TAMS 0x00000000ca700000, 0x00000000ca600000| Untracked 
| 167|0x00000000ca700000, 0x00000000ca800000, 0x00000000ca800000|100%| O|  |TAMS 0x00000000ca800000, 0x00000000ca700000| Untracked 
| 168|0x00000000ca800000, 0x00000000ca900000, 0x00000000ca900000|100%| O|  |TAMS 0x00000000ca900000, 0x00000000ca800000| Untracked 
| 169|0x00000000ca900000, 0x00000000caa00000, 0x00000000caa00000|100%| O|  |TAMS 0x00000000caa00000, 0x00000000ca900000| Untracked 
| 170|0x00000000caa00000, 0x00000000cab00000, 0x00000000cab00000|100%| O|  |TAMS 0x00000000cab00000, 0x00000000caa00000| Untracked 
| 171|0x00000000cab00000, 0x00000000cac00000, 0x00000000cac00000|100%| O|  |TAMS 0x00000000cac00000, 0x00000000cab00000| Untracked 
| 172|0x00000000cac00000, 0x00000000cad00000, 0x00000000cad00000|100%| O|  |TAMS 0x00000000cad00000, 0x00000000cac00000| Untracked 
| 173|0x00000000cad00000, 0x00000000cae00000, 0x00000000cae00000|100%| O|  |TAMS 0x00000000cae00000, 0x00000000cad00000| Untracked 
| 174|0x00000000cae00000, 0x00000000caf00000, 0x00000000caf00000|100%| O|  |TAMS 0x00000000caf00000, 0x00000000cae00000| Untracked 
| 175|0x00000000caf00000, 0x00000000cb000000, 0x00000000cb000000|100%| O|  |TAMS 0x00000000cb000000, 0x00000000caf00000| Untracked 
| 176|0x00000000cb000000, 0x00000000cb100000, 0x00000000cb100000|100%| O|  |TAMS 0x00000000cb100000, 0x00000000cb000000| Untracked 
| 177|0x00000000cb100000, 0x00000000cb200000, 0x00000000cb200000|100%| O|  |TAMS 0x00000000cb200000, 0x00000000cb100000| Untracked 
| 178|0x00000000cb200000, 0x00000000cb300000, 0x00000000cb300000|100%| O|  |TAMS 0x00000000cb300000, 0x00000000cb200000| Untracked 
| 179|0x00000000cb300000, 0x00000000cb400000, 0x00000000cb400000|100%| O|  |TAMS 0x00000000cb400000, 0x00000000cb300000| Untracked 
| 180|0x00000000cb400000, 0x00000000cb500000, 0x00000000cb500000|100%| O|  |TAMS 0x00000000cb500000, 0x00000000cb400000| Untracked 
| 181|0x00000000cb500000, 0x00000000cb600000, 0x00000000cb600000|100%| O|  |TAMS 0x00000000cb600000, 0x00000000cb500000| Untracked 
| 182|0x00000000cb600000, 0x00000000cb700000, 0x00000000cb700000|100%| O|  |TAMS 0x00000000cb700000, 0x00000000cb600000| Untracked 
| 183|0x00000000cb700000, 0x00000000cb800000, 0x00000000cb800000|100%| O|  |TAMS 0x00000000cb800000, 0x00000000cb700000| Untracked 
| 184|0x00000000cb800000, 0x00000000cb900000, 0x00000000cb900000|100%| O|  |TAMS 0x00000000cb900000, 0x00000000cb800000| Untracked 
| 185|0x00000000cb900000, 0x00000000cba00000, 0x00000000cba00000|100%| O|  |TAMS 0x00000000cba00000, 0x00000000cb900000| Untracked 
| 186|0x00000000cba00000, 0x00000000cbb00000, 0x00000000cbb00000|100%| O|  |TAMS 0x00000000cbb00000, 0x00000000cba00000| Untracked 
| 187|0x00000000cbb00000, 0x00000000cbc00000, 0x00000000cbc00000|100%| O|  |TAMS 0x00000000cbc00000, 0x00000000cbb00000| Untracked 
| 188|0x00000000cbc00000, 0x00000000cbd00000, 0x00000000cbd00000|100%| O|  |TAMS 0x00000000cbd00000, 0x00000000cbc00000| Untracked 
| 189|0x00000000cbd00000, 0x00000000cbe00000, 0x00000000cbe00000|100%| O|  |TAMS 0x00000000cbe00000, 0x00000000cbd00000| Untracked 
| 190|0x00000000cbe00000, 0x00000000cbf00000, 0x00000000cbf00000|100%| O|  |TAMS 0x00000000cbf00000, 0x00000000cbe00000| Untracked 
| 191|0x00000000cbf00000, 0x00000000cc000000, 0x00000000cc000000|100%| O|  |TAMS 0x00000000cc000000, 0x00000000cbf00000| Untracked 
| 192|0x00000000cc000000, 0x00000000cc100000, 0x00000000cc100000|100%| O|  |TAMS 0x00000000cc100000, 0x00000000cc000000| Untracked 
| 193|0x00000000cc100000, 0x00000000cc200000, 0x00000000cc200000|100%|HS|  |TAMS 0x00000000cc200000, 0x00000000cc100000| Complete 
| 194|0x00000000cc200000, 0x00000000cc300000, 0x00000000cc300000|100%|HC|  |TAMS 0x00000000cc300000, 0x00000000cc200000| Complete 
| 195|0x00000000cc300000, 0x00000000cc400000, 0x00000000cc400000|100%| O|  |TAMS 0x00000000cc400000, 0x00000000cc300000| Untracked 
| 196|0x00000000cc400000, 0x00000000cc500000, 0x00000000cc500000|100%| O|  |TAMS 0x00000000cc500000, 0x00000000cc400000| Untracked 
| 197|0x00000000cc500000, 0x00000000cc600000, 0x00000000cc600000|100%| O|  |TAMS 0x00000000cc600000, 0x00000000cc500000| Untracked 
| 198|0x00000000cc600000, 0x00000000cc700000, 0x00000000cc700000|100%| O|  |TAMS 0x00000000cc700000, 0x00000000cc600000| Untracked 
| 199|0x00000000cc700000, 0x00000000cc800000, 0x00000000cc800000|100%| O|  |TAMS 0x00000000cc800000, 0x00000000cc700000| Untracked 
| 200|0x00000000cc800000, 0x00000000cc900000, 0x00000000cc900000|100%| O|  |TAMS 0x00000000cc900000, 0x00000000cc800000| Untracked 
| 201|0x00000000cc900000, 0x00000000cca00000, 0x00000000cca00000|100%| O|  |TAMS 0x00000000cca00000, 0x00000000cc900000| Untracked 
| 202|0x00000000cca00000, 0x00000000ccb00000, 0x00000000ccb00000|100%| O|  |TAMS 0x00000000ccb00000, 0x00000000cca00000| Untracked 
| 203|0x00000000ccb00000, 0x00000000ccc00000, 0x00000000ccc00000|100%| O|  |TAMS 0x00000000ccc00000, 0x00000000ccb00000| Untracked 
| 204|0x00000000ccc00000, 0x00000000ccd00000, 0x00000000ccd00000|100%| O|  |TAMS 0x00000000ccd00000, 0x00000000ccc00000| Untracked 
| 205|0x00000000ccd00000, 0x00000000cce00000, 0x00000000cce00000|100%| O|  |TAMS 0x00000000cce00000, 0x00000000ccd00000| Untracked 
| 206|0x00000000cce00000, 0x00000000ccf00000, 0x00000000ccf00000|100%| O|  |TAMS 0x00000000ccf00000, 0x00000000cce00000| Untracked 
| 207|0x00000000ccf00000, 0x00000000cd000000, 0x00000000cd000000|100%| O|  |TAMS 0x00000000cd000000, 0x00000000ccf00000| Untracked 
| 208|0x00000000cd000000, 0x00000000cd100000, 0x00000000cd100000|100%| O|  |TAMS 0x00000000cd000000, 0x00000000cd000000| Untracked 
| 209|0x00000000cd100000, 0x00000000cd200000, 0x00000000cd200000|100%|HS|  |TAMS 0x00000000cd200000, 0x00000000cd100000| Complete 
| 210|0x00000000cd200000, 0x00000000cd300000, 0x00000000cd300000|100%|HC|  |TAMS 0x00000000cd300000, 0x00000000cd200000| Complete 
| 211|0x00000000cd300000, 0x00000000cd400000, 0x00000000cd400000|100%|HC|  |TAMS 0x00000000cd400000, 0x00000000cd300000| Complete 
| 212|0x00000000cd400000, 0x00000000cd500000, 0x00000000cd500000|100%|HC|  |TAMS 0x00000000cd500000, 0x00000000cd400000| Complete 
| 213|0x00000000cd500000, 0x00000000cd600000, 0x00000000cd600000|100%|HC|  |TAMS 0x00000000cd600000, 0x00000000cd500000| Complete 
| 214|0x00000000cd600000, 0x00000000cd700000, 0x00000000cd700000|100%| O|  |TAMS 0x00000000cd700000, 0x00000000cd600000| Untracked 
| 215|0x00000000cd700000, 0x00000000cd800000, 0x00000000cd800000|100%| O|  |TAMS 0x00000000cd800000, 0x00000000cd700000| Untracked 
| 216|0x00000000cd800000, 0x00000000cd900000, 0x00000000cd900000|100%| O|  |TAMS 0x00000000cd900000, 0x00000000cd800000| Untracked 
| 217|0x00000000cd900000, 0x00000000cda00000, 0x00000000cda00000|100%| O|  |TAMS 0x00000000cda00000, 0x00000000cd900000| Untracked 
| 218|0x00000000cda00000, 0x00000000cdb00000, 0x00000000cdb00000|100%| O|  |TAMS 0x00000000cdb00000, 0x00000000cda00000| Untracked 
| 219|0x00000000cdb00000, 0x00000000cdc00000, 0x00000000cdc00000|100%| O|  |TAMS 0x00000000cdc00000, 0x00000000cdb00000| Untracked 
| 220|0x00000000cdc00000, 0x00000000cdd00000, 0x00000000cdd00000|100%| O|  |TAMS 0x00000000cdd00000, 0x00000000cdc00000| Untracked 
| 221|0x00000000cdd00000, 0x00000000cde00000, 0x00000000cde00000|100%| O|  |TAMS 0x00000000cde00000, 0x00000000cdd00000| Untracked 
| 222|0x00000000cde00000, 0x00000000cdf00000, 0x00000000cdf00000|100%| O|  |TAMS 0x00000000cdf00000, 0x00000000cde00000| Untracked 
| 223|0x00000000cdf00000, 0x00000000ce000000, 0x00000000ce000000|100%| O|  |TAMS 0x00000000ce000000, 0x00000000cdf00000| Untracked 
| 224|0x00000000ce000000, 0x00000000ce100000, 0x00000000ce100000|100%| O|  |TAMS 0x00000000ce100000, 0x00000000ce000000| Untracked 
| 225|0x00000000ce100000, 0x00000000ce200000, 0x00000000ce200000|100%| O|  |TAMS 0x00000000ce200000, 0x00000000ce100000| Untracked 
| 226|0x00000000ce200000, 0x00000000ce300000, 0x00000000ce300000|100%| O|  |TAMS 0x00000000ce300000, 0x00000000ce200000| Untracked 
| 227|0x00000000ce300000, 0x00000000ce400000, 0x00000000ce400000|100%| O|  |TAMS 0x00000000ce400000, 0x00000000ce300000| Untracked 
| 228|0x00000000ce400000, 0x00000000ce500000, 0x00000000ce500000|100%| O|  |TAMS 0x00000000ce500000, 0x00000000ce400000| Untracked 
| 229|0x00000000ce500000, 0x00000000ce600000, 0x00000000ce600000|100%| O|  |TAMS 0x00000000ce600000, 0x00000000ce500000| Untracked 
| 230|0x00000000ce600000, 0x00000000ce700000, 0x00000000ce700000|100%| O|  |TAMS 0x00000000ce700000, 0x00000000ce600000| Untracked 
| 231|0x00000000ce700000, 0x00000000ce800000, 0x00000000ce800000|100%| O|  |TAMS 0x00000000ce800000, 0x00000000ce700000| Untracked 
| 232|0x00000000ce800000, 0x00000000ce900000, 0x00000000ce900000|100%| O|  |TAMS 0x00000000ce900000, 0x00000000ce800000| Untracked 
| 233|0x00000000ce900000, 0x00000000cea00000, 0x00000000cea00000|100%| O|  |TAMS 0x00000000cea00000, 0x00000000ce900000| Untracked 
| 234|0x00000000cea00000, 0x00000000ceb00000, 0x00000000ceb00000|100%| O|  |TAMS 0x00000000ceb00000, 0x00000000cea00000| Untracked 
| 235|0x00000000ceb00000, 0x00000000cec00000, 0x00000000cec00000|100%| O|  |TAMS 0x00000000cec00000, 0x00000000ceb00000| Untracked 
| 236|0x00000000cec00000, 0x00000000ced00000, 0x00000000ced00000|100%| O|  |TAMS 0x00000000ced00000, 0x00000000cec00000| Untracked 
| 237|0x00000000ced00000, 0x00000000cee00000, 0x00000000cee00000|100%| O|  |TAMS 0x00000000cee00000, 0x00000000ced00000| Untracked 
| 238|0x00000000cee00000, 0x00000000cef00000, 0x00000000cef00000|100%| O|  |TAMS 0x00000000cef00000, 0x00000000cee00000| Untracked 
| 239|0x00000000cef00000, 0x00000000cf000000, 0x00000000cf000000|100%| O|  |TAMS 0x00000000cf000000, 0x00000000cef00000| Untracked 
| 240|0x00000000cf000000, 0x00000000cf100000, 0x00000000cf100000|100%| O|  |TAMS 0x00000000cf100000, 0x00000000cf000000| Untracked 
| 241|0x00000000cf100000, 0x00000000cf200000, 0x00000000cf200000|100%| O|  |TAMS 0x00000000cf200000, 0x00000000cf100000| Untracked 
| 242|0x00000000cf200000, 0x00000000cf300000, 0x00000000cf300000|100%| O|  |TAMS 0x00000000cf300000, 0x00000000cf200000| Untracked 
| 243|0x00000000cf300000, 0x00000000cf400000, 0x00000000cf400000|100%| O|  |TAMS 0x00000000cf400000, 0x00000000cf300000| Untracked 
| 244|0x00000000cf400000, 0x00000000cf500000, 0x00000000cf500000|100%| O|  |TAMS 0x00000000cf500000, 0x00000000cf400000| Untracked 
| 245|0x00000000cf500000, 0x00000000cf600000, 0x00000000cf600000|100%| O|  |TAMS 0x00000000cf600000, 0x00000000cf500000| Untracked 
| 246|0x00000000cf600000, 0x00000000cf700000, 0x00000000cf700000|100%| O|  |TAMS 0x00000000cf700000, 0x00000000cf600000| Untracked 
| 247|0x00000000cf700000, 0x00000000cf800000, 0x00000000cf800000|100%| O|  |TAMS 0x00000000cf800000, 0x00000000cf700000| Untracked 
| 248|0x00000000cf800000, 0x00000000cf900000, 0x00000000cf900000|100%| O|  |TAMS 0x00000000cf900000, 0x00000000cf800000| Untracked 
| 249|0x00000000cf900000, 0x00000000cfa00000, 0x00000000cfa00000|100%| O|  |TAMS 0x00000000cfa00000, 0x00000000cf900000| Untracked 
| 250|0x00000000cfa00000, 0x00000000cfb00000, 0x00000000cfb00000|100%| O|  |TAMS 0x00000000cfb00000, 0x00000000cfa00000| Untracked 
| 251|0x00000000cfb00000, 0x00000000cfc00000, 0x00000000cfc00000|100%| O|  |TAMS 0x00000000cfc00000, 0x00000000cfb00000| Untracked 
| 252|0x00000000cfc00000, 0x00000000cfd00000, 0x00000000cfd00000|100%| O|  |TAMS 0x00000000cfd00000, 0x00000000cfc00000| Untracked 
| 253|0x00000000cfd00000, 0x00000000cfe00000, 0x00000000cfe00000|100%| O|  |TAMS 0x00000000cfe00000, 0x00000000cfd00000| Untracked 
| 254|0x00000000cfe00000, 0x00000000cff00000, 0x00000000cff00000|100%| O|  |TAMS 0x00000000cff00000, 0x00000000cfe00000| Untracked 
| 255|0x00000000cff00000, 0x00000000d0000000, 0x00000000d0000000|100%| O|  |TAMS 0x00000000d0000000, 0x00000000cff00000| Untracked 
| 256|0x00000000d0000000, 0x00000000d0100000, 0x00000000d0100000|100%| O|  |TAMS 0x00000000d0100000, 0x00000000d0000000| Untracked 
| 257|0x00000000d0100000, 0x00000000d0200000, 0x00000000d0200000|100%| O|  |TAMS 0x00000000d0200000, 0x00000000d0100000| Untracked 
| 258|0x00000000d0200000, 0x00000000d0300000, 0x00000000d0300000|100%| O|  |TAMS 0x00000000d0300000, 0x00000000d0200000| Untracked 
| 259|0x00000000d0300000, 0x00000000d0400000, 0x00000000d0400000|100%| O|  |TAMS 0x00000000d0400000, 0x00000000d0300000| Untracked 
| 260|0x00000000d0400000, 0x00000000d0500000, 0x00000000d0500000|100%| O|  |TAMS 0x00000000d0500000, 0x00000000d0400000| Untracked 
| 261|0x00000000d0500000, 0x00000000d0600000, 0x00000000d0600000|100%| O|  |TAMS 0x00000000d0600000, 0x00000000d0500000| Untracked 
| 262|0x00000000d0600000, 0x00000000d0700000, 0x00000000d0700000|100%| O|  |TAMS 0x00000000d0700000, 0x00000000d0600000| Untracked 
| 263|0x00000000d0700000, 0x00000000d0800000, 0x00000000d0800000|100%| O|  |TAMS 0x00000000d0700000, 0x00000000d0700000| Untracked 
| 264|0x00000000d0800000, 0x00000000d0900000, 0x00000000d0900000|100%| O|  |TAMS 0x00000000d0900000, 0x00000000d0800000| Untracked 
| 265|0x00000000d0900000, 0x00000000d0a00000, 0x00000000d0a00000|100%| O|  |TAMS 0x00000000d0a00000, 0x00000000d0900000| Untracked 
| 266|0x00000000d0a00000, 0x00000000d0b00000, 0x00000000d0b00000|100%| O|  |TAMS 0x00000000d0b00000, 0x00000000d0a00000| Untracked 
| 267|0x00000000d0b00000, 0x00000000d0c00000, 0x00000000d0c00000|100%| O|  |TAMS 0x00000000d0c00000, 0x00000000d0b00000| Untracked 
| 268|0x00000000d0c00000, 0x00000000d0d00000, 0x00000000d0d00000|100%| O|  |TAMS 0x00000000d0d00000, 0x00000000d0c00000| Untracked 
| 269|0x00000000d0d00000, 0x00000000d0e00000, 0x00000000d0e00000|100%| O|  |TAMS 0x00000000d0e00000, 0x00000000d0d00000| Untracked 
| 270|0x00000000d0e00000, 0x00000000d0f00000, 0x00000000d0f00000|100%| O|  |TAMS 0x00000000d0f00000, 0x00000000d0e00000| Untracked 
| 271|0x00000000d0f00000, 0x00000000d1000000, 0x00000000d1000000|100%| O|  |TAMS 0x00000000d1000000, 0x00000000d0f00000| Untracked 
| 272|0x00000000d1000000, 0x00000000d1100000, 0x00000000d1100000|100%| O|  |TAMS 0x00000000d1100000, 0x00000000d1000000| Untracked 
| 273|0x00000000d1100000, 0x00000000d1200000, 0x00000000d1200000|100%| O|  |TAMS 0x00000000d1100000, 0x00000000d1100000| Untracked 
| 274|0x00000000d1200000, 0x00000000d1300000, 0x00000000d1300000|100%| O|  |TAMS 0x00000000d1200000, 0x00000000d1200000| Untracked 
| 275|0x00000000d1300000, 0x00000000d1400000, 0x00000000d1400000|100%| O|  |TAMS 0x00000000d1400000, 0x00000000d1300000| Untracked 
| 276|0x00000000d1400000, 0x00000000d1500000, 0x00000000d1500000|100%| O|  |TAMS 0x00000000d1500000, 0x00000000d1400000| Untracked 
| 277|0x00000000d1500000, 0x00000000d1600000, 0x00000000d1600000|100%| O|  |TAMS 0x00000000d1600000, 0x00000000d1500000| Untracked 
| 278|0x00000000d1600000, 0x00000000d1700000, 0x00000000d1700000|100%| O|  |TAMS 0x00000000d1700000, 0x00000000d1600000| Untracked 
| 279|0x00000000d1700000, 0x00000000d1800000, 0x00000000d1800000|100%| O|  |TAMS 0x00000000d1800000, 0x00000000d1700000| Untracked 
| 280|0x00000000d1800000, 0x00000000d1900000, 0x00000000d1900000|100%| O|  |TAMS 0x00000000d1900000, 0x00000000d1800000| Untracked 
| 281|0x00000000d1900000, 0x00000000d1a00000, 0x00000000d1a00000|100%| O|  |TAMS 0x00000000d1a00000, 0x00000000d1900000| Untracked 
| 282|0x00000000d1a00000, 0x00000000d1b00000, 0x00000000d1b00000|100%| O|  |TAMS 0x00000000d1b00000, 0x00000000d1a00000| Untracked 
| 283|0x00000000d1b00000, 0x00000000d1c00000, 0x00000000d1c00000|100%| O|  |TAMS 0x00000000d1c00000, 0x00000000d1b00000| Untracked 
| 284|0x00000000d1c00000, 0x00000000d1d00000, 0x00000000d1d00000|100%| O|  |TAMS 0x00000000d1d00000, 0x00000000d1c00000| Untracked 
| 285|0x00000000d1d00000, 0x00000000d1e00000, 0x00000000d1e00000|100%| O|  |TAMS 0x00000000d1e00000, 0x00000000d1d00000| Untracked 
| 286|0x00000000d1e00000, 0x00000000d1f00000, 0x00000000d1f00000|100%| O|  |TAMS 0x00000000d1f00000, 0x00000000d1e00000| Untracked 
| 287|0x00000000d1f00000, 0x00000000d2000000, 0x00000000d2000000|100%| O|  |TAMS 0x00000000d2000000, 0x00000000d1f00000| Untracked 
| 288|0x00000000d2000000, 0x00000000d2100000, 0x00000000d2100000|100%| O|  |TAMS 0x00000000d2100000, 0x00000000d2000000| Untracked 
| 289|0x00000000d2100000, 0x00000000d2200000, 0x00000000d2200000|100%| O|  |TAMS 0x00000000d2200000, 0x00000000d2100000| Untracked 
| 290|0x00000000d2200000, 0x00000000d2300000, 0x00000000d2300000|100%| O|  |TAMS 0x00000000d2300000, 0x00000000d2200000| Untracked 
| 291|0x00000000d2300000, 0x00000000d2400000, 0x00000000d2400000|100%| O|  |TAMS 0x00000000d2400000, 0x00000000d2300000| Untracked 
| 292|0x00000000d2400000, 0x00000000d2500000, 0x00000000d2500000|100%| O|  |TAMS 0x00000000d2500000, 0x00000000d2400000| Untracked 
| 293|0x00000000d2500000, 0x00000000d2600000, 0x00000000d2600000|100%| O|  |TAMS 0x00000000d2600000, 0x00000000d2500000| Untracked 
| 294|0x00000000d2600000, 0x00000000d2700000, 0x00000000d2700000|100%| O|  |TAMS 0x00000000d2700000, 0x00000000d2600000| Untracked 
| 295|0x00000000d2700000, 0x00000000d2800000, 0x00000000d2800000|100%| O|  |TAMS 0x00000000d2800000, 0x00000000d2700000| Untracked 
| 296|0x00000000d2800000, 0x00000000d2900000, 0x00000000d2900000|100%| O|  |TAMS 0x00000000d2900000, 0x00000000d2800000| Untracked 
| 297|0x00000000d2900000, 0x00000000d2a00000, 0x00000000d2a00000|100%| O|  |TAMS 0x00000000d2a00000, 0x00000000d2900000| Untracked 
| 298|0x00000000d2a00000, 0x00000000d2b00000, 0x00000000d2b00000|100%| O|  |TAMS 0x00000000d2b00000, 0x00000000d2a00000| Untracked 
| 299|0x00000000d2b00000, 0x00000000d2c00000, 0x00000000d2c00000|100%| O|  |TAMS 0x00000000d2c00000, 0x00000000d2b00000| Untracked 
| 300|0x00000000d2c00000, 0x00000000d2d00000, 0x00000000d2d00000|100%| O|  |TAMS 0x00000000d2d00000, 0x00000000d2c00000| Untracked 
| 301|0x00000000d2d00000, 0x00000000d2e00000, 0x00000000d2e00000|100%| O|  |TAMS 0x00000000d2d00000, 0x00000000d2d00000| Untracked 
| 302|0x00000000d2e00000, 0x00000000d2f00000, 0x00000000d2f00000|100%| O|  |TAMS 0x00000000d2f00000, 0x00000000d2e00000| Untracked 
| 303|0x00000000d2f00000, 0x00000000d3000000, 0x00000000d3000000|100%| O|  |TAMS 0x00000000d2f00000, 0x00000000d2f00000| Untracked 
| 304|0x00000000d3000000, 0x00000000d3100000, 0x00000000d3100000|100%|HS|  |TAMS 0x00000000d3100000, 0x00000000d3000000| Complete 
| 305|0x00000000d3100000, 0x00000000d3200000, 0x00000000d3200000|100%|HC|  |TAMS 0x00000000d3200000, 0x00000000d3100000| Complete 
| 306|0x00000000d3200000, 0x00000000d3300000, 0x00000000d3300000|100%|HC|  |TAMS 0x00000000d3300000, 0x00000000d3200000| Complete 
| 307|0x00000000d3300000, 0x00000000d3400000, 0x00000000d3400000|100%| O|  |TAMS 0x00000000d3400000, 0x00000000d3300000| Untracked 
| 308|0x00000000d3400000, 0x00000000d3500000, 0x00000000d3500000|100%| O|  |TAMS 0x00000000d3500000, 0x00000000d3400000| Untracked 
| 309|0x00000000d3500000, 0x00000000d3600000, 0x00000000d3600000|100%| O|  |TAMS 0x00000000d3600000, 0x00000000d3500000| Untracked 
| 310|0x00000000d3600000, 0x00000000d3700000, 0x00000000d3700000|100%| O|  |TAMS 0x00000000d3700000, 0x00000000d3600000| Untracked 
| 311|0x00000000d3700000, 0x00000000d3800000, 0x00000000d3800000|100%| O|  |TAMS 0x00000000d3800000, 0x00000000d3700000| Untracked 
| 312|0x00000000d3800000, 0x00000000d3900000, 0x00000000d3900000|100%| O|  |TAMS 0x00000000d3900000, 0x00000000d3800000| Untracked 
| 313|0x00000000d3900000, 0x00000000d3a00000, 0x00000000d3a00000|100%| O|  |TAMS 0x00000000d3a00000, 0x00000000d3900000| Untracked 
| 314|0x00000000d3a00000, 0x00000000d3b00000, 0x00000000d3b00000|100%|HS|  |TAMS 0x00000000d3b00000, 0x00000000d3a00000| Complete 
| 315|0x00000000d3b00000, 0x00000000d3c00000, 0x00000000d3c00000|100%| O|  |TAMS 0x00000000d3c00000, 0x00000000d3b00000| Untracked 
| 316|0x00000000d3c00000, 0x00000000d3d00000, 0x00000000d3d00000|100%| O|  |TAMS 0x00000000d3d00000, 0x00000000d3c00000| Untracked 
| 317|0x00000000d3d00000, 0x00000000d3e00000, 0x00000000d3e00000|100%| O|  |TAMS 0x00000000d3e00000, 0x00000000d3d00000| Untracked 
| 318|0x00000000d3e00000, 0x00000000d3f00000, 0x00000000d3f00000|100%| O|  |TAMS 0x00000000d3f00000, 0x00000000d3e00000| Untracked 
| 319|0x00000000d3f00000, 0x00000000d4000000, 0x00000000d4000000|100%| O|  |TAMS 0x00000000d4000000, 0x00000000d3f00000| Untracked 
| 320|0x00000000d4000000, 0x00000000d4100000, 0x00000000d4100000|100%| O|  |TAMS 0x00000000d4100000, 0x00000000d4000000| Untracked 
| 321|0x00000000d4100000, 0x00000000d4200000, 0x00000000d4200000|100%| O|  |TAMS 0x00000000d4200000, 0x00000000d4100000| Untracked 
| 322|0x00000000d4200000, 0x00000000d4300000, 0x00000000d4300000|100%| O|  |TAMS 0x00000000d4300000, 0x00000000d4200000| Untracked 
| 323|0x00000000d4300000, 0x00000000d4400000, 0x00000000d4400000|100%| O|  |TAMS 0x00000000d4400000, 0x00000000d4300000| Untracked 
| 324|0x00000000d4400000, 0x00000000d4500000, 0x00000000d4500000|100%| O|  |TAMS 0x00000000d4500000, 0x00000000d4400000| Untracked 
| 325|0x00000000d4500000, 0x00000000d4600000, 0x00000000d4600000|100%| O|  |TAMS 0x00000000d4600000, 0x00000000d4500000| Untracked 
| 326|0x00000000d4600000, 0x00000000d4700000, 0x00000000d4700000|100%| O|  |TAMS 0x00000000d4700000, 0x00000000d4600000| Untracked 
| 327|0x00000000d4700000, 0x00000000d4800000, 0x00000000d4800000|100%| O|  |TAMS 0x00000000d4800000, 0x00000000d4700000| Untracked 
| 328|0x00000000d4800000, 0x00000000d4900000, 0x00000000d4900000|100%| O|  |TAMS 0x00000000d4900000, 0x00000000d4800000| Untracked 
| 329|0x00000000d4900000, 0x00000000d4a00000, 0x00000000d4a00000|100%| O|  |TAMS 0x00000000d4a00000, 0x00000000d4900000| Untracked 
| 330|0x00000000d4a00000, 0x00000000d4b00000, 0x00000000d4b00000|100%| O|  |TAMS 0x00000000d4b00000, 0x00000000d4a00000| Untracked 
| 331|0x00000000d4b00000, 0x00000000d4c00000, 0x00000000d4c00000|100%| O|  |TAMS 0x00000000d4c00000, 0x00000000d4b00000| Untracked 
| 332|0x00000000d4c00000, 0x00000000d4d00000, 0x00000000d4d00000|100%| O|  |TAMS 0x00000000d4d00000, 0x00000000d4c00000| Untracked 
| 333|0x00000000d4d00000, 0x00000000d4e00000, 0x00000000d4e00000|100%| O|  |TAMS 0x00000000d4e00000, 0x00000000d4d00000| Untracked 
| 334|0x00000000d4e00000, 0x00000000d4f00000, 0x00000000d4f00000|100%| O|  |TAMS 0x00000000d4f00000, 0x00000000d4e00000| Untracked 
| 335|0x00000000d4f00000, 0x00000000d5000000, 0x00000000d5000000|100%| O|  |TAMS 0x00000000d5000000, 0x00000000d4f00000| Untracked 
| 336|0x00000000d5000000, 0x00000000d5100000, 0x00000000d5100000|100%| O|  |TAMS 0x00000000d5100000, 0x00000000d5000000| Untracked 
| 337|0x00000000d5100000, 0x00000000d5200000, 0x00000000d5200000|100%| O|  |TAMS 0x00000000d5200000, 0x00000000d5100000| Untracked 
| 338|0x00000000d5200000, 0x00000000d5300000, 0x00000000d5300000|100%| O|  |TAMS 0x00000000d5300000, 0x00000000d5200000| Untracked 
| 339|0x00000000d5300000, 0x00000000d5400000, 0x00000000d5400000|100%| O|  |TAMS 0x00000000d5400000, 0x00000000d5300000| Untracked 
| 340|0x00000000d5400000, 0x00000000d5500000, 0x00000000d5500000|100%| O|  |TAMS 0x00000000d5500000, 0x00000000d5400000| Untracked 
| 341|0x00000000d5500000, 0x00000000d5600000, 0x00000000d5600000|100%| O|  |TAMS 0x00000000d5600000, 0x00000000d5500000| Untracked 
| 342|0x00000000d5600000, 0x00000000d5700000, 0x00000000d5700000|100%| O|  |TAMS 0x00000000d5700000, 0x00000000d5600000| Untracked 
| 343|0x00000000d5700000, 0x00000000d5800000, 0x00000000d5800000|100%| O|  |TAMS 0x00000000d5800000, 0x00000000d5700000| Untracked 
| 344|0x00000000d5800000, 0x00000000d5900000, 0x00000000d5900000|100%| O|  |TAMS 0x00000000d5900000, 0x00000000d5800000| Untracked 
| 345|0x00000000d5900000, 0x00000000d5a00000, 0x00000000d5a00000|100%| O|  |TAMS 0x00000000d5a00000, 0x00000000d5900000| Untracked 
| 346|0x00000000d5a00000, 0x00000000d5b00000, 0x00000000d5b00000|100%| O|  |TAMS 0x00000000d5b00000, 0x00000000d5a00000| Untracked 
| 347|0x00000000d5b00000, 0x00000000d5c00000, 0x00000000d5c00000|100%| O|  |TAMS 0x00000000d5c00000, 0x00000000d5b00000| Untracked 
| 348|0x00000000d5c00000, 0x00000000d5d00000, 0x00000000d5d00000|100%| O|  |TAMS 0x00000000d5d00000, 0x00000000d5c00000| Untracked 
| 349|0x00000000d5d00000, 0x00000000d5e00000, 0x00000000d5e00000|100%| O|  |TAMS 0x00000000d5e00000, 0x00000000d5d00000| Untracked 
| 350|0x00000000d5e00000, 0x00000000d5f00000, 0x00000000d5f00000|100%| O|  |TAMS 0x00000000d5e00000, 0x00000000d5e00000| Untracked 
| 351|0x00000000d5f00000, 0x00000000d6000000, 0x00000000d6000000|100%| O|  |TAMS 0x00000000d5f00000, 0x00000000d5f00000| Untracked 
| 352|0x00000000d6000000, 0x00000000d6100000, 0x00000000d6100000|100%| O|  |TAMS 0x00000000d6000000, 0x00000000d6000000| Untracked 
| 353|0x00000000d6100000, 0x00000000d6200000, 0x00000000d6200000|100%|HS|  |TAMS 0x00000000d6100000, 0x00000000d6100000| Complete 
| 354|0x00000000d6200000, 0x00000000d6300000, 0x00000000d6300000|100%|HC|  |TAMS 0x00000000d6200000, 0x00000000d6200000| Complete 
| 355|0x00000000d6300000, 0x00000000d6400000, 0x00000000d6400000|100%|HC|  |TAMS 0x00000000d6300000, 0x00000000d6300000| Complete 
| 356|0x00000000d6400000, 0x00000000d6500000, 0x00000000d6500000|100%|HC|  |TAMS 0x00000000d6400000, 0x00000000d6400000| Complete 
| 357|0x00000000d6500000, 0x00000000d6600000, 0x00000000d6600000|100%| O|  |TAMS 0x00000000d6500000, 0x00000000d6500000| Untracked 
| 358|0x00000000d6600000, 0x00000000d6700000, 0x00000000d6700000|100%| O|  |TAMS 0x00000000d6600000, 0x00000000d6600000| Untracked 
| 359|0x00000000d6700000, 0x00000000d6800000, 0x00000000d6800000|100%| O|  |TAMS 0x00000000d6700000, 0x00000000d6700000| Untracked 
| 360|0x00000000d6800000, 0x00000000d6900000, 0x00000000d6900000|100%| O|  |TAMS 0x00000000d6800000, 0x00000000d6800000| Untracked 
| 361|0x00000000d6900000, 0x00000000d6a00000, 0x00000000d6a00000|100%| O|  |TAMS 0x00000000d6900000, 0x00000000d6900000| Untracked 
| 362|0x00000000d6a00000, 0x00000000d6b00000, 0x00000000d6b00000|100%| O|  |TAMS 0x00000000d6a00000, 0x00000000d6a00000| Untracked 
| 363|0x00000000d6b00000, 0x00000000d6c00000, 0x00000000d6c00000|100%| O|  |TAMS 0x00000000d6b00000, 0x00000000d6b00000| Untracked 
| 364|0x00000000d6c00000, 0x00000000d6d00000, 0x00000000d6d00000|100%| O|  |TAMS 0x00000000d6c00000, 0x00000000d6c00000| Untracked 
| 365|0x00000000d6d00000, 0x00000000d6e00000, 0x00000000d6e00000|100%| O|  |TAMS 0x00000000d6d00000, 0x00000000d6d00000| Untracked 
| 366|0x00000000d6e00000, 0x00000000d6f00000, 0x00000000d6f00000|100%| O|  |TAMS 0x00000000d6e00000, 0x00000000d6e00000| Untracked 
| 367|0x00000000d6f00000, 0x00000000d7000000, 0x00000000d7000000|100%| O|  |TAMS 0x00000000d6f00000, 0x00000000d6f00000| Untracked 
| 368|0x00000000d7000000, 0x00000000d7100000, 0x00000000d7100000|100%| O|  |TAMS 0x00000000d7000000, 0x00000000d7000000| Untracked 
| 369|0x00000000d7100000, 0x00000000d7200000, 0x00000000d7200000|100%| O|  |TAMS 0x00000000d7100000, 0x00000000d7100000| Untracked 
| 370|0x00000000d7200000, 0x00000000d7300000, 0x00000000d7300000|100%| O|  |TAMS 0x00000000d7200000, 0x00000000d7200000| Untracked 
| 371|0x00000000d7300000, 0x00000000d7400000, 0x00000000d7400000|100%| O|  |TAMS 0x00000000d7300000, 0x00000000d7300000| Untracked 
| 372|0x00000000d7400000, 0x00000000d7500000, 0x00000000d7500000|100%| O|  |TAMS 0x00000000d7400000, 0x00000000d7400000| Untracked 
| 373|0x00000000d7500000, 0x00000000d7600000, 0x00000000d7600000|100%| O|  |TAMS 0x00000000d7500000, 0x00000000d7500000| Untracked 
| 374|0x00000000d7600000, 0x00000000d7700000, 0x00000000d7700000|100%| O|  |TAMS 0x00000000d7600000, 0x00000000d7600000| Untracked 
| 375|0x00000000d7700000, 0x00000000d7800000, 0x00000000d7800000|100%| O|  |TAMS 0x00000000d7700000, 0x00000000d7700000| Untracked 
| 376|0x00000000d7800000, 0x00000000d7900000, 0x00000000d7900000|100%| O|  |TAMS 0x00000000d7800000, 0x00000000d7800000| Untracked 
| 377|0x00000000d7900000, 0x00000000d7a00000, 0x00000000d7a00000|100%| O|  |TAMS 0x00000000d7900000, 0x00000000d7900000| Untracked 
| 378|0x00000000d7a00000, 0x00000000d7b00000, 0x00000000d7b00000|100%| O|  |TAMS 0x00000000d7a00000, 0x00000000d7a00000| Untracked 
| 379|0x00000000d7b00000, 0x00000000d7c00000, 0x00000000d7c00000|100%| O|  |TAMS 0x00000000d7b00000, 0x00000000d7b00000| Untracked 
| 380|0x00000000d7c00000, 0x00000000d7d00000, 0x00000000d7d00000|100%| O|  |TAMS 0x00000000d7c00000, 0x00000000d7c00000| Untracked 
| 381|0x00000000d7d00000, 0x00000000d7e00000, 0x00000000d7e00000|100%| O|  |TAMS 0x00000000d7d00000, 0x00000000d7d00000| Untracked 
| 382|0x00000000d7e00000, 0x00000000d7f00000, 0x00000000d7f00000|100%| O|  |TAMS 0x00000000d7e00000, 0x00000000d7e00000| Untracked 
| 383|0x00000000d7f00000, 0x00000000d8000000, 0x00000000d8000000|100%| O|  |TAMS 0x00000000d7f00000, 0x00000000d7f00000| Untracked 
| 384|0x00000000d8000000, 0x00000000d8100000, 0x00000000d8100000|100%| O|  |TAMS 0x00000000d8000000, 0x00000000d8000000| Untracked 
| 385|0x00000000d8100000, 0x00000000d8200000, 0x00000000d8200000|100%| O|  |TAMS 0x00000000d8100000, 0x00000000d8100000| Untracked 
| 386|0x00000000d8200000, 0x00000000d8300000, 0x00000000d8300000|100%| O|  |TAMS 0x00000000d8200000, 0x00000000d8200000| Untracked 
| 387|0x00000000d8300000, 0x00000000d8400000, 0x00000000d8400000|100%| O|  |TAMS 0x00000000d8300000, 0x00000000d8300000| Untracked 
| 388|0x00000000d8400000, 0x00000000d8500000, 0x00000000d8500000|100%| O|  |TAMS 0x00000000d8400000, 0x00000000d8400000| Untracked 
| 389|0x00000000d8500000, 0x00000000d8600000, 0x00000000d8600000|100%| O|  |TAMS 0x00000000d8500000, 0x00000000d8500000| Untracked 
| 390|0x00000000d8600000, 0x00000000d8700000, 0x00000000d8700000|100%| O|  |TAMS 0x00000000d8600000, 0x00000000d8600000| Untracked 
| 391|0x00000000d8700000, 0x00000000d8800000, 0x00000000d8800000|100%| O|  |TAMS 0x00000000d8700000, 0x00000000d8700000| Untracked 
| 392|0x00000000d8800000, 0x00000000d8900000, 0x00000000d8900000|100%| O|  |TAMS 0x00000000d8800000, 0x00000000d8800000| Untracked 
| 393|0x00000000d8900000, 0x00000000d8a00000, 0x00000000d8a00000|100%| O|  |TAMS 0x00000000d8900000, 0x00000000d8900000| Untracked 
| 394|0x00000000d8a00000, 0x00000000d8b00000, 0x00000000d8b00000|100%| O|  |TAMS 0x00000000d8a00000, 0x00000000d8a00000| Untracked 
| 395|0x00000000d8b00000, 0x00000000d8c00000, 0x00000000d8c00000|100%| O|  |TAMS 0x00000000d8b00000, 0x00000000d8b00000| Untracked 
| 396|0x00000000d8c00000, 0x00000000d8d00000, 0x00000000d8d00000|100%| O|  |TAMS 0x00000000d8c00000, 0x00000000d8c00000| Untracked 
| 397|0x00000000d8d00000, 0x00000000d8e00000, 0x00000000d8e00000|100%| O|  |TAMS 0x00000000d8d00000, 0x00000000d8d00000| Untracked 
| 398|0x00000000d8e00000, 0x00000000d8f00000, 0x00000000d8f00000|100%| O|  |TAMS 0x00000000d8e00000, 0x00000000d8e00000| Untracked 
| 399|0x00000000d8f00000, 0x00000000d9000000, 0x00000000d9000000|100%| O|  |TAMS 0x00000000d8f00000, 0x00000000d8f00000| Untracked 
| 400|0x00000000d9000000, 0x00000000d9100000, 0x00000000d9100000|100%| O|  |TAMS 0x00000000d9000000, 0x00000000d9000000| Untracked 
| 401|0x00000000d9100000, 0x00000000d9200000, 0x00000000d9200000|100%| O|  |TAMS 0x00000000d9100000, 0x00000000d9100000| Untracked 
| 402|0x00000000d9200000, 0x00000000d9300000, 0x00000000d9300000|100%| O|  |TAMS 0x00000000d9200000, 0x00000000d9200000| Untracked 
| 403|0x00000000d9300000, 0x00000000d9400000, 0x00000000d9400000|100%| O|  |TAMS 0x00000000d9300000, 0x00000000d9300000| Untracked 
| 404|0x00000000d9400000, 0x00000000d9500000, 0x00000000d9500000|100%| O|  |TAMS 0x00000000d9400000, 0x00000000d9400000| Untracked 
| 405|0x00000000d9500000, 0x00000000d9600000, 0x00000000d9600000|100%| O|  |TAMS 0x00000000d9500000, 0x00000000d9500000| Untracked 
| 406|0x00000000d9600000, 0x00000000d9700000, 0x00000000d9700000|100%| O|  |TAMS 0x00000000d9600000, 0x00000000d9600000| Untracked 
| 407|0x00000000d9700000, 0x00000000d9800000, 0x00000000d9800000|100%| O|  |TAMS 0x00000000d9700000, 0x00000000d9700000| Untracked 
| 408|0x00000000d9800000, 0x00000000d9900000, 0x00000000d9900000|100%| O|  |TAMS 0x00000000d9800000, 0x00000000d9800000| Untracked 
| 409|0x00000000d9900000, 0x00000000d9a00000, 0x00000000d9a00000|100%| O|  |TAMS 0x00000000d9900000, 0x00000000d9900000| Untracked 
| 410|0x00000000d9a00000, 0x00000000d9b00000, 0x00000000d9b00000|100%| O|  |TAMS 0x00000000d9a00000, 0x00000000d9a00000| Untracked 
| 411|0x00000000d9b00000, 0x00000000d9c00000, 0x00000000d9c00000|100%|HS|  |TAMS 0x00000000d9b00000, 0x00000000d9b00000| Complete 
| 412|0x00000000d9c00000, 0x00000000d9d00000, 0x00000000d9d00000|100%|HC|  |TAMS 0x00000000d9c00000, 0x00000000d9c00000| Complete 
| 413|0x00000000d9d00000, 0x00000000d9e00000, 0x00000000d9e00000|100%| O|  |TAMS 0x00000000d9d00000, 0x00000000d9d00000| Untracked 
| 414|0x00000000d9e00000, 0x00000000d9f00000, 0x00000000d9f00000|100%| O|  |TAMS 0x00000000d9e00000, 0x00000000d9e00000| Untracked 
| 415|0x00000000d9f00000, 0x00000000da000000, 0x00000000da000000|100%| O|  |TAMS 0x00000000d9f00000, 0x00000000d9f00000| Untracked 
| 416|0x00000000da000000, 0x00000000da100000, 0x00000000da100000|100%| O|  |TAMS 0x00000000da000000, 0x00000000da000000| Untracked 
| 417|0x00000000da100000, 0x00000000da200000, 0x00000000da200000|100%| O|  |TAMS 0x00000000da100000, 0x00000000da100000| Untracked 
| 418|0x00000000da200000, 0x00000000da300000, 0x00000000da300000|100%| O|  |TAMS 0x00000000da200000, 0x00000000da200000| Untracked 
| 419|0x00000000da300000, 0x00000000da400000, 0x00000000da400000|100%| O|  |TAMS 0x00000000da300000, 0x00000000da300000| Untracked 
| 420|0x00000000da400000, 0x00000000da500000, 0x00000000da500000|100%| O|  |TAMS 0x00000000da400000, 0x00000000da400000| Untracked 
| 421|0x00000000da500000, 0x00000000da600000, 0x00000000da600000|100%| O|  |TAMS 0x00000000da500000, 0x00000000da500000| Untracked 
| 422|0x00000000da600000, 0x00000000da700000, 0x00000000da700000|100%| O|  |TAMS 0x00000000da600000, 0x00000000da600000| Untracked 
| 423|0x00000000da700000, 0x00000000da800000, 0x00000000da800000|100%| O|  |TAMS 0x00000000da700000, 0x00000000da700000| Untracked 
| 424|0x00000000da800000, 0x00000000da900000, 0x00000000da900000|100%| O|  |TAMS 0x00000000da800000, 0x00000000da800000| Untracked 
| 425|0x00000000da900000, 0x00000000daa00000, 0x00000000daa00000|100%| O|  |TAMS 0x00000000da900000, 0x00000000da900000| Untracked 
| 426|0x00000000daa00000, 0x00000000dab00000, 0x00000000dab00000|100%| O|  |TAMS 0x00000000daa00000, 0x00000000daa00000| Untracked 
| 427|0x00000000dab00000, 0x00000000dac00000, 0x00000000dac00000|100%| O|  |TAMS 0x00000000dab00000, 0x00000000dab00000| Untracked 
| 428|0x00000000dac00000, 0x00000000dad00000, 0x00000000dad00000|100%| O|  |TAMS 0x00000000dac00000, 0x00000000dac00000| Untracked 
| 429|0x00000000dad00000, 0x00000000dae00000, 0x00000000dae00000|100%| O|  |TAMS 0x00000000dad00000, 0x00000000dad00000| Untracked 
| 430|0x00000000dae00000, 0x00000000daf00000, 0x00000000daf00000|100%| O|  |TAMS 0x00000000dae00000, 0x00000000dae00000| Untracked 
| 431|0x00000000daf00000, 0x00000000db000000, 0x00000000db000000|100%| O|  |TAMS 0x00000000daf00000, 0x00000000daf00000| Untracked 
| 432|0x00000000db000000, 0x00000000db100000, 0x00000000db100000|100%| O|  |TAMS 0x00000000db000000, 0x00000000db000000| Untracked 
| 433|0x00000000db100000, 0x00000000db200000, 0x00000000db200000|100%| O|  |TAMS 0x00000000db100000, 0x00000000db100000| Untracked 
| 434|0x00000000db200000, 0x00000000db300000, 0x00000000db300000|100%| O|  |TAMS 0x00000000db200000, 0x00000000db200000| Untracked 
| 435|0x00000000db300000, 0x00000000db400000, 0x00000000db400000|100%| O|  |TAMS 0x00000000db300000, 0x00000000db300000| Untracked 
| 436|0x00000000db400000, 0x00000000db500000, 0x00000000db500000|100%| O|  |TAMS 0x00000000db400000, 0x00000000db400000| Untracked 
| 437|0x00000000db500000, 0x00000000db600000, 0x00000000db600000|100%| O|  |TAMS 0x00000000db500000, 0x00000000db500000| Untracked 
| 438|0x00000000db600000, 0x00000000db700000, 0x00000000db700000|100%| O|  |TAMS 0x00000000db600000, 0x00000000db600000| Untracked 
| 439|0x00000000db700000, 0x00000000db800000, 0x00000000db800000|100%| O|  |TAMS 0x00000000db700000, 0x00000000db700000| Untracked 
| 440|0x00000000db800000, 0x00000000db900000, 0x00000000db900000|100%| O|  |TAMS 0x00000000db800000, 0x00000000db800000| Untracked 
| 441|0x00000000db900000, 0x00000000dba00000, 0x00000000dba00000|100%| O|  |TAMS 0x00000000db900000, 0x00000000db900000| Untracked 
| 442|0x00000000dba00000, 0x00000000dbb00000, 0x00000000dbb00000|100%| O|  |TAMS 0x00000000dba00000, 0x00000000dba00000| Untracked 
| 443|0x00000000dbb00000, 0x00000000dbc00000, 0x00000000dbc00000|100%| O|  |TAMS 0x00000000dbb00000, 0x00000000dbb00000| Untracked 
| 444|0x00000000dbc00000, 0x00000000dbd00000, 0x00000000dbd00000|100%| O|  |TAMS 0x00000000dbc00000, 0x00000000dbc00000| Untracked 
| 445|0x00000000dbd00000, 0x00000000dbe00000, 0x00000000dbe00000|100%| O|  |TAMS 0x00000000dbd00000, 0x00000000dbd00000| Untracked 
| 446|0x00000000dbe00000, 0x00000000dbf00000, 0x00000000dbf00000|100%| O|  |TAMS 0x00000000dbe00000, 0x00000000dbe00000| Untracked 
| 447|0x00000000dbf00000, 0x00000000dc000000, 0x00000000dc000000|100%| O|  |TAMS 0x00000000dbf00000, 0x00000000dbf00000| Untracked 
| 448|0x00000000dc000000, 0x00000000dc100000, 0x00000000dc100000|100%| O|  |TAMS 0x00000000dc000000, 0x00000000dc000000| Untracked 
| 449|0x00000000dc100000, 0x00000000dc200000, 0x00000000dc200000|100%| O|  |TAMS 0x00000000dc100000, 0x00000000dc100000| Untracked 
| 450|0x00000000dc200000, 0x00000000dc300000, 0x00000000dc300000|100%| O|  |TAMS 0x00000000dc200000, 0x00000000dc200000| Untracked 
| 451|0x00000000dc300000, 0x00000000dc400000, 0x00000000dc400000|100%| O|  |TAMS 0x00000000dc300000, 0x00000000dc300000| Untracked 
| 452|0x00000000dc400000, 0x00000000dc500000, 0x00000000dc500000|100%| O|  |TAMS 0x00000000dc400000, 0x00000000dc400000| Untracked 
| 453|0x00000000dc500000, 0x00000000dc600000, 0x00000000dc600000|100%| O|  |TAMS 0x00000000dc500000, 0x00000000dc500000| Untracked 
| 454|0x00000000dc600000, 0x00000000dc700000, 0x00000000dc700000|100%| O|  |TAMS 0x00000000dc600000, 0x00000000dc600000| Untracked 
| 455|0x00000000dc700000, 0x00000000dc800000, 0x00000000dc800000|100%| O|  |TAMS 0x00000000dc700000, 0x00000000dc700000| Untracked 
| 456|0x00000000dc800000, 0x00000000dc900000, 0x00000000dc900000|100%| O|  |TAMS 0x00000000dc800000, 0x00000000dc800000| Untracked 
| 457|0x00000000dc900000, 0x00000000dca00000, 0x00000000dca00000|100%| O|  |TAMS 0x00000000dc900000, 0x00000000dc900000| Untracked 
| 458|0x00000000dca00000, 0x00000000dcb00000, 0x00000000dcb00000|100%| O|  |TAMS 0x00000000dca00000, 0x00000000dca00000| Untracked 
| 459|0x00000000dcb00000, 0x00000000dcc00000, 0x00000000dcc00000|100%| O|  |TAMS 0x00000000dcb00000, 0x00000000dcb00000| Untracked 
| 460|0x00000000dcc00000, 0x00000000dcd00000, 0x00000000dcd00000|100%| O|  |TAMS 0x00000000dcc00000, 0x00000000dcc00000| Untracked 
| 461|0x00000000dcd00000, 0x00000000dce00000, 0x00000000dce00000|100%| O|  |TAMS 0x00000000dcd00000, 0x00000000dcd00000| Untracked 
| 462|0x00000000dce00000, 0x00000000dcf00000, 0x00000000dcf00000|100%| O|  |TAMS 0x00000000dce00000, 0x00000000dce00000| Untracked 
| 463|0x00000000dcf00000, 0x00000000dd000000, 0x00000000dd000000|100%| O|  |TAMS 0x00000000dcf00000, 0x00000000dcf00000| Untracked 
| 464|0x00000000dd000000, 0x00000000dd100000, 0x00000000dd100000|100%| O|  |TAMS 0x00000000dd000000, 0x00000000dd000000| Untracked 
| 465|0x00000000dd100000, 0x00000000dd200000, 0x00000000dd200000|100%| O|  |TAMS 0x00000000dd100000, 0x00000000dd100000| Untracked 
| 466|0x00000000dd200000, 0x00000000dd300000, 0x00000000dd300000|100%| O|  |TAMS 0x00000000dd200000, 0x00000000dd200000| Untracked 
| 467|0x00000000dd300000, 0x00000000dd400000, 0x00000000dd400000|100%| O|  |TAMS 0x00000000dd300000, 0x00000000dd300000| Untracked 
| 468|0x00000000dd400000, 0x00000000dd500000, 0x00000000dd500000|100%| O|  |TAMS 0x00000000dd400000, 0x00000000dd400000| Untracked 
| 469|0x00000000dd500000, 0x00000000dd600000, 0x00000000dd600000|100%| O|  |TAMS 0x00000000dd500000, 0x00000000dd500000| Untracked 
| 470|0x00000000dd600000, 0x00000000dd700000, 0x00000000dd700000|100%| O|  |TAMS 0x00000000dd600000, 0x00000000dd600000| Untracked 
| 471|0x00000000dd700000, 0x00000000dd800000, 0x00000000dd800000|100%| O|  |TAMS 0x00000000dd700000, 0x00000000dd700000| Untracked 
| 472|0x00000000dd800000, 0x00000000dd900000, 0x00000000dd900000|100%| O|  |TAMS 0x00000000dd800000, 0x00000000dd800000| Untracked 
| 473|0x00000000dd900000, 0x00000000dda00000, 0x00000000dda00000|100%| O|  |TAMS 0x00000000dd900000, 0x00000000dd900000| Untracked 
| 474|0x00000000dda00000, 0x00000000ddb00000, 0x00000000ddb00000|100%| O|  |TAMS 0x00000000dda00000, 0x00000000dda00000| Untracked 
| 475|0x00000000ddb00000, 0x00000000ddc00000, 0x00000000ddc00000|100%| O|  |TAMS 0x00000000ddb00000, 0x00000000ddb00000| Untracked 
| 476|0x00000000ddc00000, 0x00000000ddd00000, 0x00000000ddd00000|100%| O|  |TAMS 0x00000000ddc00000, 0x00000000ddc00000| Untracked 
| 477|0x00000000ddd00000, 0x00000000dde00000, 0x00000000dde00000|100%| O|  |TAMS 0x00000000ddd00000, 0x00000000ddd00000| Untracked 
| 478|0x00000000dde00000, 0x00000000ddf00000, 0x00000000ddf00000|100%| O|  |TAMS 0x00000000dde00000, 0x00000000dde00000| Untracked 
| 479|0x00000000ddf00000, 0x00000000de000000, 0x00000000de000000|100%| O|  |TAMS 0x00000000ddf00000, 0x00000000ddf00000| Untracked 
| 480|0x00000000de000000, 0x00000000de100000, 0x00000000de100000|100%| O|  |TAMS 0x00000000de000000, 0x00000000de000000| Untracked 
| 481|0x00000000de100000, 0x00000000de200000, 0x00000000de200000|100%| O|  |TAMS 0x00000000de100000, 0x00000000de100000| Untracked 
| 482|0x00000000de200000, 0x00000000de300000, 0x00000000de300000|100%| O|  |TAMS 0x00000000de200000, 0x00000000de200000| Untracked 
| 483|0x00000000de300000, 0x00000000de400000, 0x00000000de400000|100%| O|  |TAMS 0x00000000de300000, 0x00000000de300000| Untracked 
| 484|0x00000000de400000, 0x00000000de500000, 0x00000000de500000|100%| O|  |TAMS 0x00000000de400000, 0x00000000de400000| Untracked 
| 485|0x00000000de500000, 0x00000000de600000, 0x00000000de600000|100%| O|  |TAMS 0x00000000de500000, 0x00000000de500000| Untracked 
| 486|0x00000000de600000, 0x00000000de700000, 0x00000000de700000|100%| O|  |TAMS 0x00000000de600000, 0x00000000de600000| Untracked 
| 487|0x00000000de700000, 0x00000000de800000, 0x00000000de800000|100%| O|  |TAMS 0x00000000de700000, 0x00000000de700000| Untracked 
| 488|0x00000000de800000, 0x00000000de900000, 0x00000000de900000|100%| O|  |TAMS 0x00000000de800000, 0x00000000de800000| Untracked 
| 489|0x00000000de900000, 0x00000000dea00000, 0x00000000dea00000|100%| O|  |TAMS 0x00000000de900000, 0x00000000de900000| Untracked 
| 490|0x00000000dea00000, 0x00000000deb00000, 0x00000000deb00000|100%| O|  |TAMS 0x00000000dea00000, 0x00000000dea00000| Untracked 
| 491|0x00000000deb00000, 0x00000000dec00000, 0x00000000dec00000|100%| O|  |TAMS 0x00000000deb00000, 0x00000000deb00000| Untracked 
| 492|0x00000000dec00000, 0x00000000ded00000, 0x00000000ded00000|100%| O|  |TAMS 0x00000000dec00000, 0x00000000dec00000| Untracked 
| 493|0x00000000ded00000, 0x00000000dee00000, 0x00000000dee00000|100%| O|  |TAMS 0x00000000ded00000, 0x00000000ded00000| Untracked 
| 494|0x00000000dee00000, 0x00000000def00000, 0x00000000def00000|100%| O|  |TAMS 0x00000000dee00000, 0x00000000dee00000| Untracked 
| 495|0x00000000def00000, 0x00000000df000000, 0x00000000df000000|100%| O|  |TAMS 0x00000000def00000, 0x00000000def00000| Untracked 
| 496|0x00000000df000000, 0x00000000df100000, 0x00000000df100000|100%| O|  |TAMS 0x00000000df000000, 0x00000000df000000| Untracked 
| 497|0x00000000df100000, 0x00000000df200000, 0x00000000df200000|100%| O|  |TAMS 0x00000000df100000, 0x00000000df100000| Untracked 
| 498|0x00000000df200000, 0x00000000df300000, 0x00000000df300000|100%| O|  |TAMS 0x00000000df200000, 0x00000000df200000| Untracked 
| 499|0x00000000df300000, 0x00000000df400000, 0x00000000df400000|100%| O|  |TAMS 0x00000000df300000, 0x00000000df300000| Untracked 
| 500|0x00000000df400000, 0x00000000df500000, 0x00000000df500000|100%| O|  |TAMS 0x00000000df400000, 0x00000000df400000| Untracked 
| 501|0x00000000df500000, 0x00000000df600000, 0x00000000df600000|100%| O|  |TAMS 0x00000000df500000, 0x00000000df500000| Untracked 
| 502|0x00000000df600000, 0x00000000df700000, 0x00000000df700000|100%| O|  |TAMS 0x00000000df600000, 0x00000000df600000| Untracked 
| 503|0x00000000df700000, 0x00000000df800000, 0x00000000df800000|100%| O|  |TAMS 0x00000000df700000, 0x00000000df700000| Untracked 
| 504|0x00000000df800000, 0x00000000df900000, 0x00000000df900000|100%| O|  |TAMS 0x00000000df800000, 0x00000000df800000| Untracked 
| 505|0x00000000df900000, 0x00000000dfa00000, 0x00000000dfa00000|100%| O|  |TAMS 0x00000000df900000, 0x00000000df900000| Untracked 
| 506|0x00000000dfa00000, 0x00000000dfb00000, 0x00000000dfb00000|100%| O|  |TAMS 0x00000000dfa00000, 0x00000000dfa00000| Untracked 
| 507|0x00000000dfb00000, 0x00000000dfc00000, 0x00000000dfc00000|100%| O|  |TAMS 0x00000000dfb00000, 0x00000000dfb00000| Untracked 
| 508|0x00000000dfc00000, 0x00000000dfd00000, 0x00000000dfd00000|100%| O|  |TAMS 0x00000000dfc00000, 0x00000000dfc00000| Untracked 
| 509|0x00000000dfd00000, 0x00000000dfe00000, 0x00000000dfe00000|100%| O|  |TAMS 0x00000000dfd00000, 0x00000000dfd00000| Untracked 
| 510|0x00000000dfe00000, 0x00000000dff00000, 0x00000000dff00000|100%| O|  |TAMS 0x00000000dfe00000, 0x00000000dfe00000| Untracked 
| 511|0x00000000dff00000, 0x00000000e0000000, 0x00000000e0000000|100%| O|  |TAMS 0x00000000dff00000, 0x00000000dff00000| Untracked 
| 512|0x00000000e0000000, 0x00000000e0100000, 0x00000000e0100000|100%| O|  |TAMS 0x00000000e0000000, 0x00000000e0000000| Untracked 
| 513|0x00000000e0100000, 0x00000000e0200000, 0x00000000e0200000|100%| O|  |TAMS 0x00000000e0100000, 0x00000000e0100000| Untracked 
| 514|0x00000000e0200000, 0x00000000e0300000, 0x00000000e0300000|100%| O|  |TAMS 0x00000000e0200000, 0x00000000e0200000| Untracked 
| 515|0x00000000e0300000, 0x00000000e0400000, 0x00000000e0400000|100%| O|  |TAMS 0x00000000e0300000, 0x00000000e0300000| Untracked 
| 516|0x00000000e0400000, 0x00000000e0500000, 0x00000000e0500000|100%| O|  |TAMS 0x00000000e0400000, 0x00000000e0400000| Untracked 
| 517|0x00000000e0500000, 0x00000000e0600000, 0x00000000e0600000|100%| O|  |TAMS 0x00000000e0500000, 0x00000000e0500000| Untracked 
| 518|0x00000000e0600000, 0x00000000e0700000, 0x00000000e0700000|100%| O|  |TAMS 0x00000000e0600000, 0x00000000e0600000| Untracked 
| 519|0x00000000e0700000, 0x00000000e0800000, 0x00000000e0800000|100%| O|  |TAMS 0x00000000e0700000, 0x00000000e0700000| Untracked 
| 520|0x00000000e0800000, 0x00000000e0900000, 0x00000000e0900000|100%| O|  |TAMS 0x00000000e0800000, 0x00000000e0800000| Untracked 
| 521|0x00000000e0900000, 0x00000000e0a00000, 0x00000000e0a00000|100%| O|  |TAMS 0x00000000e0900000, 0x00000000e0900000| Untracked 
| 522|0x00000000e0a00000, 0x00000000e0b00000, 0x00000000e0b00000|100%| O|  |TAMS 0x00000000e0a00000, 0x00000000e0a00000| Untracked 
| 523|0x00000000e0b00000, 0x00000000e0c00000, 0x00000000e0c00000|100%| O|  |TAMS 0x00000000e0b00000, 0x00000000e0b00000| Untracked 
| 524|0x00000000e0c00000, 0x00000000e0d00000, 0x00000000e0d00000|100%| O|  |TAMS 0x00000000e0c00000, 0x00000000e0c00000| Untracked 
| 525|0x00000000e0d00000, 0x00000000e0e00000, 0x00000000e0e00000|100%| O|  |TAMS 0x00000000e0d00000, 0x00000000e0d00000| Untracked 
| 526|0x00000000e0e00000, 0x00000000e0f00000, 0x00000000e0f00000|100%| O|  |TAMS 0x00000000e0e00000, 0x00000000e0e00000| Untracked 
| 527|0x00000000e0f00000, 0x00000000e1000000, 0x00000000e1000000|100%| O|  |TAMS 0x00000000e0f00000, 0x00000000e0f00000| Untracked 
| 528|0x00000000e1000000, 0x00000000e1100000, 0x00000000e1100000|100%| O|  |TAMS 0x00000000e1000000, 0x00000000e1000000| Untracked 
| 529|0x00000000e1100000, 0x00000000e1200000, 0x00000000e1200000|100%| O|  |TAMS 0x00000000e1100000, 0x00000000e1100000| Untracked 
| 530|0x00000000e1200000, 0x00000000e1300000, 0x00000000e1300000|100%| O|  |TAMS 0x00000000e1200000, 0x00000000e1200000| Untracked 
| 531|0x00000000e1300000, 0x00000000e1400000, 0x00000000e1400000|100%| O|  |TAMS 0x00000000e1300000, 0x00000000e1300000| Untracked 
| 532|0x00000000e1400000, 0x00000000e1500000, 0x00000000e1500000|100%| O|  |TAMS 0x00000000e1400000, 0x00000000e1400000| Untracked 
| 533|0x00000000e1500000, 0x00000000e1600000, 0x00000000e1600000|100%| O|  |TAMS 0x00000000e1500000, 0x00000000e1500000| Untracked 
| 534|0x00000000e1600000, 0x00000000e1700000, 0x00000000e1700000|100%| O|  |TAMS 0x00000000e1600000, 0x00000000e1600000| Untracked 
| 535|0x00000000e1700000, 0x00000000e1800000, 0x00000000e1800000|100%| O|  |TAMS 0x00000000e1700000, 0x00000000e1700000| Untracked 
| 536|0x00000000e1800000, 0x00000000e1900000, 0x00000000e1900000|100%| O|  |TAMS 0x00000000e1800000, 0x00000000e1800000| Untracked 
| 537|0x00000000e1900000, 0x00000000e1a00000, 0x00000000e1a00000|100%| O|  |TAMS 0x00000000e1900000, 0x00000000e1900000| Untracked 
| 538|0x00000000e1a00000, 0x00000000e1b00000, 0x00000000e1b00000|100%| O|  |TAMS 0x00000000e1a00000, 0x00000000e1a00000| Untracked 
| 539|0x00000000e1b00000, 0x00000000e1c00000, 0x00000000e1c00000|100%| O|  |TAMS 0x00000000e1b00000, 0x00000000e1b00000| Untracked 
| 540|0x00000000e1c00000, 0x00000000e1d00000, 0x00000000e1d00000|100%| O|  |TAMS 0x00000000e1c00000, 0x00000000e1c00000| Untracked 
| 541|0x00000000e1d00000, 0x00000000e1e00000, 0x00000000e1e00000|100%| O|  |TAMS 0x00000000e1d00000, 0x00000000e1d00000| Untracked 
| 542|0x00000000e1e00000, 0x00000000e1f00000, 0x00000000e1f00000|100%| O|  |TAMS 0x00000000e1e00000, 0x00000000e1e00000| Untracked 
| 543|0x00000000e1f00000, 0x00000000e2000000, 0x00000000e2000000|100%| O|  |TAMS 0x00000000e1f00000, 0x00000000e1f00000| Untracked 
| 544|0x00000000e2000000, 0x00000000e2100000, 0x00000000e2100000|100%| O|  |TAMS 0x00000000e2000000, 0x00000000e2000000| Untracked 
| 545|0x00000000e2100000, 0x00000000e2200000, 0x00000000e2200000|100%| O|  |TAMS 0x00000000e2100000, 0x00000000e2100000| Untracked 
| 546|0x00000000e2200000, 0x00000000e2300000, 0x00000000e2300000|100%| O|  |TAMS 0x00000000e2200000, 0x00000000e2200000| Untracked 
| 547|0x00000000e2300000, 0x00000000e2400000, 0x00000000e2400000|100%| O|  |TAMS 0x00000000e2300000, 0x00000000e2300000| Untracked 
| 548|0x00000000e2400000, 0x00000000e2500000, 0x00000000e2500000|100%| O|  |TAMS 0x00000000e2400000, 0x00000000e2400000| Untracked 
| 549|0x00000000e2500000, 0x00000000e2600000, 0x00000000e2600000|100%| O|  |TAMS 0x00000000e2500000, 0x00000000e2500000| Untracked 
| 550|0x00000000e2600000, 0x00000000e2700000, 0x00000000e2700000|100%| O|  |TAMS 0x00000000e2600000, 0x00000000e2600000| Untracked 
| 551|0x00000000e2700000, 0x00000000e2800000, 0x00000000e2800000|100%| O|  |TAMS 0x00000000e2700000, 0x00000000e2700000| Untracked 
| 552|0x00000000e2800000, 0x00000000e2900000, 0x00000000e2900000|100%| O|  |TAMS 0x00000000e2800000, 0x00000000e2800000| Untracked 
| 553|0x00000000e2900000, 0x00000000e2a00000, 0x00000000e2a00000|100%| O|  |TAMS 0x00000000e2900000, 0x00000000e2900000| Untracked 
| 554|0x00000000e2a00000, 0x00000000e2b00000, 0x00000000e2b00000|100%| O|  |TAMS 0x00000000e2a00000, 0x00000000e2a00000| Untracked 
| 555|0x00000000e2b00000, 0x00000000e2c00000, 0x00000000e2c00000|100%| O|  |TAMS 0x00000000e2b00000, 0x00000000e2b00000| Untracked 
| 556|0x00000000e2c00000, 0x00000000e2d00000, 0x00000000e2d00000|100%| O|  |TAMS 0x00000000e2c00000, 0x00000000e2c00000| Untracked 
| 557|0x00000000e2d00000, 0x00000000e2e00000, 0x00000000e2e00000|100%| O|  |TAMS 0x00000000e2d00000, 0x00000000e2d00000| Untracked 
| 558|0x00000000e2e00000, 0x00000000e2f00000, 0x00000000e2f00000|100%| O|  |TAMS 0x00000000e2e00000, 0x00000000e2e00000| Untracked 
| 559|0x00000000e2f00000, 0x00000000e3000000, 0x00000000e3000000|100%| O|  |TAMS 0x00000000e2f00000, 0x00000000e2f00000| Untracked 
| 560|0x00000000e3000000, 0x00000000e3100000, 0x00000000e3100000|100%| O|  |TAMS 0x00000000e3000000, 0x00000000e3000000| Untracked 
| 561|0x00000000e3100000, 0x00000000e3200000, 0x00000000e3200000|100%| O|  |TAMS 0x00000000e3100000, 0x00000000e3100000| Untracked 
| 562|0x00000000e3200000, 0x00000000e3300000, 0x00000000e3300000|100%| O|  |TAMS 0x00000000e3200000, 0x00000000e3200000| Untracked 
| 563|0x00000000e3300000, 0x00000000e3400000, 0x00000000e3400000|100%| O|  |TAMS 0x00000000e3300000, 0x00000000e3300000| Untracked 
| 564|0x00000000e3400000, 0x00000000e3500000, 0x00000000e3500000|100%| O|  |TAMS 0x00000000e3400000, 0x00000000e3400000| Untracked 
| 565|0x00000000e3500000, 0x00000000e3600000, 0x00000000e3600000|100%| O|  |TAMS 0x00000000e3500000, 0x00000000e3500000| Untracked 
| 566|0x00000000e3600000, 0x00000000e3700000, 0x00000000e3700000|100%| O|  |TAMS 0x00000000e3600000, 0x00000000e3600000| Untracked 
| 567|0x00000000e3700000, 0x00000000e3800000, 0x00000000e3800000|100%| O|  |TAMS 0x00000000e3700000, 0x00000000e3700000| Untracked 
| 568|0x00000000e3800000, 0x00000000e3900000, 0x00000000e3900000|100%| O|  |TAMS 0x00000000e3800000, 0x00000000e3800000| Untracked 
| 569|0x00000000e3900000, 0x00000000e3a00000, 0x00000000e3a00000|100%| O|  |TAMS 0x00000000e3900000, 0x00000000e3900000| Untracked 
| 570|0x00000000e3a00000, 0x00000000e3b00000, 0x00000000e3b00000|100%| O|  |TAMS 0x00000000e3a00000, 0x00000000e3a00000| Untracked 
| 571|0x00000000e3b00000, 0x00000000e3c00000, 0x00000000e3c00000|100%| O|  |TAMS 0x00000000e3b00000, 0x00000000e3b00000| Untracked 
| 572|0x00000000e3c00000, 0x00000000e3d00000, 0x00000000e3d00000|100%| O|  |TAMS 0x00000000e3c00000, 0x00000000e3c00000| Untracked 
| 573|0x00000000e3d00000, 0x00000000e3e00000, 0x00000000e3e00000|100%| O|  |TAMS 0x00000000e3d00000, 0x00000000e3d00000| Untracked 
| 574|0x00000000e3e00000, 0x00000000e3f00000, 0x00000000e3f00000|100%| O|  |TAMS 0x00000000e3e00000, 0x00000000e3e00000| Untracked 
| 575|0x00000000e3f00000, 0x00000000e4000000, 0x00000000e4000000|100%| O|  |TAMS 0x00000000e3f00000, 0x00000000e3f00000| Untracked 
| 576|0x00000000e4000000, 0x00000000e4100000, 0x00000000e4100000|100%| O|  |TAMS 0x00000000e4000000, 0x00000000e4000000| Untracked 
| 577|0x00000000e4100000, 0x00000000e4200000, 0x00000000e4200000|100%| O|  |TAMS 0x00000000e4100000, 0x00000000e4100000| Untracked 
| 578|0x00000000e4200000, 0x00000000e4300000, 0x00000000e4300000|100%| O|  |TAMS 0x00000000e4200000, 0x00000000e4200000| Untracked 
| 579|0x00000000e4300000, 0x00000000e4400000, 0x00000000e4400000|100%| O|  |TAMS 0x00000000e4300000, 0x00000000e4300000| Untracked 
| 580|0x00000000e4400000, 0x00000000e4500000, 0x00000000e4500000|100%| O|  |TAMS 0x00000000e4400000, 0x00000000e4400000| Untracked 
| 581|0x00000000e4500000, 0x00000000e4600000, 0x00000000e4600000|100%| O|  |TAMS 0x00000000e4500000, 0x00000000e4500000| Untracked 
| 582|0x00000000e4600000, 0x00000000e4700000, 0x00000000e4700000|100%| O|  |TAMS 0x00000000e4600000, 0x00000000e4600000| Untracked 
| 583|0x00000000e4700000, 0x00000000e4800000, 0x00000000e4800000|100%| O|  |TAMS 0x00000000e4700000, 0x00000000e4700000| Untracked 
| 584|0x00000000e4800000, 0x00000000e4900000, 0x00000000e4900000|100%| O|  |TAMS 0x00000000e4800000, 0x00000000e4800000| Untracked 
| 585|0x00000000e4900000, 0x00000000e4a00000, 0x00000000e4a00000|100%| O|  |TAMS 0x00000000e4900000, 0x00000000e4900000| Untracked 
| 586|0x00000000e4a00000, 0x00000000e4b00000, 0x00000000e4b00000|100%| O|  |TAMS 0x00000000e4a00000, 0x00000000e4a00000| Untracked 
| 587|0x00000000e4b00000, 0x00000000e4c00000, 0x00000000e4c00000|100%| O|  |TAMS 0x00000000e4b00000, 0x00000000e4b00000| Untracked 
| 588|0x00000000e4c00000, 0x00000000e4d00000, 0x00000000e4d00000|100%| O|  |TAMS 0x00000000e4c00000, 0x00000000e4c00000| Untracked 
| 589|0x00000000e4d00000, 0x00000000e4e00000, 0x00000000e4e00000|100%| O|  |TAMS 0x00000000e4d00000, 0x00000000e4d00000| Untracked 
| 590|0x00000000e4e00000, 0x00000000e4f00000, 0x00000000e4f00000|100%| O|  |TAMS 0x00000000e4e00000, 0x00000000e4e00000| Untracked 
| 591|0x00000000e4f00000, 0x00000000e5000000, 0x00000000e5000000|100%| O|  |TAMS 0x00000000e4f00000, 0x00000000e4f00000| Untracked 
| 592|0x00000000e5000000, 0x00000000e5100000, 0x00000000e5100000|100%| O|  |TAMS 0x00000000e5000000, 0x00000000e5000000| Untracked 
| 593|0x00000000e5100000, 0x00000000e5200000, 0x00000000e5200000|100%| O|  |TAMS 0x00000000e5100000, 0x00000000e5100000| Untracked 
| 594|0x00000000e5200000, 0x00000000e5300000, 0x00000000e5300000|100%| O|  |TAMS 0x00000000e5200000, 0x00000000e5200000| Untracked 
| 595|0x00000000e5300000, 0x00000000e5400000, 0x00000000e5400000|100%| O|  |TAMS 0x00000000e5300000, 0x00000000e5300000| Untracked 
| 596|0x00000000e5400000, 0x00000000e5500000, 0x00000000e5500000|100%| O|  |TAMS 0x00000000e5400000, 0x00000000e5400000| Untracked 
| 597|0x00000000e5500000, 0x00000000e5600000, 0x00000000e5600000|100%| O|  |TAMS 0x00000000e5500000, 0x00000000e5500000| Untracked 
| 598|0x00000000e5600000, 0x00000000e5700000, 0x00000000e5700000|100%| O|  |TAMS 0x00000000e5600000, 0x00000000e5600000| Untracked 
| 599|0x00000000e5700000, 0x00000000e5800000, 0x00000000e5800000|100%| O|  |TAMS 0x00000000e5700000, 0x00000000e5700000| Untracked 
| 600|0x00000000e5800000, 0x00000000e5900000, 0x00000000e5900000|100%| O|  |TAMS 0x00000000e5800000, 0x00000000e5800000| Untracked 
| 601|0x00000000e5900000, 0x00000000e5a00000, 0x00000000e5a00000|100%| O|  |TAMS 0x00000000e5900000, 0x00000000e5900000| Untracked 
| 602|0x00000000e5a00000, 0x00000000e5b00000, 0x00000000e5b00000|100%| O|  |TAMS 0x00000000e5a00000, 0x00000000e5a00000| Untracked 
| 603|0x00000000e5b00000, 0x00000000e5c00000, 0x00000000e5c00000|100%| O|  |TAMS 0x00000000e5b00000, 0x00000000e5b00000| Untracked 
| 604|0x00000000e5c00000, 0x00000000e5d00000, 0x00000000e5d00000|100%| O|  |TAMS 0x00000000e5c00000, 0x00000000e5c00000| Untracked 
| 605|0x00000000e5d00000, 0x00000000e5e00000, 0x00000000e5e00000|100%| O|  |TAMS 0x00000000e5d00000, 0x00000000e5d00000| Untracked 
| 606|0x00000000e5e00000, 0x00000000e5f00000, 0x00000000e5f00000|100%| O|  |TAMS 0x00000000e5e00000, 0x00000000e5e00000| Untracked 
| 607|0x00000000e5f00000, 0x00000000e6000000, 0x00000000e6000000|100%| O|  |TAMS 0x00000000e5f00000, 0x00000000e5f00000| Untracked 
| 608|0x00000000e6000000, 0x00000000e6100000, 0x00000000e6100000|100%| O|  |TAMS 0x00000000e6000000, 0x00000000e6000000| Untracked 
| 609|0x00000000e6100000, 0x00000000e6200000, 0x00000000e6200000|100%| O|  |TAMS 0x00000000e6100000, 0x00000000e6100000| Untracked 
| 610|0x00000000e6200000, 0x00000000e6300000, 0x00000000e6300000|100%| O|  |TAMS 0x00000000e6200000, 0x00000000e6200000| Untracked 
| 611|0x00000000e6300000, 0x00000000e6400000, 0x00000000e6400000|100%| O|  |TAMS 0x00000000e6300000, 0x00000000e6300000| Untracked 
| 612|0x00000000e6400000, 0x00000000e6500000, 0x00000000e6500000|100%| O|  |TAMS 0x00000000e6400000, 0x00000000e6400000| Untracked 
| 613|0x00000000e6500000, 0x00000000e6600000, 0x00000000e6600000|100%| O|  |TAMS 0x00000000e6500000, 0x00000000e6500000| Untracked 
| 614|0x00000000e6600000, 0x00000000e6700000, 0x00000000e6700000|100%| O|  |TAMS 0x00000000e6600000, 0x00000000e6600000| Untracked 
| 615|0x00000000e6700000, 0x00000000e6800000, 0x00000000e6800000|100%| O|  |TAMS 0x00000000e6700000, 0x00000000e6700000| Untracked 
| 616|0x00000000e6800000, 0x00000000e6900000, 0x00000000e6900000|100%| O|  |TAMS 0x00000000e6800000, 0x00000000e6800000| Untracked 
| 617|0x00000000e6900000, 0x00000000e6a00000, 0x00000000e6a00000|100%| O|  |TAMS 0x00000000e6900000, 0x00000000e6900000| Untracked 
| 618|0x00000000e6a00000, 0x00000000e6b00000, 0x00000000e6b00000|100%| O|  |TAMS 0x00000000e6a00000, 0x00000000e6a00000| Untracked 
| 619|0x00000000e6b00000, 0x00000000e6c00000, 0x00000000e6c00000|100%| O|  |TAMS 0x00000000e6b00000, 0x00000000e6b00000| Untracked 
| 620|0x00000000e6c00000, 0x00000000e6d00000, 0x00000000e6d00000|100%| O|  |TAMS 0x00000000e6c00000, 0x00000000e6c00000| Untracked 
| 621|0x00000000e6d00000, 0x00000000e6e00000, 0x00000000e6e00000|100%| O|  |TAMS 0x00000000e6d00000, 0x00000000e6d00000| Untracked 
| 622|0x00000000e6e00000, 0x00000000e6f00000, 0x00000000e6f00000|100%| O|  |TAMS 0x00000000e6e00000, 0x00000000e6e00000| Untracked 
| 623|0x00000000e6f00000, 0x00000000e7000000, 0x00000000e7000000|100%| O|  |TAMS 0x00000000e6f00000, 0x00000000e6f00000| Untracked 
| 624|0x00000000e7000000, 0x00000000e7100000, 0x00000000e7100000|100%| O|  |TAMS 0x00000000e7000000, 0x00000000e7000000| Untracked 
| 625|0x00000000e7100000, 0x00000000e7200000, 0x00000000e7200000|100%| O|  |TAMS 0x00000000e7100000, 0x00000000e7100000| Untracked 
| 626|0x00000000e7200000, 0x00000000e7300000, 0x00000000e7300000|100%| O|  |TAMS 0x00000000e7200000, 0x00000000e7200000| Untracked 
| 627|0x00000000e7300000, 0x00000000e7400000, 0x00000000e7400000|100%| O|  |TAMS 0x00000000e7300000, 0x00000000e7300000| Untracked 
| 628|0x00000000e7400000, 0x00000000e7500000, 0x00000000e7500000|100%| O|  |TAMS 0x00000000e7400000, 0x00000000e7400000| Untracked 
| 629|0x00000000e7500000, 0x00000000e7600000, 0x00000000e7600000|100%| O|  |TAMS 0x00000000e7500000, 0x00000000e7500000| Untracked 
| 630|0x00000000e7600000, 0x00000000e7700000, 0x00000000e7700000|100%| O|  |TAMS 0x00000000e7600000, 0x00000000e7600000| Untracked 
| 631|0x00000000e7700000, 0x00000000e7800000, 0x00000000e7800000|100%| O|  |TAMS 0x00000000e7700000, 0x00000000e7700000| Untracked 
| 632|0x00000000e7800000, 0x00000000e7900000, 0x00000000e7900000|100%| O|  |TAMS 0x00000000e7800000, 0x00000000e7800000| Untracked 
| 633|0x00000000e7900000, 0x00000000e7a00000, 0x00000000e7a00000|100%|HS|  |TAMS 0x00000000e7900000, 0x00000000e7900000| Complete 
| 634|0x00000000e7a00000, 0x00000000e7b00000, 0x00000000e7b00000|100%|HS|  |TAMS 0x00000000e7a00000, 0x00000000e7a00000| Complete 
| 635|0x00000000e7b00000, 0x00000000e7c00000, 0x00000000e7c00000|100%|HS|  |TAMS 0x00000000e7b00000, 0x00000000e7b00000| Complete 
| 636|0x00000000e7c00000, 0x00000000e7d00000, 0x00000000e7d00000|100%|HC|  |TAMS 0x00000000e7c00000, 0x00000000e7c00000| Complete 
| 637|0x00000000e7d00000, 0x00000000e7e00000, 0x00000000e7e00000|100%|HS|  |TAMS 0x00000000e7d00000, 0x00000000e7d00000| Complete 
| 638|0x00000000e7e00000, 0x00000000e7f00000, 0x00000000e7f00000|100%|HC|  |TAMS 0x00000000e7e00000, 0x00000000e7e00000| Complete 
| 639|0x00000000e7f00000, 0x00000000e8000000, 0x00000000e8000000|100%| O|  |TAMS 0x00000000e7f00000, 0x00000000e7f00000| Untracked 
| 640|0x00000000e8000000, 0x00000000e8100000, 0x00000000e8100000|100%| O|  |TAMS 0x00000000e8000000, 0x00000000e8000000| Untracked 
| 641|0x00000000e8100000, 0x00000000e8200000, 0x00000000e8200000|100%| O|  |TAMS 0x00000000e8100000, 0x00000000e8100000| Untracked 
| 642|0x00000000e8200000, 0x00000000e8300000, 0x00000000e8300000|100%| O|  |TAMS 0x00000000e8200000, 0x00000000e8200000| Untracked 
| 643|0x00000000e8300000, 0x00000000e8400000, 0x00000000e8400000|100%| O|  |TAMS 0x00000000e8300000, 0x00000000e8300000| Untracked 
| 644|0x00000000e8400000, 0x00000000e8500000, 0x00000000e8500000|100%| O|  |TAMS 0x00000000e8400000, 0x00000000e8400000| Untracked 
| 645|0x00000000e8500000, 0x00000000e8600000, 0x00000000e8600000|100%| O|  |TAMS 0x00000000e8500000, 0x00000000e8500000| Untracked 
| 646|0x00000000e8600000, 0x00000000e8700000, 0x00000000e8700000|100%| O|  |TAMS 0x00000000e8600000, 0x00000000e8600000| Untracked 
| 647|0x00000000e8700000, 0x00000000e8800000, 0x00000000e8800000|100%| O|  |TAMS 0x00000000e8700000, 0x00000000e8700000| Untracked 
| 648|0x00000000e8800000, 0x00000000e8900000, 0x00000000e8900000|100%| O|  |TAMS 0x00000000e8800000, 0x00000000e8800000| Untracked 
| 649|0x00000000e8900000, 0x00000000e8a00000, 0x00000000e8a00000|100%| O|  |TAMS 0x00000000e8900000, 0x00000000e8900000| Untracked 
| 650|0x00000000e8a00000, 0x00000000e8b00000, 0x00000000e8b00000|100%| O|  |TAMS 0x00000000e8a00000, 0x00000000e8a00000| Untracked 
| 651|0x00000000e8b00000, 0x00000000e8c00000, 0x00000000e8c00000|100%| O|  |TAMS 0x00000000e8b00000, 0x00000000e8b00000| Untracked 
| 652|0x00000000e8c00000, 0x00000000e8d00000, 0x00000000e8d00000|100%|HS|  |TAMS 0x00000000e8c00000, 0x00000000e8c00000| Complete 
| 653|0x00000000e8d00000, 0x00000000e8e00000, 0x00000000e8e00000|100%|HS|  |TAMS 0x00000000e8d00000, 0x00000000e8d00000| Complete 
| 654|0x00000000e8e00000, 0x00000000e8f00000, 0x00000000e8f00000|100%| O|  |TAMS 0x00000000e8e00000, 0x00000000e8e00000| Untracked 
| 655|0x00000000e8f00000, 0x00000000e9000000, 0x00000000e9000000|100%| O|  |TAMS 0x00000000e8f00000, 0x00000000e8f00000| Untracked 
| 656|0x00000000e9000000, 0x00000000e9100000, 0x00000000e9100000|100%| O|  |TAMS 0x00000000e9000000, 0x00000000e9000000| Untracked 
| 657|0x00000000e9100000, 0x00000000e9200000, 0x00000000e9200000|100%| O|  |TAMS 0x00000000e9100000, 0x00000000e9100000| Untracked 
| 658|0x00000000e9200000, 0x00000000e9300000, 0x00000000e9300000|100%| O|  |TAMS 0x00000000e9200000, 0x00000000e9200000| Untracked 
| 659|0x00000000e9300000, 0x00000000e9400000, 0x00000000e9400000|100%| O|  |TAMS 0x00000000e9300000, 0x00000000e9300000| Untracked 
| 660|0x00000000e9400000, 0x00000000e9500000, 0x00000000e9500000|100%| O|  |TAMS 0x00000000e9400000, 0x00000000e9400000| Untracked 
| 661|0x00000000e9500000, 0x00000000e9600000, 0x00000000e9600000|100%| O|  |TAMS 0x00000000e9500000, 0x00000000e9500000| Untracked 
| 662|0x00000000e9600000, 0x00000000e9700000, 0x00000000e9700000|100%| O|  |TAMS 0x00000000e9600000, 0x00000000e9600000| Untracked 
| 663|0x00000000e9700000, 0x00000000e9800000, 0x00000000e9800000|100%| O|  |TAMS 0x00000000e9700000, 0x00000000e9700000| Untracked 
| 664|0x00000000e9800000, 0x00000000e9900000, 0x00000000e9900000|100%| O|  |TAMS 0x00000000e9800000, 0x00000000e9800000| Untracked 
| 665|0x00000000e9900000, 0x00000000e9a00000, 0x00000000e9a00000|100%|HS|  |TAMS 0x00000000e9900000, 0x00000000e9900000| Complete 
| 666|0x00000000e9a00000, 0x00000000e9b00000, 0x00000000e9b00000|100%|HS|  |TAMS 0x00000000e9a00000, 0x00000000e9a00000| Complete 
| 667|0x00000000e9b00000, 0x00000000e9c00000, 0x00000000e9c00000|100%|HS|  |TAMS 0x00000000e9b00000, 0x00000000e9b00000| Complete 
| 668|0x00000000e9c00000, 0x00000000e9d00000, 0x00000000e9d00000|100%|HC|  |TAMS 0x00000000e9c00000, 0x00000000e9c00000| Complete 
| 669|0x00000000e9d00000, 0x00000000e9e00000, 0x00000000e9e00000|100%|HS|  |TAMS 0x00000000e9d00000, 0x00000000e9d00000| Complete 
| 670|0x00000000e9e00000, 0x00000000e9f00000, 0x00000000e9f00000|100%|HC|  |TAMS 0x00000000e9e00000, 0x00000000e9e00000| Complete 
| 671|0x00000000e9f00000, 0x00000000ea000000, 0x00000000ea000000|100%|HS|  |TAMS 0x00000000e9f00000, 0x00000000e9f00000| Complete 
| 672|0x00000000ea000000, 0x00000000ea100000, 0x00000000ea100000|100%|HS|  |TAMS 0x00000000ea000000, 0x00000000ea000000| Complete 
| 673|0x00000000ea100000, 0x00000000ea200000, 0x00000000ea200000|100%|HS|  |TAMS 0x00000000ea100000, 0x00000000ea100000| Complete 
| 674|0x00000000ea200000, 0x00000000ea300000, 0x00000000ea300000|100%|HC|  |TAMS 0x00000000ea200000, 0x00000000ea200000| Complete 
| 675|0x00000000ea300000, 0x00000000ea400000, 0x00000000ea400000|100%|HS|  |TAMS 0x00000000ea300000, 0x00000000ea300000| Complete 
| 676|0x00000000ea400000, 0x00000000ea500000, 0x00000000ea500000|100%|HC|  |TAMS 0x00000000ea400000, 0x00000000ea400000| Complete 
| 677|0x00000000ea500000, 0x00000000ea600000, 0x00000000ea600000|100%|HS|  |TAMS 0x00000000ea500000, 0x00000000ea500000| Complete 
| 678|0x00000000ea600000, 0x00000000ea700000, 0x00000000ea700000|100%| O|  |TAMS 0x00000000ea600000, 0x00000000ea600000| Untracked 
| 679|0x00000000ea700000, 0x00000000ea800000, 0x00000000ea800000|100%| O|  |TAMS 0x00000000ea700000, 0x00000000ea700000| Untracked 
| 680|0x00000000ea800000, 0x00000000ea900000, 0x00000000ea900000|100%| O|  |TAMS 0x00000000ea800000, 0x00000000ea800000| Untracked 
| 681|0x00000000ea900000, 0x00000000eaa00000, 0x00000000eaa00000|100%| O|  |TAMS 0x00000000ea900000, 0x00000000ea900000| Untracked 
| 682|0x00000000eaa00000, 0x00000000eab00000, 0x00000000eab00000|100%| O|  |TAMS 0x00000000eaa00000, 0x00000000eaa00000| Untracked 
| 683|0x00000000eab00000, 0x00000000eac00000, 0x00000000eac00000|100%| O|  |TAMS 0x00000000eab00000, 0x00000000eab00000| Untracked 
| 684|0x00000000eac00000, 0x00000000ead00000, 0x00000000ead00000|100%| O|  |TAMS 0x00000000eac00000, 0x00000000eac00000| Untracked 
| 685|0x00000000ead00000, 0x00000000eae00000, 0x00000000eae00000|100%| O|  |TAMS 0x00000000ead00000, 0x00000000ead00000| Untracked 
| 686|0x00000000eae00000, 0x00000000eaf00000, 0x00000000eaf00000|100%| O|  |TAMS 0x00000000eae00000, 0x00000000eae00000| Untracked 
| 687|0x00000000eaf00000, 0x00000000eb000000, 0x00000000eb000000|100%| O|  |TAMS 0x00000000eaf00000, 0x00000000eaf00000| Untracked 
| 688|0x00000000eb000000, 0x00000000eb100000, 0x00000000eb100000|100%| O|  |TAMS 0x00000000eb000000, 0x00000000eb000000| Untracked 
| 689|0x00000000eb100000, 0x00000000eb200000, 0x00000000eb200000|100%| O|  |TAMS 0x00000000eb100000, 0x00000000eb100000| Untracked 
| 690|0x00000000eb200000, 0x00000000eb300000, 0x00000000eb300000|100%| O|  |TAMS 0x00000000eb200000, 0x00000000eb200000| Untracked 
| 691|0x00000000eb300000, 0x00000000eb400000, 0x00000000eb400000|100%| O|  |TAMS 0x00000000eb300000, 0x00000000eb300000| Untracked 
| 692|0x00000000eb400000, 0x00000000eb500000, 0x00000000eb500000|100%| O|  |TAMS 0x00000000eb400000, 0x00000000eb400000| Untracked 
| 693|0x00000000eb500000, 0x00000000eb600000, 0x00000000eb600000|100%| O|  |TAMS 0x00000000eb500000, 0x00000000eb500000| Untracked 
| 694|0x00000000eb600000, 0x00000000eb700000, 0x00000000eb700000|100%| O|  |TAMS 0x00000000eb600000, 0x00000000eb600000| Untracked 
| 695|0x00000000eb700000, 0x00000000eb800000, 0x00000000eb800000|100%| O|  |TAMS 0x00000000eb700000, 0x00000000eb700000| Untracked 
| 696|0x00000000eb800000, 0x00000000eb900000, 0x00000000eb900000|100%| O|  |TAMS 0x00000000eb800000, 0x00000000eb800000| Untracked 
| 697|0x00000000eb900000, 0x00000000eba00000, 0x00000000eba00000|100%| O|  |TAMS 0x00000000eb900000, 0x00000000eb900000| Untracked 
| 698|0x00000000eba00000, 0x00000000ebb00000, 0x00000000ebb00000|100%| O|  |TAMS 0x00000000eba00000, 0x00000000eba00000| Untracked 
| 699|0x00000000ebb00000, 0x00000000ebc00000, 0x00000000ebc00000|100%| O|  |TAMS 0x00000000ebb00000, 0x00000000ebb00000| Untracked 
| 700|0x00000000ebc00000, 0x00000000ebd00000, 0x00000000ebd00000|100%| O|  |TAMS 0x00000000ebc00000, 0x00000000ebc00000| Untracked 
| 701|0x00000000ebd00000, 0x00000000ebe00000, 0x00000000ebe00000|100%| O|  |TAMS 0x00000000ebd00000, 0x00000000ebd00000| Untracked 
| 702|0x00000000ebe00000, 0x00000000ebf00000, 0x00000000ebf00000|100%| O|  |TAMS 0x00000000ebe00000, 0x00000000ebe00000| Untracked 
| 703|0x00000000ebf00000, 0x00000000ec000000, 0x00000000ec000000|100%| O|  |TAMS 0x00000000ebf00000, 0x00000000ebf00000| Untracked 
| 704|0x00000000ec000000, 0x00000000ec100000, 0x00000000ec100000|100%| O|  |TAMS 0x00000000ec000000, 0x00000000ec000000| Untracked 
| 705|0x00000000ec100000, 0x00000000ec200000, 0x00000000ec200000|100%| O|  |TAMS 0x00000000ec100000, 0x00000000ec100000| Untracked 
| 706|0x00000000ec200000, 0x00000000ec300000, 0x00000000ec300000|100%| O|  |TAMS 0x00000000ec200000, 0x00000000ec200000| Untracked 
| 707|0x00000000ec300000, 0x00000000ec400000, 0x00000000ec400000|100%| O|  |TAMS 0x00000000ec300000, 0x00000000ec300000| Untracked 
| 708|0x00000000ec400000, 0x00000000ec500000, 0x00000000ec500000|100%| O|  |TAMS 0x00000000ec400000, 0x00000000ec400000| Untracked 
| 709|0x00000000ec500000, 0x00000000ec600000, 0x00000000ec600000|100%| O|  |TAMS 0x00000000ec500000, 0x00000000ec500000| Untracked 
| 710|0x00000000ec600000, 0x00000000ec700000, 0x00000000ec700000|100%| O|  |TAMS 0x00000000ec600000, 0x00000000ec600000| Untracked 
| 711|0x00000000ec700000, 0x00000000ec800000, 0x00000000ec800000|100%| O|  |TAMS 0x00000000ec700000, 0x00000000ec700000| Untracked 
| 712|0x00000000ec800000, 0x00000000ec900000, 0x00000000ec900000|100%| O|  |TAMS 0x00000000ec800000, 0x00000000ec800000| Untracked 
| 713|0x00000000ec900000, 0x00000000eca00000, 0x00000000eca00000|100%| O|  |TAMS 0x00000000ec900000, 0x00000000ec900000| Untracked 
| 714|0x00000000eca00000, 0x00000000ecb00000, 0x00000000ecb00000|100%| O|  |TAMS 0x00000000eca00000, 0x00000000eca00000| Untracked 
| 715|0x00000000ecb00000, 0x00000000ecc00000, 0x00000000ecc00000|100%| O|  |TAMS 0x00000000ecb00000, 0x00000000ecb00000| Untracked 
| 716|0x00000000ecc00000, 0x00000000ecd00000, 0x00000000ecd00000|100%| O|  |TAMS 0x00000000ecc00000, 0x00000000ecc00000| Untracked 
| 717|0x00000000ecd00000, 0x00000000ece00000, 0x00000000ece00000|100%| O|  |TAMS 0x00000000ecd00000, 0x00000000ecd00000| Untracked 
| 718|0x00000000ece00000, 0x00000000ecf00000, 0x00000000ecf00000|100%| O|  |TAMS 0x00000000ece00000, 0x00000000ece00000| Untracked 
| 719|0x00000000ecf00000, 0x00000000ed000000, 0x00000000ed000000|100%| O|  |TAMS 0x00000000ecf00000, 0x00000000ecf00000| Untracked 
| 720|0x00000000ed000000, 0x00000000ed100000, 0x00000000ed100000|100%| O|  |TAMS 0x00000000ed000000, 0x00000000ed000000| Untracked 
| 721|0x00000000ed100000, 0x00000000ed200000, 0x00000000ed200000|100%| O|  |TAMS 0x00000000ed100000, 0x00000000ed100000| Untracked 
| 722|0x00000000ed200000, 0x00000000ed300000, 0x00000000ed300000|100%| O|  |TAMS 0x00000000ed200000, 0x00000000ed200000| Untracked 
| 723|0x00000000ed300000, 0x00000000ed400000, 0x00000000ed400000|100%| O|  |TAMS 0x00000000ed300000, 0x00000000ed300000| Untracked 
| 724|0x00000000ed400000, 0x00000000ed500000, 0x00000000ed500000|100%| O|  |TAMS 0x00000000ed400000, 0x00000000ed400000| Untracked 
| 725|0x00000000ed500000, 0x00000000ed52c000, 0x00000000ed600000| 17%| O|  |TAMS 0x00000000ed500000, 0x00000000ed500000| Untracked 
| 726|0x00000000ed600000, 0x00000000ed600000, 0x00000000ed700000|  0%| F|  |TAMS 0x00000000ed600000, 0x00000000ed600000| Untracked 
| 727|0x00000000ed700000, 0x00000000ed700000, 0x00000000ed800000|  0%| F|  |TAMS 0x00000000ed700000, 0x00000000ed700000| Untracked 
| 728|0x00000000ed800000, 0x00000000ed800000, 0x00000000ed900000|  0%| F|  |TAMS 0x00000000ed800000, 0x00000000ed800000| Untracked 
| 729|0x00000000ed900000, 0x00000000ed900000, 0x00000000eda00000|  0%| F|  |TAMS 0x00000000ed900000, 0x00000000ed900000| Untracked 
| 730|0x00000000eda00000, 0x00000000eda00000, 0x00000000edb00000|  0%| F|  |TAMS 0x00000000eda00000, 0x00000000eda00000| Untracked 
| 731|0x00000000edb00000, 0x00000000edb00000, 0x00000000edc00000|  0%| F|  |TAMS 0x00000000edb00000, 0x00000000edb00000| Untracked 
| 732|0x00000000edc00000, 0x00000000edc00000, 0x00000000edd00000|  0%| F|  |TAMS 0x00000000edc00000, 0x00000000edc00000| Untracked 
| 733|0x00000000edd00000, 0x00000000edd00000, 0x00000000ede00000|  0%| F|  |TAMS 0x00000000edd00000, 0x00000000edd00000| Untracked 
| 734|0x00000000ede00000, 0x00000000ede00000, 0x00000000edf00000|  0%| F|  |TAMS 0x00000000ede00000, 0x00000000ede00000| Untracked 
| 735|0x00000000edf00000, 0x00000000edf00000, 0x00000000ee000000|  0%| F|  |TAMS 0x00000000edf00000, 0x00000000edf00000| Untracked 
| 736|0x00000000ee000000, 0x00000000ee000000, 0x00000000ee100000|  0%| F|  |TAMS 0x00000000ee000000, 0x00000000ee000000| Untracked 
| 737|0x00000000ee100000, 0x00000000ee100000, 0x00000000ee200000|  0%| F|  |TAMS 0x00000000ee100000, 0x00000000ee100000| Untracked 
| 738|0x00000000ee200000, 0x00000000ee200000, 0x00000000ee300000|  0%| F|  |TAMS 0x00000000ee200000, 0x00000000ee200000| Untracked 
| 739|0x00000000ee300000, 0x00000000ee300000, 0x00000000ee400000|  0%| F|  |TAMS 0x00000000ee300000, 0x00000000ee300000| Untracked 
| 740|0x00000000ee400000, 0x00000000ee400000, 0x00000000ee500000|  0%| F|  |TAMS 0x00000000ee400000, 0x00000000ee400000| Untracked 
| 741|0x00000000ee500000, 0x00000000ee500000, 0x00000000ee600000|  0%| F|  |TAMS 0x00000000ee500000, 0x00000000ee500000| Untracked 
| 742|0x00000000ee600000, 0x00000000ee600000, 0x00000000ee700000|  0%| F|  |TAMS 0x00000000ee600000, 0x00000000ee600000| Untracked 
| 743|0x00000000ee700000, 0x00000000ee700000, 0x00000000ee800000|  0%| F|  |TAMS 0x00000000ee700000, 0x00000000ee700000| Untracked 
| 744|0x00000000ee800000, 0x00000000ee800000, 0x00000000ee900000|  0%| F|  |TAMS 0x00000000ee800000, 0x00000000ee800000| Untracked 
| 745|0x00000000ee900000, 0x00000000ee900000, 0x00000000eea00000|  0%| F|  |TAMS 0x00000000ee900000, 0x00000000ee900000| Untracked 
| 746|0x00000000eea00000, 0x00000000eea00000, 0x00000000eeb00000|  0%| F|  |TAMS 0x00000000eea00000, 0x00000000eea00000| Untracked 
| 747|0x00000000eeb00000, 0x00000000eeb00000, 0x00000000eec00000|  0%| F|  |TAMS 0x00000000eeb00000, 0x00000000eeb00000| Untracked 
| 748|0x00000000eec00000, 0x00000000eec00000, 0x00000000eed00000|  0%| F|  |TAMS 0x00000000eec00000, 0x00000000eec00000| Untracked 
| 749|0x00000000eed00000, 0x00000000eed00000, 0x00000000eee00000|  0%| F|  |TAMS 0x00000000eed00000, 0x00000000eed00000| Untracked 
| 750|0x00000000eee00000, 0x00000000eee00000, 0x00000000eef00000|  0%| F|  |TAMS 0x00000000eee00000, 0x00000000eee00000| Untracked 
| 751|0x00000000eef00000, 0x00000000eef00000, 0x00000000ef000000|  0%| F|  |TAMS 0x00000000eef00000, 0x00000000eef00000| Untracked 
| 752|0x00000000ef000000, 0x00000000ef000000, 0x00000000ef100000|  0%| F|  |TAMS 0x00000000ef000000, 0x00000000ef000000| Untracked 
| 753|0x00000000ef100000, 0x00000000ef100000, 0x00000000ef200000|  0%| F|  |TAMS 0x00000000ef100000, 0x00000000ef100000| Untracked 
| 754|0x00000000ef200000, 0x00000000ef200000, 0x00000000ef300000|  0%| F|  |TAMS 0x00000000ef200000, 0x00000000ef200000| Untracked 
| 755|0x00000000ef300000, 0x00000000ef300000, 0x00000000ef400000|  0%| F|  |TAMS 0x00000000ef300000, 0x00000000ef300000| Untracked 
| 756|0x00000000ef400000, 0x00000000ef400000, 0x00000000ef500000|  0%| F|  |TAMS 0x00000000ef400000, 0x00000000ef400000| Untracked 
| 757|0x00000000ef500000, 0x00000000ef500000, 0x00000000ef600000|  0%| F|  |TAMS 0x00000000ef500000, 0x00000000ef500000| Untracked 
| 758|0x00000000ef600000, 0x00000000ef600000, 0x00000000ef700000|  0%| F|  |TAMS 0x00000000ef600000, 0x00000000ef600000| Untracked 
| 759|0x00000000ef700000, 0x00000000ef700000, 0x00000000ef800000|  0%| F|  |TAMS 0x00000000ef700000, 0x00000000ef700000| Untracked 
| 760|0x00000000ef800000, 0x00000000ef800000, 0x00000000ef900000|  0%| F|  |TAMS 0x00000000ef800000, 0x00000000ef800000| Untracked 
| 761|0x00000000ef900000, 0x00000000ef900000, 0x00000000efa00000|  0%| F|  |TAMS 0x00000000ef900000, 0x00000000ef900000| Untracked 
| 762|0x00000000efa00000, 0x00000000efa00000, 0x00000000efb00000|  0%| F|  |TAMS 0x00000000efa00000, 0x00000000efa00000| Untracked 
| 763|0x00000000efb00000, 0x00000000efb00000, 0x00000000efc00000|  0%| F|  |TAMS 0x00000000efb00000, 0x00000000efb00000| Untracked 
| 764|0x00000000efc00000, 0x00000000efc00000, 0x00000000efd00000|  0%| F|  |TAMS 0x00000000efc00000, 0x00000000efc00000| Untracked 
| 765|0x00000000efd00000, 0x00000000efd00000, 0x00000000efe00000|  0%| F|  |TAMS 0x00000000efd00000, 0x00000000efd00000| Untracked 
| 766|0x00000000efe00000, 0x00000000efe00000, 0x00000000eff00000|  0%| F|  |TAMS 0x00000000efe00000, 0x00000000efe00000| Untracked 
| 767|0x00000000eff00000, 0x00000000eff00000, 0x00000000f0000000|  0%| F|  |TAMS 0x00000000eff00000, 0x00000000eff00000| Untracked 
| 768|0x00000000f0000000, 0x00000000f0000000, 0x00000000f0100000|  0%| F|  |TAMS 0x00000000f0000000, 0x00000000f0000000| Untracked 
| 769|0x00000000f0100000, 0x00000000f0100000, 0x00000000f0200000|  0%| F|  |TAMS 0x00000000f0100000, 0x00000000f0100000| Untracked 
| 770|0x00000000f0200000, 0x00000000f0200000, 0x00000000f0300000|  0%| F|  |TAMS 0x00000000f0200000, 0x00000000f0200000| Untracked 
| 771|0x00000000f0300000, 0x00000000f0300000, 0x00000000f0400000|  0%| F|  |TAMS 0x00000000f0300000, 0x00000000f0300000| Untracked 
| 772|0x00000000f0400000, 0x00000000f0400000, 0x00000000f0500000|  0%| F|  |TAMS 0x00000000f0400000, 0x00000000f0400000| Untracked 
| 773|0x00000000f0500000, 0x00000000f0500000, 0x00000000f0600000|  0%| F|  |TAMS 0x00000000f0500000, 0x00000000f0500000| Untracked 
| 774|0x00000000f0600000, 0x00000000f0600000, 0x00000000f0700000|  0%| F|  |TAMS 0x00000000f0600000, 0x00000000f0600000| Untracked 
| 775|0x00000000f0700000, 0x00000000f0700000, 0x00000000f0800000|  0%| F|  |TAMS 0x00000000f0700000, 0x00000000f0700000| Untracked 
| 776|0x00000000f0800000, 0x00000000f0800000, 0x00000000f0900000|  0%| F|  |TAMS 0x00000000f0800000, 0x00000000f0800000| Untracked 
| 777|0x00000000f0900000, 0x00000000f0900000, 0x00000000f0a00000|  0%| F|  |TAMS 0x00000000f0900000, 0x00000000f0900000| Untracked 
| 778|0x00000000f0a00000, 0x00000000f0a00000, 0x00000000f0b00000|  0%| F|  |TAMS 0x00000000f0a00000, 0x00000000f0a00000| Untracked 
| 779|0x00000000f0b00000, 0x00000000f0b00000, 0x00000000f0c00000|  0%| F|  |TAMS 0x00000000f0b00000, 0x00000000f0b00000| Untracked 
| 780|0x00000000f0c00000, 0x00000000f0c00000, 0x00000000f0d00000|  0%| F|  |TAMS 0x00000000f0c00000, 0x00000000f0c00000| Untracked 
| 781|0x00000000f0d00000, 0x00000000f0d00000, 0x00000000f0e00000|  0%| F|  |TAMS 0x00000000f0d00000, 0x00000000f0d00000| Untracked 
| 782|0x00000000f0e00000, 0x00000000f0e00000, 0x00000000f0f00000|  0%| F|  |TAMS 0x00000000f0e00000, 0x00000000f0e00000| Untracked 
| 783|0x00000000f0f00000, 0x00000000f0f00000, 0x00000000f1000000|  0%| F|  |TAMS 0x00000000f0f00000, 0x00000000f0f00000| Untracked 
| 784|0x00000000f1000000, 0x00000000f1000000, 0x00000000f1100000|  0%| F|  |TAMS 0x00000000f1000000, 0x00000000f1000000| Untracked 
| 785|0x00000000f1100000, 0x00000000f1100000, 0x00000000f1200000|  0%| F|  |TAMS 0x00000000f1100000, 0x00000000f1100000| Untracked 
| 786|0x00000000f1200000, 0x00000000f1200000, 0x00000000f1300000|  0%| F|  |TAMS 0x00000000f1200000, 0x00000000f1200000| Untracked 
| 787|0x00000000f1300000, 0x00000000f1300000, 0x00000000f1400000|  0%| F|  |TAMS 0x00000000f1300000, 0x00000000f1300000| Untracked 
| 788|0x00000000f1400000, 0x00000000f1400000, 0x00000000f1500000|  0%| F|  |TAMS 0x00000000f1400000, 0x00000000f1400000| Untracked 
| 789|0x00000000f1500000, 0x00000000f1500000, 0x00000000f1600000|  0%| F|  |TAMS 0x00000000f1500000, 0x00000000f1500000| Untracked 
| 790|0x00000000f1600000, 0x00000000f1600000, 0x00000000f1700000|  0%| F|  |TAMS 0x00000000f1600000, 0x00000000f1600000| Untracked 
| 791|0x00000000f1700000, 0x00000000f1700000, 0x00000000f1800000|  0%| F|  |TAMS 0x00000000f1700000, 0x00000000f1700000| Untracked 
| 792|0x00000000f1800000, 0x00000000f1800000, 0x00000000f1900000|  0%| F|  |TAMS 0x00000000f1800000, 0x00000000f1800000| Untracked 
| 793|0x00000000f1900000, 0x00000000f1900000, 0x00000000f1a00000|  0%| F|  |TAMS 0x00000000f1900000, 0x00000000f1900000| Untracked 
| 794|0x00000000f1a00000, 0x00000000f1a00000, 0x00000000f1b00000|  0%| F|  |TAMS 0x00000000f1a00000, 0x00000000f1a00000| Untracked 
| 795|0x00000000f1b00000, 0x00000000f1b00000, 0x00000000f1c00000|  0%| F|  |TAMS 0x00000000f1b00000, 0x00000000f1b00000| Untracked 
| 796|0x00000000f1c00000, 0x00000000f1c00000, 0x00000000f1d00000|  0%| F|  |TAMS 0x00000000f1c00000, 0x00000000f1c00000| Untracked 
| 797|0x00000000f1d00000, 0x00000000f1d00000, 0x00000000f1e00000|  0%| F|  |TAMS 0x00000000f1d00000, 0x00000000f1d00000| Untracked 
| 798|0x00000000f1e00000, 0x00000000f1e00000, 0x00000000f1f00000|  0%| F|  |TAMS 0x00000000f1e00000, 0x00000000f1e00000| Untracked 
| 799|0x00000000f1f00000, 0x00000000f1f00000, 0x00000000f2000000|  0%| F|  |TAMS 0x00000000f1f00000, 0x00000000f1f00000| Untracked 
| 800|0x00000000f2000000, 0x00000000f2000000, 0x00000000f2100000|  0%| F|  |TAMS 0x00000000f2000000, 0x00000000f2000000| Untracked 
| 801|0x00000000f2100000, 0x00000000f2100000, 0x00000000f2200000|  0%| F|  |TAMS 0x00000000f2100000, 0x00000000f2100000| Untracked 
| 802|0x00000000f2200000, 0x00000000f2200000, 0x00000000f2300000|  0%| F|  |TAMS 0x00000000f2200000, 0x00000000f2200000| Untracked 
| 803|0x00000000f2300000, 0x00000000f2300000, 0x00000000f2400000|  0%| F|  |TAMS 0x00000000f2300000, 0x00000000f2300000| Untracked 
| 804|0x00000000f2400000, 0x00000000f2400000, 0x00000000f2500000|  0%| F|  |TAMS 0x00000000f2400000, 0x00000000f2400000| Untracked 
| 805|0x00000000f2500000, 0x00000000f2500000, 0x00000000f2600000|  0%| F|  |TAMS 0x00000000f2500000, 0x00000000f2500000| Untracked 
| 806|0x00000000f2600000, 0x00000000f2600000, 0x00000000f2700000|  0%| F|  |TAMS 0x00000000f2600000, 0x00000000f2600000| Untracked 
| 807|0x00000000f2700000, 0x00000000f2700000, 0x00000000f2800000|  0%| F|  |TAMS 0x00000000f2700000, 0x00000000f2700000| Untracked 
| 808|0x00000000f2800000, 0x00000000f2800000, 0x00000000f2900000|  0%| F|  |TAMS 0x00000000f2800000, 0x00000000f2800000| Untracked 
| 809|0x00000000f2900000, 0x00000000f2900000, 0x00000000f2a00000|  0%| F|  |TAMS 0x00000000f2900000, 0x00000000f2900000| Untracked 
| 810|0x00000000f2a00000, 0x00000000f2a00000, 0x00000000f2b00000|  0%| F|  |TAMS 0x00000000f2a00000, 0x00000000f2a00000| Untracked 
| 811|0x00000000f2b00000, 0x00000000f2b00000, 0x00000000f2c00000|  0%| F|  |TAMS 0x00000000f2b00000, 0x00000000f2b00000| Untracked 
| 812|0x00000000f2c00000, 0x00000000f2c00000, 0x00000000f2d00000|  0%| F|  |TAMS 0x00000000f2c00000, 0x00000000f2c00000| Untracked 
| 813|0x00000000f2d00000, 0x00000000f2d00000, 0x00000000f2e00000|  0%| F|  |TAMS 0x00000000f2d00000, 0x00000000f2d00000| Untracked 
| 814|0x00000000f2e00000, 0x00000000f2e00000, 0x00000000f2f00000|  0%| F|  |TAMS 0x00000000f2e00000, 0x00000000f2e00000| Untracked 
| 815|0x00000000f2f00000, 0x00000000f2f00000, 0x00000000f3000000|  0%| F|  |TAMS 0x00000000f2f00000, 0x00000000f2f00000| Untracked 
| 816|0x00000000f3000000, 0x00000000f3000000, 0x00000000f3100000|  0%| F|  |TAMS 0x00000000f3000000, 0x00000000f3000000| Untracked 
| 817|0x00000000f3100000, 0x00000000f3100000, 0x00000000f3200000|  0%| F|  |TAMS 0x00000000f3100000, 0x00000000f3100000| Untracked 
| 818|0x00000000f3200000, 0x00000000f3200000, 0x00000000f3300000|  0%| F|  |TAMS 0x00000000f3200000, 0x00000000f3200000| Untracked 
| 819|0x00000000f3300000, 0x00000000f3300000, 0x00000000f3400000|  0%| F|  |TAMS 0x00000000f3300000, 0x00000000f3300000| Untracked 
| 820|0x00000000f3400000, 0x00000000f3400000, 0x00000000f3500000|  0%| F|  |TAMS 0x00000000f3400000, 0x00000000f3400000| Untracked 
| 821|0x00000000f3500000, 0x00000000f3500000, 0x00000000f3600000|  0%| F|  |TAMS 0x00000000f3500000, 0x00000000f3500000| Untracked 
| 822|0x00000000f3600000, 0x00000000f3600000, 0x00000000f3700000|  0%| F|  |TAMS 0x00000000f3600000, 0x00000000f3600000| Untracked 
| 823|0x00000000f3700000, 0x00000000f3700000, 0x00000000f3800000|  0%| F|  |TAMS 0x00000000f3700000, 0x00000000f3700000| Untracked 
| 824|0x00000000f3800000, 0x00000000f3800000, 0x00000000f3900000|  0%| F|  |TAMS 0x00000000f3800000, 0x00000000f3800000| Untracked 
| 825|0x00000000f3900000, 0x00000000f3900000, 0x00000000f3a00000|  0%| F|  |TAMS 0x00000000f3900000, 0x00000000f3900000| Untracked 
| 826|0x00000000f3a00000, 0x00000000f3a00000, 0x00000000f3b00000|  0%| F|  |TAMS 0x00000000f3a00000, 0x00000000f3a00000| Untracked 
| 827|0x00000000f3b00000, 0x00000000f3b00000, 0x00000000f3c00000|  0%| F|  |TAMS 0x00000000f3b00000, 0x00000000f3b00000| Untracked 
| 828|0x00000000f3c00000, 0x00000000f3c00000, 0x00000000f3d00000|  0%| F|  |TAMS 0x00000000f3c00000, 0x00000000f3c00000| Untracked 
| 829|0x00000000f3d00000, 0x00000000f3d00000, 0x00000000f3e00000|  0%| F|  |TAMS 0x00000000f3d00000, 0x00000000f3d00000| Untracked 
| 830|0x00000000f3e00000, 0x00000000f3e00000, 0x00000000f3f00000|  0%| F|  |TAMS 0x00000000f3e00000, 0x00000000f3e00000| Untracked 
| 831|0x00000000f3f00000, 0x00000000f3f00000, 0x00000000f4000000|  0%| F|  |TAMS 0x00000000f3f00000, 0x00000000f3f00000| Untracked 
| 832|0x00000000f4000000, 0x00000000f405a8a0, 0x00000000f4100000| 35%| S|CS|TAMS 0x00000000f4000000, 0x00000000f4000000| Complete 
| 833|0x00000000f4100000, 0x00000000f4200000, 0x00000000f4200000|100%| S|CS|TAMS 0x00000000f4100000, 0x00000000f4100000| Complete 
| 834|0x00000000f4200000, 0x00000000f4300000, 0x00000000f4300000|100%| S|CS|TAMS 0x00000000f4200000, 0x00000000f4200000| Complete 
| 835|0x00000000f4300000, 0x00000000f4400000, 0x00000000f4400000|100%| S|CS|TAMS 0x00000000f4300000, 0x00000000f4300000| Complete 
| 836|0x00000000f4400000, 0x00000000f4500000, 0x00000000f4500000|100%| S|CS|TAMS 0x00000000f4400000, 0x00000000f4400000| Complete 
| 837|0x00000000f4500000, 0x00000000f4600000, 0x00000000f4600000|100%| S|CS|TAMS 0x00000000f4500000, 0x00000000f4500000| Complete 
| 838|0x00000000f4600000, 0x00000000f4700000, 0x00000000f4700000|100%| S|CS|TAMS 0x00000000f4600000, 0x00000000f4600000| Complete 
| 839|0x00000000f4700000, 0x00000000f4800000, 0x00000000f4800000|100%| S|CS|TAMS 0x00000000f4700000, 0x00000000f4700000| Complete 
| 840|0x00000000f4800000, 0x00000000f4900000, 0x00000000f4900000|100%| S|CS|TAMS 0x00000000f4800000, 0x00000000f4800000| Complete 
| 841|0x00000000f4900000, 0x00000000f4a00000, 0x00000000f4a00000|100%| S|CS|TAMS 0x00000000f4900000, 0x00000000f4900000| Complete 
| 842|0x00000000f4a00000, 0x00000000f4a00000, 0x00000000f4b00000|  0%| F|  |TAMS 0x00000000f4a00000, 0x00000000f4a00000| Untracked 
| 843|0x00000000f4b00000, 0x00000000f4b00000, 0x00000000f4c00000|  0%| F|  |TAMS 0x00000000f4b00000, 0x00000000f4b00000| Untracked 
| 844|0x00000000f4c00000, 0x00000000f4c00000, 0x00000000f4d00000|  0%| F|  |TAMS 0x00000000f4c00000, 0x00000000f4c00000| Untracked 
| 845|0x00000000f4d00000, 0x00000000f4d00000, 0x00000000f4e00000|  0%| F|  |TAMS 0x00000000f4d00000, 0x00000000f4d00000| Untracked 
| 846|0x00000000f4e00000, 0x00000000f4e00000, 0x00000000f4f00000|  0%| F|  |TAMS 0x00000000f4e00000, 0x00000000f4e00000| Untracked 
| 847|0x00000000f4f00000, 0x00000000f4f00000, 0x00000000f5000000|  0%| F|  |TAMS 0x00000000f4f00000, 0x00000000f4f00000| Untracked 
| 848|0x00000000f5000000, 0x00000000f5000000, 0x00000000f5100000|  0%| F|  |TAMS 0x00000000f5000000, 0x00000000f5000000| Untracked 
| 849|0x00000000f5100000, 0x00000000f5100000, 0x00000000f5200000|  0%| F|  |TAMS 0x00000000f5100000, 0x00000000f5100000| Untracked 
| 850|0x00000000f5200000, 0x00000000f5200000, 0x00000000f5300000|  0%| F|  |TAMS 0x00000000f5200000, 0x00000000f5200000| Untracked 
| 851|0x00000000f5300000, 0x00000000f5300000, 0x00000000f5400000|  0%| F|  |TAMS 0x00000000f5300000, 0x00000000f5300000| Untracked 
| 852|0x00000000f5400000, 0x00000000f5400000, 0x00000000f5500000|  0%| F|  |TAMS 0x00000000f5400000, 0x00000000f5400000| Untracked 
| 853|0x00000000f5500000, 0x00000000f5500000, 0x00000000f5600000|  0%| F|  |TAMS 0x00000000f5500000, 0x00000000f5500000| Untracked 
| 854|0x00000000f5600000, 0x00000000f5600000, 0x00000000f5700000|  0%| F|  |TAMS 0x00000000f5600000, 0x00000000f5600000| Untracked 
| 855|0x00000000f5700000, 0x00000000f5700000, 0x00000000f5800000|  0%| F|  |TAMS 0x00000000f5700000, 0x00000000f5700000| Untracked 
| 856|0x00000000f5800000, 0x00000000f5800000, 0x00000000f5900000|  0%| F|  |TAMS 0x00000000f5800000, 0x00000000f5800000| Untracked 
| 857|0x00000000f5900000, 0x00000000f5900000, 0x00000000f5a00000|  0%| F|  |TAMS 0x00000000f5900000, 0x00000000f5900000| Untracked 
| 858|0x00000000f5a00000, 0x00000000f5a00000, 0x00000000f5b00000|  0%| F|  |TAMS 0x00000000f5a00000, 0x00000000f5a00000| Untracked 
| 859|0x00000000f5b00000, 0x00000000f5b00000, 0x00000000f5c00000|  0%| F|  |TAMS 0x00000000f5b00000, 0x00000000f5b00000| Untracked 
| 860|0x00000000f5c00000, 0x00000000f5c00000, 0x00000000f5d00000|  0%| F|  |TAMS 0x00000000f5c00000, 0x00000000f5c00000| Untracked 
| 861|0x00000000f5d00000, 0x00000000f5d00000, 0x00000000f5e00000|  0%| F|  |TAMS 0x00000000f5d00000, 0x00000000f5d00000| Untracked 
| 862|0x00000000f5e00000, 0x00000000f5e00000, 0x00000000f5f00000|  0%| F|  |TAMS 0x00000000f5e00000, 0x00000000f5e00000| Untracked 
| 863|0x00000000f5f00000, 0x00000000f5f00000, 0x00000000f6000000|  0%| F|  |TAMS 0x00000000f5f00000, 0x00000000f5f00000| Untracked 
| 864|0x00000000f6000000, 0x00000000f6000000, 0x00000000f6100000|  0%| F|  |TAMS 0x00000000f6000000, 0x00000000f6000000| Untracked 
| 865|0x00000000f6100000, 0x00000000f6100000, 0x00000000f6200000|  0%| F|  |TAMS 0x00000000f6100000, 0x00000000f6100000| Untracked 
| 866|0x00000000f6200000, 0x00000000f6200000, 0x00000000f6300000|  0%| F|  |TAMS 0x00000000f6200000, 0x00000000f6200000| Untracked 
| 867|0x00000000f6300000, 0x00000000f6300000, 0x00000000f6400000|  0%| F|  |TAMS 0x00000000f6300000, 0x00000000f6300000| Untracked 
| 868|0x00000000f6400000, 0x00000000f6400000, 0x00000000f6500000|  0%| F|  |TAMS 0x00000000f6400000, 0x00000000f6400000| Untracked 
| 869|0x00000000f6500000, 0x00000000f6500000, 0x00000000f6600000|  0%| F|  |TAMS 0x00000000f6500000, 0x00000000f6500000| Untracked 
| 870|0x00000000f6600000, 0x00000000f6600000, 0x00000000f6700000|  0%| F|  |TAMS 0x00000000f6600000, 0x00000000f6600000| Untracked 
| 871|0x00000000f6700000, 0x00000000f6700000, 0x00000000f6800000|  0%| F|  |TAMS 0x00000000f6700000, 0x00000000f6700000| Untracked 
| 872|0x00000000f6800000, 0x00000000f6800000, 0x00000000f6900000|  0%| F|  |TAMS 0x00000000f6800000, 0x00000000f6800000| Untracked 
| 873|0x00000000f6900000, 0x00000000f6900000, 0x00000000f6a00000|  0%| F|  |TAMS 0x00000000f6900000, 0x00000000f6900000| Untracked 
| 874|0x00000000f6a00000, 0x00000000f6a00000, 0x00000000f6b00000|  0%| F|  |TAMS 0x00000000f6a00000, 0x00000000f6a00000| Untracked 
| 875|0x00000000f6b00000, 0x00000000f6b00000, 0x00000000f6c00000|  0%| F|  |TAMS 0x00000000f6b00000, 0x00000000f6b00000| Untracked 
| 876|0x00000000f6c00000, 0x00000000f6c00000, 0x00000000f6d00000|  0%| F|  |TAMS 0x00000000f6c00000, 0x00000000f6c00000| Untracked 
| 877|0x00000000f6d00000, 0x00000000f6d80000, 0x00000000f6e00000| 50%| E|  |TAMS 0x00000000f6d00000, 0x00000000f6d00000| Complete 
| 878|0x00000000f6e00000, 0x00000000f6f00000, 0x00000000f6f00000|100%| E|CS|TAMS 0x00000000f6e00000, 0x00000000f6e00000| Complete 
| 879|0x00000000f6f00000, 0x00000000f7000000, 0x00000000f7000000|100%| E|CS|TAMS 0x00000000f6f00000, 0x00000000f6f00000| Complete 
| 880|0x00000000f7000000, 0x00000000f7100000, 0x00000000f7100000|100%| E|CS|TAMS 0x00000000f7000000, 0x00000000f7000000| Complete 
| 881|0x00000000f7100000, 0x00000000f7200000, 0x00000000f7200000|100%| E|CS|TAMS 0x00000000f7100000, 0x00000000f7100000| Complete 
| 882|0x00000000f7200000, 0x00000000f7300000, 0x00000000f7300000|100%| E|CS|TAMS 0x00000000f7200000, 0x00000000f7200000| Complete 
| 883|0x00000000f7300000, 0x00000000f7400000, 0x00000000f7400000|100%| E|CS|TAMS 0x00000000f7300000, 0x00000000f7300000| Complete 
| 884|0x00000000f7400000, 0x00000000f7500000, 0x00000000f7500000|100%| E|CS|TAMS 0x00000000f7400000, 0x00000000f7400000| Complete 
| 885|0x00000000f7500000, 0x00000000f7600000, 0x00000000f7600000|100%| E|CS|TAMS 0x00000000f7500000, 0x00000000f7500000| Complete 
| 886|0x00000000f7600000, 0x00000000f7700000, 0x00000000f7700000|100%| E|CS|TAMS 0x00000000f7600000, 0x00000000f7600000| Complete 
| 887|0x00000000f7700000, 0x00000000f7800000, 0x00000000f7800000|100%| E|CS|TAMS 0x00000000f7700000, 0x00000000f7700000| Complete 
| 888|0x00000000f7800000, 0x00000000f7900000, 0x00000000f7900000|100%| E|CS|TAMS 0x00000000f7800000, 0x00000000f7800000| Complete 
| 889|0x00000000f7900000, 0x00000000f7a00000, 0x00000000f7a00000|100%| E|CS|TAMS 0x00000000f7900000, 0x00000000f7900000| Complete 
| 890|0x00000000f7a00000, 0x00000000f7b00000, 0x00000000f7b00000|100%| E|CS|TAMS 0x00000000f7a00000, 0x00000000f7a00000| Complete 
| 891|0x00000000f7b00000, 0x00000000f7c00000, 0x00000000f7c00000|100%| E|CS|TAMS 0x00000000f7b00000, 0x00000000f7b00000| Complete 
| 892|0x00000000f7c00000, 0x00000000f7d00000, 0x00000000f7d00000|100%| E|CS|TAMS 0x00000000f7c00000, 0x00000000f7c00000| Complete 
| 893|0x00000000f7d00000, 0x00000000f7e00000, 0x00000000f7e00000|100%| E|CS|TAMS 0x00000000f7d00000, 0x00000000f7d00000| Complete 
| 894|0x00000000f7e00000, 0x00000000f7f00000, 0x00000000f7f00000|100%| E|CS|TAMS 0x00000000f7e00000, 0x00000000f7e00000| Complete 
| 895|0x00000000f7f00000, 0x00000000f8000000, 0x00000000f8000000|100%| E|CS|TAMS 0x00000000f7f00000, 0x00000000f7f00000| Complete 
| 896|0x00000000f8000000, 0x00000000f8100000, 0x00000000f8100000|100%| E|CS|TAMS 0x00000000f8000000, 0x00000000f8000000| Complete 
| 897|0x00000000f8100000, 0x00000000f8200000, 0x00000000f8200000|100%| E|CS|TAMS 0x00000000f8100000, 0x00000000f8100000| Complete 
| 898|0x00000000f8200000, 0x00000000f8300000, 0x00000000f8300000|100%| E|CS|TAMS 0x00000000f8200000, 0x00000000f8200000| Complete 
| 899|0x00000000f8300000, 0x00000000f8400000, 0x00000000f8400000|100%| E|CS|TAMS 0x00000000f8300000, 0x00000000f8300000| Complete 
| 900|0x00000000f8400000, 0x00000000f8500000, 0x00000000f8500000|100%| E|CS|TAMS 0x00000000f8400000, 0x00000000f8400000| Complete 
| 901|0x00000000f8500000, 0x00000000f8600000, 0x00000000f8600000|100%| E|CS|TAMS 0x00000000f8500000, 0x00000000f8500000| Complete 
| 902|0x00000000f8600000, 0x00000000f8700000, 0x00000000f8700000|100%| E|CS|TAMS 0x00000000f8600000, 0x00000000f8600000| Complete 
| 903|0x00000000f8700000, 0x00000000f8800000, 0x00000000f8800000|100%| E|CS|TAMS 0x00000000f8700000, 0x00000000f8700000| Complete 
| 904|0x00000000f8800000, 0x00000000f8900000, 0x00000000f8900000|100%| E|CS|TAMS 0x00000000f8800000, 0x00000000f8800000| Complete 
| 905|0x00000000f8900000, 0x00000000f8a00000, 0x00000000f8a00000|100%| E|CS|TAMS 0x00000000f8900000, 0x00000000f8900000| Complete 
| 906|0x00000000f8a00000, 0x00000000f8b00000, 0x00000000f8b00000|100%| E|CS|TAMS 0x00000000f8a00000, 0x00000000f8a00000| Complete 
| 907|0x00000000f8b00000, 0x00000000f8c00000, 0x00000000f8c00000|100%| E|CS|TAMS 0x00000000f8b00000, 0x00000000f8b00000| Complete 
| 908|0x00000000f8c00000, 0x00000000f8d00000, 0x00000000f8d00000|100%| E|CS|TAMS 0x00000000f8c00000, 0x00000000f8c00000| Complete 
| 909|0x00000000f8d00000, 0x00000000f8e00000, 0x00000000f8e00000|100%| E|CS|TAMS 0x00000000f8d00000, 0x00000000f8d00000| Complete 
| 910|0x00000000f8e00000, 0x00000000f8f00000, 0x00000000f8f00000|100%| E|CS|TAMS 0x00000000f8e00000, 0x00000000f8e00000| Complete 
| 911|0x00000000f8f00000, 0x00000000f9000000, 0x00000000f9000000|100%| E|CS|TAMS 0x00000000f8f00000, 0x00000000f8f00000| Complete 
| 912|0x00000000f9000000, 0x00000000f9100000, 0x00000000f9100000|100%| E|CS|TAMS 0x00000000f9000000, 0x00000000f9000000| Complete 
| 913|0x00000000f9100000, 0x00000000f9200000, 0x00000000f9200000|100%| E|CS|TAMS 0x00000000f9100000, 0x00000000f9100000| Complete 
| 914|0x00000000f9200000, 0x00000000f9300000, 0x00000000f9300000|100%| E|CS|TAMS 0x00000000f9200000, 0x00000000f9200000| Complete 
|1022|0x00000000ffe00000, 0x00000000ffe75000, 0x00000000fff00000| 45%|OA|  |TAMS 0x00000000ffe75000, 0x00000000ffe00000| Untracked 
|1023|0x00000000fff00000, 0x00000000fff78000, 0x0000000100000000| 46%|CA|  |TAMS 0x00000000fff78000, 0x00000000fff00000| Untracked 

Card table byte_map: [0x00007bc023a00000,0x00007bc023c00000] _byte_map_base: 0x00007bc023400000

Marking Bits (Prev, Next): (CMBitMap*) 0x000000001d89d890, (CMBitMap*) 0x000000001d89d8d0
 Prev Bits: [0x00007bc022800000, 0x00007bc023800000)
 Next Bits: [0x00007bc021800000, 0x00007bc022800000)

Polling page: 0x00007bc070bad000

Metaspace:

Usage:
  Non-class:     10.43 MB used.
      Class:      1.65 MB used.
       Both:     12.09 MB used.

Virtual space:
  Non-class space:       64.00 MB reserved,      10.56 MB ( 17%) committed,  1 nodes.
      Class space:        1.00 GB reserved,       1.75 MB ( <1%) committed,  1 nodes.
             Both:        1.06 GB reserved,      12.31 MB (  1%) committed. 

Chunk freelists:
   Non-Class:  5.08 MB
       Class:  14.23 MB
        Both:  19.31 MB

MaxMetaspaceSize: unlimited
CompressedClassSpaceSize: 1.00 GB
Initial GC threshold: 21.00 MB
Current GC threshold: 21.00 MB
CDS: on
MetaspaceReclaimPolicy: balanced
 - commit_granule_bytes: 65536.
 - commit_granule_words: 8192.
 - virtual_space_node_default_size: 8388608.
 - enlarge_chunks_in_place: 1.
 - new_chunks_are_fully_committed: 0.
 - uncommit_free_chunks: 1.
 - use_allocation_guard: 0.
 - handle_deallocations: 1.


Internal statistics:

num_allocs_failed_limit: 0.
num_arena_births: 146.
num_arena_deaths: 0.
num_vsnodes_births: 2.
num_vsnodes_deaths: 0.
num_space_committed: 197.
num_space_uncommitted: 0.
num_chunks_returned_to_freelist: 0.
num_chunks_taken_from_freelist: 491.
num_chunk_merges: 0.
num_chunk_splits: 366.
num_chunks_enlarged: 294.
num_inconsistent_stats: 0.

CodeHeap 'non-profiled nmethods': size=120028Kb used=3766Kb max_used=3766Kb free=116261Kb
 bounds [0x00007bc000ec9000, 0x00007bc001279000, 0x00007bc008400000]
CodeHeap 'profiled nmethods': size=120028Kb used=5947Kb max_used=5947Kb free=114080Kb
 bounds [0x00007bbff9400000, 0x00007bbff99d0000, 0x00007bc000937000]
CodeHeap 'non-nmethods': size=5704Kb used=1179Kb max_used=1258Kb free=4524Kb
 bounds [0x00007bc000937000, 0x00007bc000ba7000, 0x00007bc000ec9000]
 total_blobs=4201 nmethods=3728 adapters=385
 compilation: enabled
              stopped_count=0, restarted_count=0
 full_count=0

Compilation events (20 events):
Event: 4.719 Thread 0x000000001edc5920 4374       1       scala.collection.mutable.DefaultEntry::key (5 bytes)
Event: 4.719 Thread 0x000000001edc5920 nmethod 4374 0x00007bc001274490 code [0x00007bc001274620, 0x00007bc0012746f0]
Event: 4.719 Thread 0x000000001edc5920 4372       1       scala.collection.mutable.HashMap::sizemap (5 bytes)
Event: 4.719 Thread 0x000000001edc5920 nmethod 4372 0x00007bc001274790 code [0x00007bc001274920, 0x00007bc0012749f0]
Event: 4.719 Thread 0x000000001edc5920 4373       1       scala.collection.mutable.DefaultEntry::next_$eq (6 bytes)
Event: 4.719 Thread 0x000000001edc5920 nmethod 4373 0x00007bc001274a90 code [0x00007bc001274c20, 0x00007bc001274d30]
Event: 28.651 Thread 0x000000001edc5920 4376       1       org.jpype.ref.JPypeReferenceQueue::access$100 (5 bytes)
Event: 28.651 Thread 0x000000001edc5920 nmethod 4376 0x00007bc001275110 code [0x00007bc0012752a0, 0x00007bc001275350]
Event: 28.901 Thread 0x000000001edc5920 4377       1       org.jpype.ref.JPypeReferenceQueue::access$200 (5 bytes)
Event: 28.901 Thread 0x000000001edc5920 nmethod 4377 0x00007bc001275410 code [0x00007bc0012755a0, 0x00007bc001275650]
Event: 449.539 Thread 0x000000001edc5920 4378   !   3       java.lang.ref.ReferenceQueue::remove (125 bytes)
Event: 449.540 Thread 0x000000001edc5920 nmethod 4378 0x00007bbff99cd810 code [0x00007bbff99cda40, 0x00007bbff99ce1b0]
Event: 574.828 Thread 0x000000001edc43a0 4379       4       java.lang.ref.ReferenceQueue::reallyPoll (65 bytes)
Event: 574.829 Thread 0x000000001edc43a0 nmethod 4379 0x00007bc001275710 code [0x00007bc0012758a0, 0x00007bc001275b98]
Event: 1624.604 Thread 0x000000001edc5920 4380   !   3       jdk.internal.ref.PhantomCleanable::isListEmpty (34 bytes)
Event: 1624.604 Thread 0x000000001edc5920 nmethod 4380 0x00007bbff99ce490 code [0x00007bbff99ce640, 0x00007bbff99ce870]
Event: 1624.604 Thread 0x000000001edc5920 4381       3       jdk.internal.misc.InnocuousThread::eraseThreadLocals (23 bytes)
Event: 1624.604 Thread 0x000000001edc5920 nmethod 4381 0x00007bbff99ce990 code [0x00007bbff99ceb40, 0x00007bbff99ced30]
Event: 1724.676 Thread 0x000000001edc43a0 4382   !   4       java.lang.ref.ReferenceQueue::remove (125 bytes)
Event: 1724.680 Thread 0x000000001edc43a0 nmethod 4382 0x00007bc001275c10 code [0x00007bc001275dc0, 0x00007bc001276708]

GC Heap History (20 events):
Event: 3.512 GC heap before
{Heap before GC invocations=55 (full 4):
 garbage-first heap   total 893952K, used 770655K [0x00000000c0000000, 0x0000000100000000)
  region size 1024K, 146 young (149504K), 15 survivors (15360K)
 Metaspace       used 4596K, committed 4800K, reserved 1114112K
  class space    used 400K, committed 512K, reserved 1048576K
}
Event: 3.516 GC heap after
{Heap after GC invocations=56 (full 4):
 garbage-first heap   total 922624K, used 648799K [0x00000000c0000000, 0x0000000100000000)
  region size 1024K, 13 young (13312K), 13 survivors (13312K)
 Metaspace       used 4596K, committed 4800K, reserved 1114112K
  class space    used 400K, committed 512K, reserved 1048576K
}
Event: 3.589 GC heap before
{Heap before GC invocations=56 (full 4):
 garbage-first heap   total 922624K, used 794207K [0x00000000c0000000, 0x0000000100000000)
  region size 1024K, 155 young (158720K), 13 survivors (13312K)
 Metaspace       used 4596K, committed 4800K, reserved 1114112K
  class space    used 400K, committed 512K, reserved 1048576K
}
Event: 3.600 GC heap after
{Heap after GC invocations=57 (full 4):
 garbage-first heap   total 922624K, used 662245K [0x00000000c0000000, 0x0000000100000000)
  region size 1024K, 14 young (14336K), 14 survivors (14336K)
 Metaspace       used 4596K, committed 4800K, reserved 1114112K
  class space    used 400K, committed 512K, reserved 1048576K
}
Event: 4.004 GC heap before
{Heap before GC invocations=57 (full 4):
 garbage-first heap   total 922624K, used 802533K [0x00000000c0000000, 0x0000000100000000)
  region size 1024K, 145 young (148480K), 14 survivors (14336K)
 Metaspace       used 10196K, committed 10432K, reserved 1114112K
  class space    used 1332K, committed 1408K, reserved 1048576K
}
Event: 4.011 GC heap after
{Heap after GC invocations=58 (full 4):
 garbage-first heap   total 922624K, used 678808K [0x00000000c0000000, 0x0000000100000000)
  region size 1024K, 11 young (11264K), 11 survivors (11264K)
 Metaspace       used 10196K, committed 10432K, reserved 1114112K
  class space    used 1332K, committed 1408K, reserved 1048576K
}
Event: 4.167 GC heap before
{Heap before GC invocations=58 (full 4):
 garbage-first heap   total 922624K, used 799640K [0x00000000c0000000, 0x0000000100000000)
  region size 1024K, 127 young (130048K), 11 survivors (11264K)
 Metaspace       used 10636K, committed 10816K, reserved 1114112K
  class space    used 1421K, committed 1472K, reserved 1048576K
}
Event: 4.172 GC heap after
{Heap after GC invocations=59 (full 4):
 garbage-first heap   total 922624K, used 686436K [0x00000000c0000000, 0x0000000100000000)
  region size 1024K, 6 young (6144K), 6 survivors (6144K)
 Metaspace       used 10636K, committed 10816K, reserved 1114112K
  class space    used 1421K, committed 1472K, reserved 1048576K
}
Event: 4.272 GC heap before
{Heap before GC invocations=59 (full 4):
 garbage-first heap   total 922624K, used 807268K [0x00000000c0000000, 0x0000000100000000)
  region size 1024K, 117 young (119808K), 6 survivors (6144K)
 Metaspace       used 10640K, committed 10816K, reserved 1114112K
  class space    used 1421K, committed 1472K, reserved 1048576K
}
Event: 4.275 GC heap after
{Heap after GC invocations=60 (full 4):
 garbage-first heap   total 922624K, used 698014K [0x00000000c0000000, 0x0000000100000000)
  region size 1024K, 9 young (9216K), 9 survivors (9216K)
 Metaspace       used 10640K, committed 10816K, reserved 1114112K
  class space    used 1421K, committed 1472K, reserved 1048576K
}
Event: 4.464 GC heap before
{Heap before GC invocations=60 (full 4):
 garbage-first heap   total 922624K, used 807582K [0x00000000c0000000, 0x0000000100000000)
  region size 1024K, 111 young (113664K), 9 survivors (9216K)
 Metaspace       used 12062K, committed 12288K, reserved 1114112K
  class space    used 1633K, committed 1728K, reserved 1048576K
}
Event: 4.474 GC heap after
{Heap after GC invocations=61 (full 4):
 garbage-first heap   total 922624K, used 718380K [0x00000000c0000000, 0x0000000100000000)
  region size 1024K, 14 young (14336K), 14 survivors (14336K)
 Metaspace       used 12062K, committed 12288K, reserved 1114112K
  class space    used 1633K, committed 1728K, reserved 1048576K
}
Event: 4.538 GC heap before
{Heap before GC invocations=61 (full 4):
 garbage-first heap   total 922624K, used 802348K [0x00000000c0000000, 0x0000000100000000)
  region size 1024K, 96 young (98304K), 14 survivors (14336K)
 Metaspace       used 12136K, committed 12352K, reserved 1114112K
  class space    used 1665K, committed 1728K, reserved 1048576K
}
Event: 4.551 GC heap after
{Heap after GC invocations=62 (full 4):
 garbage-first heap   total 922624K, used 730590K [0x00000000c0000000, 0x0000000100000000)
  region size 1024K, 12 young (12288K), 12 survivors (12288K)
 Metaspace       used 12136K, committed 12352K, reserved 1114112K
  class space    used 1665K, committed 1728K, reserved 1048576K
}
Event: 4.595 GC heap before
{Heap before GC invocations=62 (full 4):
 garbage-first heap   total 922624K, used 803294K [0x00000000c0000000, 0x0000000100000000)
  region size 1024K, 83 young (84992K), 12 survivors (12288K)
 Metaspace       used 12145K, committed 12352K, reserved 1114112K
  class space    used 1665K, committed 1728K, reserved 1048576K
}
Event: 4.601 GC heap after
{Heap after GC invocations=63 (full 4):
 garbage-first heap   total 922624K, used 736125K [0x00000000c0000000, 0x0000000100000000)
  region size 1024K, 9 young (9216K), 9 survivors (9216K)
 Metaspace       used 12145K, committed 12352K, reserved 1114112K
  class space    used 1665K, committed 1728K, reserved 1048576K
}
Event: 4.633 GC heap before
{Heap before GC invocations=63 (full 4):
 garbage-first heap   total 922624K, used 804733K [0x00000000c0000000, 0x0000000100000000)
  region size 1024K, 76 young (77824K), 9 survivors (9216K)
 Metaspace       used 12146K, committed 12352K, reserved 1114112K
  class space    used 1665K, committed 1728K, reserved 1048576K
}
Event: 4.638 GC heap after
{Heap after GC invocations=64 (full 4):
 garbage-first heap   total 939008K, used 744368K [0x00000000c0000000, 0x0000000100000000)
  region size 1024K, 9 young (9216K), 9 survivors (9216K)
 Metaspace       used 12146K, committed 12352K, reserved 1114112K
  class space    used 1665K, committed 1728K, reserved 1048576K
}
Event: 4.688 GC heap before
{Heap before GC invocations=64 (full 4):
 garbage-first heap   total 939008K, used 819120K [0x00000000c0000000, 0x0000000100000000)
  region size 1024K, 82 young (83968K), 9 survivors (9216K)
 Metaspace       used 12148K, committed 12352K, reserved 1114112K
  class space    used 1665K, committed 1728K, reserved 1048576K
}
Event: 4.692 GC heap after
{Heap after GC invocations=65 (full 4):
 garbage-first heap   total 939008K, used 752788K [0x00000000c0000000, 0x0000000100000000)
  region size 1024K, 10 young (10240K), 10 survivors (10240K)
 Metaspace       used 12148K, committed 12352K, reserved 1114112K
  class space    used 1665K, committed 1728K, reserved 1048576K
}

Dll operation events (8 events):
Event: 0.006 Loaded shared library /usr/lib/jvm/java-17-openjdk-amd64/lib/libjava.so
Event: 0.022 Loaded shared library /usr/lib/jvm/java-17-openjdk-amd64/lib/libjsvml.so
Event: 0.030 Loaded shared library /usr/lib/jvm/java-17-openjdk-amd64/lib/libnio.so
Event: 0.032 Loaded shared library /usr/lib/jvm/java-17-openjdk-amd64/lib/libzip.so
Event: 0.062 Loaded shared library /home/thkim0/venv/v1/lib/python3.10/site-packages/_jpype.so
Event: 0.079 Loaded shared library /usr/lib/jvm/java-17-openjdk-amd64/lib/libjimage.so
Event: 0.342 Loaded shared library /usr/lib/jvm/java-17-openjdk-amd64/lib/libnet.so
Event: 3.870 Loaded shared library /usr/lib/jvm/java-17-openjdk-amd64/lib/libverify.so

Deoptimization events (20 events):
Event: 4.673 Thread 0x000000001d7c4030 Uncommon trap: trap_request=0xffffffde fr.pc=0x00007bc0012359d0 relative=0x0000000000000130
Event: 4.673 Thread 0x000000001d7c4030 Uncommon trap: reason=class_check action=maybe_recompile pc=0x00007bc0012359d0 method=scala.collection.mutable.MapBuilder.$plus$eq(Lscala/Tuple2;)Lscala/collection/mutable/MapBuilder; @ 6 c2
Event: 4.673 Thread 0x000000001d7c4030 DEOPT PACKING pc=0x00007bc0012359d0 sp=0x00007ffed2f31190
Event: 4.673 Thread 0x000000001d7c4030 DEOPT UNPACKING pc=0x00007bc00098d699 sp=0x00007ffed2f310d8 mode 2
Event: 4.711 Thread 0x000000001d7c4030 Uncommon trap: trap_request=0xffffff45 fr.pc=0x00007bc001181dd4 relative=0x00000000000009f4
Event: 4.711 Thread 0x000000001d7c4030 Uncommon trap: reason=unstable_if action=reinterpret pc=0x00007bc001181dd4 method=scala.collection.immutable.HashMap$HashTrieMap.get0(Ljava/lang/Object;II)Lscala/Option; @ 13 c2
Event: 4.711 Thread 0x000000001d7c4030 DEOPT PACKING pc=0x00007bc001181dd4 sp=0x00007ffed2f31630
Event: 4.711 Thread 0x000000001d7c4030 DEOPT UNPACKING pc=0x00007bc00098d699 sp=0x00007ffed2f31440 mode 2
Event: 4.711 Thread 0x000000001d7c4030 Uncommon trap: trap_request=0xffffff45 fr.pc=0x00007bc00116c2f4 relative=0x00000000000005d4
Event: 4.711 Thread 0x000000001d7c4030 Uncommon trap: reason=unstable_if action=reinterpret pc=0x00007bc00116c2f4 method=scala.collection.immutable.HashMap$HashTrieMap.get0(Ljava/lang/Object;II)Lscala/Option; @ 13 c2
Event: 4.711 Thread 0x000000001d7c4030 DEOPT PACKING pc=0x00007bc00116c2f4 sp=0x00007ffed2f313f0
Event: 4.711 Thread 0x000000001d7c4030 DEOPT UNPACKING pc=0x00007bc00098d699 sp=0x00007ffed2f313a0 mode 2
Event: 4.711 Thread 0x000000001d7c4030 Uncommon trap: trap_request=0xffffff45 fr.pc=0x00007bc001186d54 relative=0x00000000000009f4
Event: 4.711 Thread 0x000000001d7c4030 Uncommon trap: reason=unstable_if action=reinterpret pc=0x00007bc001186d54 method=scala.collection.immutable.HashMap$HashTrieMap.get0(Ljava/lang/Object;II)Lscala/Option; @ 13 c2
Event: 4.711 Thread 0x000000001d7c4030 DEOPT PACKING pc=0x00007bc001186d54 sp=0x00007ffed2f31580
Event: 4.711 Thread 0x000000001d7c4030 DEOPT UNPACKING pc=0x00007bc00098d699 sp=0x00007ffed2f31450 mode 2
Event: 4.711 Thread 0x000000001d7c4030 Uncommon trap: trap_request=0xffffff45 fr.pc=0x00007bc0011886b0 relative=0x0000000000000970
Event: 4.711 Thread 0x000000001d7c4030 Uncommon trap: reason=unstable_if action=reinterpret pc=0x00007bc0011886b0 method=scala.collection.immutable.HashMap$HashTrieMap.get0(Ljava/lang/Object;II)Lscala/Option; @ 13 c2
Event: 4.711 Thread 0x000000001d7c4030 DEOPT PACKING pc=0x00007bc0011886b0 sp=0x00007ffed2f314f0
Event: 4.711 Thread 0x000000001d7c4030 DEOPT UNPACKING pc=0x00007bc00098d699 sp=0x00007ffed2f31438 mode 2

Classes loaded (20 events):
Event: 3.907 Loading class java/io/FilterReader done
Event: 3.907 Loading class java/io/PushbackReader done
Event: 4.269 Loading class jdk/internal/access/foreign/MemorySegmentProxy
Event: 4.270 Loading class jdk/internal/access/foreign/MemorySegmentProxy done
Event: 4.350 Loading class java/io/SequenceInputStream
Event: 4.350 Loading class java/io/SequenceInputStream done
Event: 4.350 Loading class java/util/zip/GZIPInputStream$1
Event: 4.350 Loading class java/util/zip/GZIPInputStream$1 done
Event: 4.350 Loading class java/util/Vector
Event: 4.350 Loading class java/util/Vector done
Event: 4.350 Loading class java/util/Vector$1
Event: 4.350 Loading class java/util/Vector$1 done
Event: 4.351 Loading class java/io/EOFException
Event: 4.351 Loading class java/io/EOFException done
Event: 4.370 Loading class java/lang/invoke/DirectMethodHandle$EnsureInitialized
Event: 4.370 Loading class java/lang/invoke/DirectMethodHandle$EnsureInitialized done
Event: 4.370 Loading class java/lang/invoke/DirectMethodHandle$1
Event: 4.370 Loading class java/lang/invoke/DirectMethodHandle$1 done
Event: 15096.416 Loading class jdk/internal/misc/Signal$1
Event: 15096.417 Loading class jdk/internal/misc/Signal$1 done

Classes unloaded (0 events):
No events

Classes redefined (0 events):
No events

Internal exceptions (20 events):
Event: 3.796 Thread 0x000000001d7c4030 Exception <a 'java/lang/NoSuchMethodError'{0x00000000f22fac78}: 'java.lang.Object java.lang.invoke.Invokers$Holder.invokeExact_MT(java.lang.Object, java.lang.Object, java.lang.Object, java.lang.Object, java.lang.Object, java.lang.Object)'> (0x00000000f22fac78) 
thrown [./src/hotspot/share/interpreter/linkResolver.cpp, line 758]
Event: 3.856 Thread 0x000000001d7c4030 Exception <a 'java/lang/NoSuchMethodError'{0x00000000f1c31110}: 'java.lang.Object java.lang.invoke.DirectMethodHandle$Holder.invokeStaticInit(java.lang.Object, java.lang.Object, java.lang.Object)'> (0x00000000f1c31110) 
thrown [./src/hotspot/share/interpreter/linkResolver.cpp, line 758]
Event: 3.879 Thread 0x000000001d7c4030 Exception <a 'java/lang/NoSuchMethodError'{0x00000000f1abf368}: 'int java.lang.invoke.DirectMethodHandle$Holder.invokeStatic(java.lang.Object, java.lang.Object, int)'> (0x00000000f1abf368) 
thrown [./src/hotspot/share/interpreter/linkResolver.cpp, line 758]
Event: 3.883 Thread 0x000000001d7c4030 Exception <a 'java/lang/NoSuchMethodError'{0x00000000f1988010}: 'java.lang.Object java.lang.invoke.DirectMethodHandle$Holder.newInvokeSpecial(java.lang.Object, java.lang.Object, java.lang.Object, java.lang.Object, java.lang.Object)'> (0x00000000f1988010) 
thrown [./src/hotspot/share/interpreter/linkResolver.cpp, line 758]
Event: 3.894 Thread 0x000000001d7c4030 Exception <a 'java/lang/NoSuchMethodError'{0x00000000f19d7c60}: 'java.lang.Object java.lang.invoke.DirectMethodHandle$Holder.invokeStatic(java.lang.Object, java.lang.Object, int, java.lang.Object, java.lang.Object)'> (0x00000000f19d7c60) 
thrown [./src/hotspot/share/interpreter/linkResolver.cpp, line 758]
Event: 3.894 Thread 0x000000001d7c4030 Exception <a 'java/lang/NoSuchMethodError'{0x00000000f19e1ce0}: 'java.lang.Object java.lang.invoke.DirectMethodHandle$Holder.newInvokeSpecial(java.lang.Object, java.lang.Object, int, java.lang.Object)'> (0x00000000f19e1ce0) 
thrown [./src/hotspot/share/interpreter/linkResolver.cpp, line 758]
Event: 3.894 Thread 0x000000001d7c4030 Exception <a 'java/lang/NoSuchMethodError'{0x00000000f19e5b58}: 'java.lang.Object java.lang.invoke.DirectMethodHandle$Holder.invokeSpecial(java.lang.Object, java.lang.Object, java.lang.Object, int, java.lang.Object)'> (0x00000000f19e5b58) 
thrown [./src/hotspot/share/interpreter/linkResolver.cpp, line 758]
Event: 3.902 Thread 0x000000001d7c4030 Exception <a 'java/lang/NoSuchMethodError'{0x00000000f18b2f50}: 'java.lang.Object java.lang.invoke.DirectMethodHandle$Holder.invokeStaticInit(java.lang.Object, java.lang.Object, java.lang.Object, java.lang.Object)'> (0x00000000f18b2f50) 
thrown [./src/hotspot/share/interpreter/linkResolver.cpp, line 758]
Event: 3.907 Thread 0x000000001d7c4030 Exception <a 'java/lang/NoSuchMethodError'{0x00000000f1715a08}: 'void java.lang.invoke.DirectMethodHandle$Holder.invokeStatic(java.lang.Object, java.lang.Object)'> (0x00000000f1715a08) 
thrown [./src/hotspot/share/interpreter/linkResolver.cpp, line 758]
Event: 3.988 Thread 0x000000001d7c4030 Exception <a 'java/lang/NoSuchMethodError'{0x00000000f0020fc8}: 'java.lang.Object java.lang.invoke.DirectMethodHandle$Holder.invokeStatic(java.lang.Object, java.lang.Object, int, java.lang.Object)'> (0x00000000f0020fc8) 
thrown [./src/hotspot/share/interpreter/linkResolver.cpp, line 758]
Event: 3.989 Thread 0x000000001d7c4030 Exception <a 'java/lang/NoSuchMethodError'{0x00000000f0029878}: 'java.lang.Object java.lang.invoke.DirectMethodHandle$Holder.newInvokeSpecial(java.lang.Object, java.lang.Object, int)'> (0x00000000f0029878) 
thrown [./src/hotspot/share/interpreter/linkResolver.cpp, line 758]
Event: 3.992 Thread 0x000000001d7c4030 Exception <a 'java/lang/NoSuchMethodError'{0x00000000f004e278}: 'java.lang.Object java.lang.invoke.DirectMethodHandle$Holder.invokeStatic(java.lang.Object, int, java.lang.Object)'> (0x00000000f004e278) 
thrown [./src/hotspot/share/interpreter/linkResolver.cpp, line 758]
Event: 4.303 Thread 0x000000001d7c4030 Exception <a 'java/lang/NoSuchMethodError'{0x00000000f7942018}: 'java.lang.Object java.lang.invoke.DirectMethodHandle$Holder.newInvokeSpecial(java.lang.Object, java.lang.Object, java.lang.Object, java.lang.Object, java.lang.Object, int)'> (0x00000000f7942018) 
thrown [./src/hotspot/share/interpreter/linkResolver.cpp, line 758]
Event: 4.303 Thread 0x000000001d7c4030 Exception <a 'java/lang/NoSuchMethodError'{0x00000000f7946680}: 'java.lang.Object java.lang.invoke.DirectMethodHandle$Holder.invokeSpecial(java.lang.Object, java.lang.Object, java.lang.Object, java.lang.Object, java.lang.Object, java.lang.Object, int)'> (0x00000000f7946680) 
thrown [./src/hotspot/share/interpreter/linkResolver.cpp, line 758]
Event: 4.315 Thread 0x000000001d7c4030 Exception <a 'java/lang/NoSuchMethodError'{0x00000000f79fc928}: 'java.lang.Object java.lang.invoke.DirectMethodHandle$Holder.newInvokeSpecial(java.lang.Object, java.lang.Object, java.lang.Object, java.lang.Object, int, java.lang.Object)'> (0x00000000f79fc928) 
thrown [./src/hotspot/share/interpreter/linkResolver.cpp, line 758]
Event: 4.315 Thread 0x000000001d7c4030 Exception <a 'java/lang/NoSuchMethodError'{0x00000000f7800f88}: 'java.lang.Object java.lang.invoke.DirectMethodHandle$Holder.invokeSpecial(java.lang.Object, java.lang.Object, java.lang.Object, java.lang.Object, java.lang.Object, int, java.lang.Object)'> (0x00000000f7800f88) 
thrown [./src/hotspot/share/interpreter/linkResolver.cpp, line 758]
Event: 4.369 Thread 0x000000001d7c4030 Exception <a 'java/lang/NoSuchMethodError'{0x00000000f5619b30}: 'java.lang.Object java.lang.invoke.DirectMethodHandle$Holder.invokeStaticInit(java.lang.Object, java.lang.Object, java.lang.Object, java.lang.Object, java.lang.Object)'> (0x00000000f5619b30) 
thrown [./src/hotspot/share/interpreter/linkResolver.cpp, line 758]
Event: 4.369 Thread 0x000000001d7c4030 Exception <a 'java/lang/NoSuchMethodError'{0x00000000f5620af8}: 'java.lang.Object java.lang.invoke.Invokers$Holder.invoke_MT(java.lang.Object, java.lang.Object, java.lang.Object, java.lang.Object, java.lang.Object, java.lang.Object)'> (0x00000000f5620af8) 
thrown [./src/hotspot/share/interpreter/linkResolver.cpp, line 758]
Event: 4.370 Thread 0x000000001d7c4030 Exception <a 'java/lang/NoSuchMethodError'{0x00000000f56298a8}: 'java.lang.Object java.lang.invoke.Invokers$Holder.invoker(java.lang.Object, java.lang.Object, java.lang.Object)'> (0x00000000f56298a8) 
thrown [./src/hotspot/share/interpreter/linkResolver.cpp, line 758]
Event: 4.371 Thread 0x000000001d7c4030 Exception <a 'java/lang/NoSuchMethodError'{0x00000000f56326c8}: 'java.lang.Object java.lang.invoke.Invokers$Holder.invokeExact_MT(java.lang.Object, java.lang.Object, java.lang.Object, java.lang.Object)'> (0x00000000f56326c8) 
thrown [./src/hotspot/share/interpreter/linkResolver.cpp, line 758]

VM Operations (20 events):
Event: 4.306 Executing VM operation: HandshakeAllThreads
Event: 4.306 Executing VM operation: HandshakeAllThreads done
Event: 4.356 Executing VM operation: HandshakeAllThreads
Event: 4.356 Executing VM operation: HandshakeAllThreads done
Event: 4.434 Executing VM operation: ICBufferFull
Event: 4.434 Executing VM operation: ICBufferFull done
Event: 4.464 Executing VM operation: G1CollectForAllocation
Event: 4.474 Executing VM operation: G1CollectForAllocation done
Event: 4.538 Executing VM operation: G1CollectForAllocation
Event: 4.551 Executing VM operation: G1CollectForAllocation done
Event: 4.595 Executing VM operation: G1CollectForAllocation
Event: 4.601 Executing VM operation: G1CollectForAllocation done
Event: 4.633 Executing VM operation: G1CollectForAllocation
Event: 4.638 Executing VM operation: G1CollectForAllocation done
Event: 4.688 Executing VM operation: G1CollectForAllocation
Event: 4.692 Executing VM operation: G1CollectForAllocation done
Event: 5.692 Executing VM operation: Cleanup
Event: 5.693 Executing VM operation: Cleanup done
Event: 60.040 Executing VM operation: HandshakeAllThreads
Event: 60.040 Executing VM operation: HandshakeAllThreads done

Memory protections (20 events):
Event: 0.026 Protecting memory [0x00007bc01f1fd000,0x00007bc01f201000] with protection modes 0
Event: 0.026 Protecting memory [0x00007bc01f0fd000,0x00007bc01f101000] with protection modes 0
Event: 0.026 Protecting memory [0x00007bc01effd000,0x00007bc01f001000] with protection modes 0
Event: 0.026 Protecting memory [0x00007bc01eefd000,0x00007bc01ef01000] with protection modes 0
Event: 0.026 Protecting memory [0x00007bc01edfd000,0x00007bc01ee01000] with protection modes 0
Event: 0.026 Protecting memory [0x00007bc01ecfd000,0x00007bc01ed01000] with protection modes 0
Event: 0.028 Protecting memory [0x00007bc01ebfd000,0x00007bc01ec01000] with protection modes 0
Event: 0.029 Protecting memory [0x00007bc01e9fc000,0x00007bc01ea00000] with protection modes 0
Event: 0.071 Protecting memory [0x00007bc06c003000,0x00007bc06c004000] with protection modes 1
Event: 0.076 Protecting memory [0x00007bc01e8fc000,0x00007bc01e900000] with protection modes 0
Event: 0.171 Protecting memory [0x00007bc01cdff000,0x00007bc01ce03000] with protection modes 0
Event: 0.173 Protecting memory [0x00007bc01ccff000,0x00007bc01cd03000] with protection modes 0
Event: 0.911 Protecting memory [0x00007bc01cdff000,0x00007bc01ce03000] with protection modes 0
Event: 0.911 Protecting memory [0x00007bc01ccff000,0x00007bc01cd03000] with protection modes 0
Event: 1.444 Protecting memory [0x00007bc01cdff000,0x00007bc01ce03000] with protection modes 0
Event: 1.445 Protecting memory [0x00007bc01ccff000,0x00007bc01cd03000] with protection modes 0
Event: 2.605 Protecting memory [0x00007bc01cdff000,0x00007bc01ce03000] with protection modes 0
Event: 2.620 Protecting memory [0x00007bc01ccff000,0x00007bc01cd03000] with protection modes 0
Event: 3.881 Protecting memory [0x00007bc01ccff000,0x00007bc01cd03000] with protection modes 0
Event: 15096.424 Protecting memory [0x00007bc01cdff000,0x00007bc01ce03000] with protection modes 0

Nmethod flushes (20 events):
Event: 3.156 Thread 0x000000001edcedd0 flushing  nmethod 0x00007bbff97f4810
Event: 3.156 Thread 0x000000001edcedd0 flushing  nmethod 0x00007bbff97f5e10
Event: 3.156 Thread 0x000000001edcedd0 flushing  nmethod 0x00007bbff97f6890
Event: 3.156 Thread 0x000000001edcedd0 flushing  nmethod 0x00007bbff97f7090
Event: 3.156 Thread 0x000000001edcedd0 flushing  nmethod 0x00007bbff97f7490
Event: 3.156 Thread 0x000000001edcedd0 flushing  nmethod 0x00007bbff97f7b10
Event: 3.156 Thread 0x000000001edcedd0 flushing  nmethod 0x00007bbff97f8790
Event: 3.156 Thread 0x000000001edcedd0 flushing  nmethod 0x00007bbff97f9890
Event: 3.156 Thread 0x000000001edcedd0 flushing  nmethod 0x00007bbff97fc710
Event: 3.156 Thread 0x000000001edcedd0 flushing  nmethod 0x00007bbff97fd010
Event: 3.156 Thread 0x000000001edcedd0 flushing  nmethod 0x00007bbff97fd410
Event: 3.156 Thread 0x000000001edcedd0 flushing  nmethod 0x00007bbff97fd910
Event: 3.156 Thread 0x000000001edcedd0 flushing  nmethod 0x00007bbff97fe190
Event: 3.156 Thread 0x000000001edcedd0 flushing  nmethod 0x00007bbff97fec10
Event: 3.156 Thread 0x000000001edcedd0 flushing  nmethod 0x00007bbff97ff590
Event: 3.156 Thread 0x000000001edcedd0 flushing  nmethod 0x00007bbff9800310
Event: 3.156 Thread 0x000000001edcedd0 flushing  nmethod 0x00007bbff9800710
Event: 4.002 Thread 0x000000001edcedd0 flushing  nmethod 0x00007bc001122f10
Event: 4.011 Thread 0x000000001edcedd0 flushing  nmethod 0x00007bbff97e7a10
Event: 4.011 Thread 0x000000001edcedd0 flushing  nmethod 0x00007bbff97ef490

Events (20 events):
Event: 0.076 Thread 0x000000001d7c4030 Thread added: 0x000000001eedf0e0
Event: 0.171 Thread 0x000000001edc43a0 Thread added: 0x00007bbf8c07f4f0
Event: 0.173 Thread 0x000000001edc5920 Thread added: 0x00007bbf801c18d0
Event: 0.630 Thread 0x00007bbf801c18d0 Thread exited: 0x00007bbf801c18d0
Event: 0.872 Thread 0x00007bbf8c07f4f0 Thread exited: 0x00007bbf8c07f4f0
Event: 0.911 Thread 0x000000001edc5920 Thread added: 0x00007bbf803e01e0
Event: 0.911 Thread 0x000000001edc5920 Thread added: 0x00007bbf803e0b70
Event: 1.397 Thread 0x00007bbf803e0b70 Thread exited: 0x00007bbf803e0b70
Event: 1.397 Thread 0x00007bbf803e01e0 Thread exited: 0x00007bbf803e01e0
Event: 1.444 Thread 0x000000001edc43a0 Thread added: 0x00007bbf8c4dd580
Event: 1.445 Thread 0x000000001edc43a0 Thread added: 0x00007bbf8c43ccf0
Event: 2.103 Thread 0x00007bbf8c43ccf0 Thread exited: 0x00007bbf8c43ccf0
Event: 2.232 Thread 0x00007bbf8c4dd580 Thread exited: 0x00007bbf8c4dd580
Event: 2.604 Thread 0x000000001edc5920 Thread added: 0x00007bbf8040ca10
Event: 2.620 Thread 0x000000001edc43a0 Thread added: 0x00007bbf8c43cc40
Event: 3.850 Thread 0x00007bbf8c43cc40 Thread exited: 0x00007bbf8c43cc40
Event: 3.881 Thread 0x000000001edc5920 Thread added: 0x00007bbf8042e450
Event: 9.719 Thread 0x00007bbf8042e450 Thread exited: 0x00007bbf8042e450
Event: 14.719 Thread 0x00007bbf8040ca10 Thread exited: 0x00007bbf8040ca10
Event: 15096.424 Thread 0x000000001edc0520 Thread added: 0x00007bbf90000fc0


Dynamic libraries:
00400000-0041f000 r--p 00000000 08:30 58062                              /usr/bin/python3.10
0041f000-00689000 r-xp 0001f000 08:30 58062                              /usr/bin/python3.10
00689000-008bd000 r--p 00289000 08:30 58062                              /usr/bin/python3.10
008bd000-008be000 r--p 004bc000 08:30 58062                              /usr/bin/python3.10
008be000-008fe000 rw-p 004bd000 08:30 58062                              /usr/bin/python3.10
008fe000-00906000 rw-p 00000000 00:00 0 
1c926000-1f4ee000 rw-p 00000000 00:00 0                                  [heap]
c0000000-f9300000 rw-p 00000000 00:00 0 
f9300000-ffe00000 ---p 00000000 00:00 0 
ffe00000-ffe75000 rw-p 00c77000 08:30 259095                             /usr/lib/jvm/java-17-openjdk-amd64/lib/server/classes.jsa
ffe75000-fff00000 rw-p 00000000 00:00 0 
fff00000-fff78000 rw-p 00bff000 08:30 259095                             /usr/lib/jvm/java-17-openjdk-amd64/lib/server/classes.jsa
fff78000-100000000 rw-p 00000000 00:00 0 
7bbf16400000-7bbf1b0d4000 r--s 00000000 08:30 296757                     /usr/local/lib/mecab/dic/mecab-ko-dic/sys.dic
7bbf1b200000-7bbf1fed4000 r--s 00000000 08:30 296757                     /usr/local/lib/mecab/dic/mecab-ko-dic/sys.dic
7bbf20000000-7bbf20021000 rw-p 00000000 00:00 0 
7bbf20021000-7bbf24000000 ---p 00000000 00:00 0 
7bbf28000000-7bbf29f9d000 rw-p 00000000 00:00 0 
7bbf29f9d000-7bbf2c000000 ---p 00000000 00:00 0 
7bbf2c000000-7bbf2c024000 rw-p 00000000 00:00 0 
7bbf2c024000-7bbf30000000 ---p 00000000 00:00 0 
7bbf30000000-7bbf30021000 rw-p 00000000 00:00 0 
7bbf30021000-7bbf34000000 ---p 00000000 00:00 0 
7bbf34000000-7bbf34021000 rw-p 00000000 00:00 0 
7bbf34021000-7bbf38000000 ---p 00000000 00:00 0 
7bbf38000000-7bbf38021000 rw-p 00000000 00:00 0 
7bbf38021000-7bbf3c000000 ---p 00000000 00:00 0 
7bbf3c000000-7bbf3c021000 rw-p 00000000 00:00 0 
7bbf3c021000-7bbf40000000 ---p 00000000 00:00 0 
7bbf40000000-7bbf40021000 rw-p 00000000 00:00 0 
7bbf40021000-7bbf44000000 ---p 00000000 00:00 0 
7bbf44000000-7bbf44021000 rw-p 00000000 00:00 0 
7bbf44021000-7bbf48000000 ---p 00000000 00:00 0 
7bbf48000000-7bbf4804e000 rw-p 00000000 00:00 0 
7bbf4804e000-7bbf4c000000 ---p 00000000 00:00 0 
7bbf4c000000-7bbf4c024000 rw-p 00000000 00:00 0 
7bbf4c024000-7bbf50000000 ---p 00000000 00:00 0 
7bbf50000000-7bbf51ee4000 rw-p 00000000 00:00 0 
7bbf51ee4000-7bbf54000000 ---p 00000000 00:00 0 
7bbf54000000-7bbf54a05000 rw-p 00000000 00:00 0 
7bbf54a05000-7bbf58000000 ---p 00000000 00:00 0 
7bbf58000000-7bbf5803e000 rw-p 00000000 00:00 0 
7bbf5803e000-7bbf5c000000 ---p 00000000 00:00 0 
7bbf5c000000-7bbf5c028000 rw-p 00000000 00:00 0 
7bbf5c028000-7bbf60000000 ---p 00000000 00:00 0 
7bbf60000000-7bbf60062000 rw-p 00000000 00:00 0 
7bbf60062000-7bbf64000000 ---p 00000000 00:00 0 
7bbf64000000-7bbf64043000 rw-p 00000000 00:00 0 
7bbf64043000-7bbf68000000 ---p 00000000 00:00 0 
7bbf68000000-7bbf68034000 rw-p 00000000 00:00 0 
7bbf68034000-7bbf6c000000 ---p 00000000 00:00 0 
7bbf6c000000-7bbf6c021000 rw-p 00000000 00:00 0 
7bbf6c021000-7bbf70000000 ---p 00000000 00:00 0 
7bbf70000000-7bbf70021000 rw-p 00000000 00:00 0 
7bbf70021000-7bbf74000000 ---p 00000000 00:00 0 
7bbf74000000-7bbf74021000 rw-p 00000000 00:00 0 
7bbf74021000-7bbf78000000 ---p 00000000 00:00 0 
7bbf78000000-7bbf78021000 rw-p 00000000 00:00 0 
7bbf78021000-7bbf7c000000 ---p 00000000 00:00 0 
7bbf7c000000-7bbf7c021000 rw-p 00000000 00:00 0 
7bbf7c021000-7bbf80000000 ---p 00000000 00:00 0 
7bbf80000000-7bbf806d5000 rw-p 00000000 00:00 0 
7bbf806d5000-7bbf84000000 ---p 00000000 00:00 0 
7bbf84000000-7bbf84021000 rw-p 00000000 00:00 0 
7bbf84021000-7bbf88000000 ---p 00000000 00:00 0 
7bbf88000000-7bbf88021000 rw-p 00000000 00:00 0 
7bbf88021000-7bbf8c000000 ---p 00000000 00:00 0 
7bbf8c000000-7bbf8d9a3000 rw-p 00000000 00:00 0 
7bbf8d9a3000-7bbf90000000 ---p 00000000 00:00 0 
7bbf90000000-7bbf90021000 rw-p 00000000 00:00 0 
7bbf90021000-7bbf94000000 ---p 00000000 00:00 0 
7bbf94000000-7bbf94021000 rw-p 00000000 00:00 0 
7bbf94021000-7bbf98000000 ---p 00000000 00:00 0 
7bbf98000000-7bbf98021000 rw-p 00000000 00:00 0 
7bbf98021000-7bbf9c000000 ---p 00000000 00:00 0 
7bbf9c000000-7bbf9c021000 rw-p 00000000 00:00 0 
7bbf9c021000-7bbfa0000000 ---p 00000000 00:00 0 
7bbfa0000000-7bbfa1333000 rw-p 00000000 00:00 0 
7bbfa1333000-7bbfa4000000 ---p 00000000 00:00 0 
7bbfa4800000-7bbfa5ba2000 r--s 00000000 08:30 296753                     /usr/local/lib/mecab/dic/mecab-ko-dic/matrix.bin
7bbfa5c00000-7bbfa6fa2000 r--s 00000000 08:30 296753                     /usr/local/lib/mecab/dic/mecab-ko-dic/matrix.bin
7bbfa7000000-7bbfa73a0000 rw-p 00000000 00:00 0 
7bbfa73a0000-7bbfa7400000 ---p 00000000 00:00 0 
7bbfa7400000-7bbfa7af0000 rw-p 00000000 00:00 0 
7bbfa7af0000-7bbfab000000 ---p 00000000 00:00 0 
7bbfab000000-7bbfabbc7000 rw-p 00001000 08:30 259095                     /usr/lib/jvm/java-17-openjdk-amd64/lib/server/classes.jsa
7bbfabbc7000-7bbfac000000 ---p 00000000 00:00 0 
7bbfac000000-7bbfac030000 rw-p 00000000 00:00 0 
7bbfac030000-7bbfac040000 ---p 00000000 00:00 0 
7bbfac040000-7bbfac1d0000 rw-p 00000000 00:00 0 
7bbfac1d0000-7bbfec000000 ---p 00000000 00:00 0 
7bbfec000000-7bbfec0ba000 rw-p 00000000 00:00 0 
7bbfec0ba000-7bbff0000000 ---p 00000000 00:00 0 
7bbff0000000-7bbff0021000 rw-p 00000000 00:00 0 
7bbff0021000-7bbff4000000 ---p 00000000 00:00 0 
7bbff4000000-7bbff403b000 rw-p 00000000 00:00 0 
7bbff403b000-7bbff8000000 ---p 00000000 00:00 0 
7bbff9400000-7bbff99d0000 rwxp 00000000 00:00 0 
7bbff99d0000-7bc000937000 ---p 00000000 00:00 0 
7bc000937000-7bc000ba7000 rwxp 00000000 00:00 0 
7bc000ba7000-7bc000ec9000 ---p 00000000 00:00 0 
7bc000ec9000-7bc001279000 rwxp 00000000 00:00 0 
7bc001279000-7bc008400000 ---p 00000000 00:00 0 
7bc008400000-7bc00feea000 r--s 00000000 08:30 259092                     /usr/lib/jvm/java-17-openjdk-amd64/lib/modules
7bc010000000-7bc01004c000 rw-p 00000000 00:00 0 
7bc01004c000-7bc014000000 ---p 00000000 00:00 0 
7bc014000000-7bc014021000 rw-p 00000000 00:00 0 
7bc014021000-7bc018000000 ---p 00000000 00:00 0 
7bc018000000-7bc018021000 rw-p 00000000 00:00 0 
7bc018021000-7bc01c000000 ---p 00000000 00:00 0 
7bc01c1f4000-7bc01c1f5000 ---p 00000000 00:00 0 
7bc01c1f5000-7bc01c2f5000 rw-p 00000000 00:00 0 
7bc01c2f5000-7bc01c2f6000 ---p 00000000 00:00 0 
7bc01c2f6000-7bc01c3f6000 rw-p 00000000 00:00 0 
7bc01c3f6000-7bc01c3f7000 ---p 00000000 00:00 0 
7bc01c3f7000-7bc01c4f7000 rw-p 00000000 00:00 0 
7bc01c4f7000-7bc01c4f8000 ---p 00000000 00:00 0 
7bc01c4f8000-7bc01c5f8000 rw-p 00000000 00:00 0 
7bc01c5f8000-7bc01c5f9000 ---p 00000000 00:00 0 
7bc01c5f9000-7bc01c6f9000 rw-p 00000000 00:00 0 
7bc01c6f9000-7bc01c6fa000 ---p 00000000 00:00 0 
7bc01c6fa000-7bc01c7fa000 rw-p 00000000 00:00 0 
7bc01c7fa000-7bc01c7fb000 ---p 00000000 00:00 0 
7bc01c7fb000-7bc01c8fb000 rw-p 00000000 00:00 0 
7bc01c8fb000-7bc01c8fc000 ---p 00000000 00:00 0 
7bc01c8fc000-7bc01c9fc000 rw-p 00000000 00:00 0 
7bc01c9fc000-7bc01c9fd000 ---p 00000000 00:00 0 
7bc01c9fd000-7bc01cafd000 rw-p 00000000 00:00 0 
7bc01cafd000-7bc01cafe000 ---p 00000000 00:00 0 
7bc01cafe000-7bc01cbfe000 rw-p 00000000 00:00 0 
7bc01cbfe000-7bc01cbff000 ---p 00000000 00:00 0 
7bc01cbff000-7bc01ccff000 rw-p 00000000 00:00 0 
7bc01ccff000-7bc01cd03000 ---p 00000000 00:00 0 
7bc01cd03000-7bc01cdff000 rw-p 00000000 00:00 0 
7bc01cdff000-7bc01ce03000 ---p 00000000 00:00 0 
7bc01ce03000-7bc01ceff000 rw-p 00000000 00:00 0 
7bc01ceff000-7bc01cf00000 ---p 00000000 00:00 0 
7bc01cf00000-7bc01d000000 rw-p 00000000 00:00 0 
7bc01e3f7000-7bc01e3f8000 ---p 00000000 00:00 0 
7bc01e3f8000-7bc01e4f8000 rw-p 00000000 00:00 0 
7bc01e4f8000-7bc01e4f9000 ---p 00000000 00:00 0 
7bc01e4f9000-7bc01e5f9000 rw-p 00000000 00:00 0 
7bc01e5f9000-7bc01e5fa000 ---p 00000000 00:00 0 
7bc01e5fa000-7bc01e6fa000 rw-p 00000000 00:00 0 
7bc01e6fa000-7bc01e6fb000 ---p 00000000 00:00 0 
7bc01e6fb000-7bc01e7fb000 rw-p 00000000 00:00 0 
7bc01e7fb000-7bc01e7fc000 ---p 00000000 00:00 0 
7bc01e7fc000-7bc01e8fc000 rw-p 00000000 00:00 0 
7bc01e8fc000-7bc01e900000 ---p 00000000 00:00 0 
7bc01e900000-7bc01e9fc000 rw-p 00000000 00:00 0 
7bc01e9fc000-7bc01ea00000 ---p 00000000 00:00 0 
7bc01ea00000-7bc01eafc000 rw-p 00000000 00:00 0 
7bc01eafc000-7bc01eafd000 ---p 00000000 00:00 0 
7bc01eafd000-7bc01ebfd000 rw-p 00000000 00:00 0 
7bc01ebfd000-7bc01ec01000 ---p 00000000 00:00 0 
7bc01ec01000-7bc01ecfd000 rw-p 00000000 00:00 0 
7bc01ecfd000-7bc01ed01000 ---p 00000000 00:00 0 
7bc01ed01000-7bc01edfd000 rw-p 00000000 00:00 0 
7bc01edfd000-7bc01ee01000 ---p 00000000 00:00 0 
7bc01ee01000-7bc01eefd000 rw-p 00000000 00:00 0 
7bc01eefd000-7bc01ef01000 ---p 00000000 00:00 0 
7bc01ef01000-7bc01effd000 rw-p 00000000 00:00 0 
7bc01effd000-7bc01f001000 ---p 00000000 00:00 0 
7bc01f001000-7bc01f0fd000 rw-p 00000000 00:00 0 
7bc01f0fd000-7bc01f101000 ---p 00000000 00:00 0 
7bc01f101000-7bc01f1fd000 rw-p 00000000 00:00 0 
7bc01f1fd000-7bc01f201000 ---p 00000000 00:00 0 
7bc01f201000-7bc01f2fd000 rw-p 00000000 00:00 0 
7bc01f2fd000-7bc01f301000 ---p 00000000 00:00 0 
7bc01f301000-7bc01f3fd000 rw-p 00000000 00:00 0 
7bc01f3fd000-7bc01f401000 ---p 00000000 00:00 0 
7bc01f401000-7bc01f4fd000 rw-p 00000000 00:00 0 
7bc01f4fd000-7bc01f4fe000 ---p 00000000 00:00 0 
7bc01f4fe000-7bc01f5fe000 rw-p 00000000 00:00 0 
7bc01f5fe000-7bc01f5ff000 ---p 00000000 00:00 0 
7bc01f5ff000-7bc01f6ff000 rw-p 00000000 00:00 0 
7bc01f6ff000-7bc01f700000 ---p 00000000 00:00 0 
7bc01f700000-7bc01f800000 rw-p 00000000 00:00 0 
7bc01f800000-7bc02264c000 rw-p 00000000 00:00 0 
7bc02264c000-7bc0227f8000 ---p 00000000 00:00 0 
7bc0227f8000-7bc02364c000 rw-p 00000000 00:00 0 
7bc02364c000-7bc0237f8000 ---p 00000000 00:00 0 
7bc0237f8000-7bc0239ca000 rw-p 00000000 00:00 0 
7bc0239ca000-7bc0239ff000 ---p 00000000 00:00 0 
7bc0239ff000-7bc023bca000 rw-p 00000000 00:00 0 
7bc023bca000-7bc023bff000 ---p 00000000 00:00 0 
7bc023bff000-7bc023dca000 rw-p 00000000 00:00 0 
7bc023dca000-7bc023dff000 ---p 00000000 00:00 0 
7bc023dff000-7bc023e00000 rw-p 00000000 00:00 0 
7bc023e00000-7bc024051000 r--p 00000000 08:30 259098                     /usr/lib/jvm/java-17-openjdk-amd64/lib/server/libjvm.so
7bc024051000-7bc024dc3000 r-xp 00251000 08:30 259098                     /usr/lib/jvm/java-17-openjdk-amd64/lib/server/libjvm.so
7bc024dc3000-7bc025044000 r--p 00fc3000 08:30 259098                     /usr/lib/jvm/java-17-openjdk-amd64/lib/server/libjvm.so
7bc025044000-7bc0250fc000 r--p 01244000 08:30 259098                     /usr/lib/jvm/java-17-openjdk-amd64/lib/server/libjvm.so
7bc0250fc000-7bc025131000 rw-p 012fc000 08:30 259098                     /usr/lib/jvm/java-17-openjdk-amd64/lib/server/libjvm.so
7bc025131000-7bc02518b000 rw-p 00000000 00:00 0 
7bc029efe000-7bc029eff000 ---p 00000000 00:00 0 
7bc029eff000-7bc029fff000 rw-p 00000000 00:00 0 
7bc029fff000-7bc02a000000 ---p 00000000 00:00 0 
7bc02a000000-7bc02a800000 rw-p 00000000 00:00 0 
7bc02a800000-7bc030800000 rw-p 00000000 00:00 0 
7bc0308fe000-7bc0308ff000 ---p 00000000 00:00 0 
7bc0308ff000-7bc0309ff000 rw-p 00000000 00:00 0 
7bc0309ff000-7bc030a00000 ---p 00000000 00:00 0 
7bc030a00000-7bc031200000 rw-p 00000000 00:00 0 
7bc031200000-7bc033200000 rw-p 00000000 00:00 0 
7bc0332fd000-7bc0332fe000 ---p 00000000 00:00 0 
7bc0332fe000-7bc0333fe000 rw-p 00000000 00:00 0 
7bc0333fe000-7bc0333ff000 ---p 00000000 00:00 0 
7bc0333ff000-7bc033bff000 rw-p 00000000 00:00 0 
7bc033bff000-7bc033c00000 ---p 00000000 00:00 0 
7bc033c00000-7bc034400000 rw-p 00000000 00:00 0 
7bc034400000-7bc036400000 rw-p 00000000 00:00 0 
7bc0364ff000-7bc0365ff000 rw-p 00000000 00:00 0 
7bc0365ff000-7bc036600000 ---p 00000000 00:00 0 
7bc036600000-7bc036e00000 rw-p 00000000 00:00 0 
7bc036e00000-7bc038e00000 rw-p 00000000 00:00 0 
7bc038e2e000-7bc038e33000 r--p 00000000 08:30 259077                     /usr/lib/jvm/java-17-openjdk-amd64/lib/libjsvml.so
7bc038e33000-7bc038e74000 r-xp 00005000 08:30 259077                     /usr/lib/jvm/java-17-openjdk-amd64/lib/libjsvml.so
7bc038e74000-7bc038efd000 r--p 00046000 08:30 259077                     /usr/lib/jvm/java-17-openjdk-amd64/lib/libjsvml.so
7bc038efd000-7bc038efe000 r--p 000ce000 08:30 259077                     /usr/lib/jvm/java-17-openjdk-amd64/lib/libjsvml.so
7bc038efe000-7bc038eff000 rw-p 000cf000 08:30 259077                     /usr/lib/jvm/java-17-openjdk-amd64/lib/libjsvml.so
7bc038eff000-7bc038fff000 rw-p 00000000 00:00 0 
7bc038fff000-7bc039000000 ---p 00000000 00:00 0 
7bc039000000-7bc039800000 rw-p 00000000 00:00 0 
7bc039800000-7bc03b800000 rw-p 00000000 00:00 0 
7bc03b814000-7bc03b81c000 rw-p 00000000 00:00 0 
7bc03b81c000-7bc03b8ff000 ---p 00000000 00:00 0 
7bc03b8ff000-7bc03b9ff000 rw-p 00000000 00:00 0 
7bc03b9ff000-7bc03ba00000 ---p 00000000 00:00 0 
7bc03ba00000-7bc03c200000 rw-p 00000000 00:00 0 
7bc03c200000-7bc03e200000 rw-p 00000000 00:00 0 
7bc03e214000-7bc03e220000 rw-p 00000000 00:00 0 
7bc03e220000-7bc03e2ff000 ---p 00000000 00:00 0 
7bc03e2ff000-7bc03e3ff000 rw-p 00000000 00:00 0 
7bc03e3ff000-7bc03e400000 ---p 00000000 00:00 0 
7bc03e400000-7bc03ec00000 rw-p 00000000 00:00 0 
7bc03ec00000-7bc040c00000 rw-p 00000000 00:00 0 
7bc040c24000-7bc040d24000 rw-p 00000000 00:00 0 
7bc040d24000-7bc040d43000 r--p 00000000 08:30 296868                     /home/thkim0/venv/v1/lib/python3.10/site-packages/mecab_python3.libs/libmecab-eada4a80.so.2.0.0
7bc040d43000-7bc040dd3000 r-xp 0001f000 08:30 296868                     /home/thkim0/venv/v1/lib/python3.10/site-packages/mecab_python3.libs/libmecab-eada4a80.so.2.0.0
7bc040dd3000-7bc040dea000 r--p 000af000 08:30 296868                     /home/thkim0/venv/v1/lib/python3.10/site-packages/mecab_python3.libs/libmecab-eada4a80.so.2.0.0
7bc040dea000-7bc040ded000 r--p 000c5000 08:30 296868                     /home/thkim0/venv/v1/lib/python3.10/site-packages/mecab_python3.libs/libmecab-eada4a80.so.2.0.0
7bc040ded000-7bc040dee000 rw-p 000c8000 08:30 296868                     /home/thkim0/venv/v1/lib/python3.10/site-packages/mecab_python3.libs/libmecab-eada4a80.so.2.0.0
7bc040dee000-7bc040dfe000 rw-p 000e8000 08:30 296868                     /home/thkim0/venv/v1/lib/python3.10/site-packages/mecab_python3.libs/libmecab-eada4a80.so.2.0.0
7bc040dfe000-7bc040dff000 ---p 00000000 00:00 0 
7bc040dff000-7bc0415ff000 rw-p 00000000 00:00 0 
7bc0415ff000-7bc041600000 ---p 00000000 00:00 0 
7bc041600000-7bc041e00000 rw-p 00000000 00:00 0 
7bc041e00000-7bc041f0a000 r--p 00000000 08:30 297416                     /home/thkim0/venv/v1/lib/python3.10/site-packages/numpy.libs/libopenblas64_p-r0-0cf96a72.3.23.dev.so
7bc041f0a000-7bc041f12000 r-xp 0010a000 08:30 297416                     /home/thkim0/venv/v1/lib/python3.10/site-packages/numpy.libs/libopenblas64_p-r0-0cf96a72.3.23.dev.so
7bc041f12000-7bc041f18000 ---p 00112000 08:30 297416                     /home/thkim0/venv/v1/lib/python3.10/site-packages/numpy.libs/libopenblas64_p-r0-0cf96a72.3.23.dev.so
7bc041f18000-7bc043b99000 r-xp 00118000 08:30 297416                     /home/thkim0/venv/v1/lib/python3.10/site-packages/numpy.libs/libopenblas64_p-r0-0cf96a72.3.23.dev.so
7bc043b99000-7bc043da9000 r--p 01d99000 08:30 297416                     /home/thkim0/venv/v1/lib/python3.10/site-packages/numpy.libs/libopenblas64_p-r0-0cf96a72.3.23.dev.so
7bc043da9000-7bc043daa000 ---p 01fa9000 08:30 297416                     /home/thkim0/venv/v1/lib/python3.10/site-packages/numpy.libs/libopenblas64_p-r0-0cf96a72.3.23.dev.so
7bc043daa000-7bc043db0000 r--p 01fa9000 08:30 297416                     /home/thkim0/venv/v1/lib/python3.10/site-packages/numpy.libs/libopenblas64_p-r0-0cf96a72.3.23.dev.so
7bc043db0000-7bc043dc7000 rw-p 01faf000 08:30 297416                     /home/thkim0/venv/v1/lib/python3.10/site-packages/numpy.libs/libopenblas64_p-r0-0cf96a72.3.23.dev.so
7bc043dc7000-7bc043dd3000 rw-p 00000000 00:00 0 
7bc043dd3000-7bc043e7f000 rw-p 020d4000 08:30 297416                     /home/thkim0/venv/v1/lib/python3.10/site-packages/numpy.libs/libopenblas64_p-r0-0cf96a72.3.23.dev.so
7bc043f00000-7bc044021000 rw-p 00000000 00:00 0 
7bc044021000-7bc048000000 ---p 00000000 00:00 0 
7bc048000000-7bc048033000 rw-p 00000000 00:00 0 
7bc048033000-7bc04c000000 ---p 00000000 00:00 0 
7bc04c000000-7bc04c021000 rw-p 00000000 00:00 0 
7bc04c021000-7bc050000000 ---p 00000000 00:00 0 
7bc050000000-7bc050021000 rw-p 00000000 00:00 0 
7bc050021000-7bc054000000 ---p 00000000 00:00 0 
7bc054000000-7bc054021000 rw-p 00000000 00:00 0 
7bc054021000-7bc058000000 ---p 00000000 00:00 0 
7bc058000000-7bc058021000 rw-p 00000000 00:00 0 
7bc058021000-7bc05c000000 ---p 00000000 00:00 0 
7bc05c00d000-7bc05c04e000 r--s 00000000 08:30 296755                     /usr/local/lib/mecab/dic/mecab-ko-dic/char.bin
7bc05c04e000-7bc05c052000 r--p 00000000 08:30 259090                     /usr/lib/jvm/java-17-openjdk-amd64/lib/libverify.so
7bc05c052000-7bc05c059000 r-xp 00004000 08:30 259090                     /usr/lib/jvm/java-17-openjdk-amd64/lib/libverify.so
7bc05c059000-7bc05c05b000 r--p 0000b000 08:30 259090                     /usr/lib/jvm/java-17-openjdk-amd64/lib/libverify.so
7bc05c05b000-7bc05c05d000 r--p 0000c000 08:30 259090                     /usr/lib/jvm/java-17-openjdk-amd64/lib/libverify.so
7bc05c05d000-7bc05c05e000 rw-p 0000e000 08:30 259090                     /usr/lib/jvm/java-17-openjdk-amd64/lib/libverify.so
7bc05c05e000-7bc05c09f000 r--s 00000000 08:30 296755                     /usr/local/lib/mecab/dic/mecab-ko-dic/char.bin
7bc05c09f000-7bc05c0a6000 r--p 00000000 08:30 289357                     /home/thkim0/venv/v1/lib/python3.10/site-packages/numpy/random/_generator.cpython-310-x86_64-linux-gnu.so
7bc05c0a6000-7bc05c126000 r-xp 00007000 08:30 289357                     /home/thkim0/venv/v1/lib/python3.10/site-packages/numpy/random/_generator.cpython-310-x86_64-linux-gnu.so
7bc05c126000-7bc05c17a000 r--p 00087000 08:30 289357                     /home/thkim0/venv/v1/lib/python3.10/site-packages/numpy/random/_generator.cpython-310-x86_64-linux-gnu.so
7bc05c17a000-7bc05c17b000 r--p 000da000 08:30 289357                     /home/thkim0/venv/v1/lib/python3.10/site-packages/numpy/random/_generator.cpython-310-x86_64-linux-gnu.so
7bc05c17b000-7bc05c17d000 rw-p 000db000 08:30 289357                     /home/thkim0/venv/v1/lib/python3.10/site-packages/numpy/random/_generator.cpython-310-x86_64-linux-gnu.so
7bc05c17d000-7bc05c400000 rw-p 00000000 00:00 0 
7bc05c400000-7bc05c43b000 r-xp 00000000 08:30 297414                     /home/thkim0/venv/v1/lib/python3.10/site-packages/numpy.libs/libquadmath-96973f99.so.0.0.0
7bc05c43b000-7bc05c63a000 ---p 0003b000 08:30 297414                     /home/thkim0/venv/v1/lib/python3.10/site-packages/numpy.libs/libquadmath-96973f99.so.0.0.0
7bc05c63a000-7bc05c63b000 r--p 0003a000 08:30 297414                     /home/thkim0/venv/v1/lib/python3.10/site-packages/numpy.libs/libquadmath-96973f99.so.0.0.0
7bc05c63b000-7bc05c63d000 rw-p 0003b000 08:30 297414                     /home/thkim0/venv/v1/lib/python3.10/site-packages/numpy.libs/libquadmath-96973f99.so.0.0.0
7bc05c649000-7bc05c64b000 r--p 00000000 08:30 259091                     /usr/lib/jvm/java-17-openjdk-amd64/lib/libzip.so
7bc05c64b000-7bc05c650000 r-xp 00002000 08:30 259091                     /usr/lib/jvm/java-17-openjdk-amd64/lib/libzip.so
7bc05c650000-7bc05c652000 r--p 00007000 08:30 259091                     /usr/lib/jvm/java-17-openjdk-amd64/lib/libzip.so
7bc05c652000-7bc05c653000 r--p 00008000 08:30 259091                     /usr/lib/jvm/java-17-openjdk-amd64/lib/libzip.so
7bc05c653000-7bc05c654000 rw-p 00009000 08:30 259091                     /usr/lib/jvm/java-17-openjdk-amd64/lib/libzip.so
7bc05c654000-7bc05c658000 r--p 00000000 08:30 259083                     /usr/lib/jvm/java-17-openjdk-amd64/lib/libnet.so
7bc05c658000-7bc05c666000 r-xp 00004000 08:30 259083                     /usr/lib/jvm/java-17-openjdk-amd64/lib/libnet.so
7bc05c666000-7bc05c66a000 r--p 00012000 08:30 259083                     /usr/lib/jvm/java-17-openjdk-amd64/lib/libnet.so
7bc05c66a000-7bc05c66b000 r--p 00015000 08:30 259083                     /usr/lib/jvm/java-17-openjdk-amd64/lib/libnet.so
7bc05c66b000-7bc05c66c000 rw-p 00016000 08:30 259083                     /usr/lib/jvm/java-17-openjdk-amd64/lib/libnet.so
7bc05c66c000-7bc05c673000 r--p 00000000 08:30 259084                     /usr/lib/jvm/java-17-openjdk-amd64/lib/libnio.so
7bc05c673000-7bc05c67c000 r-xp 00007000 08:30 259084                     /usr/lib/jvm/java-17-openjdk-amd64/lib/libnio.so
7bc05c67c000-7bc05c680000 r--p 00010000 08:30 259084                     /usr/lib/jvm/java-17-openjdk-amd64/lib/libnio.so
7bc05c680000-7bc05c681000 r--p 00014000 08:30 259084                     /usr/lib/jvm/java-17-openjdk-amd64/lib/libnio.so
7bc05c681000-7bc05c682000 rw-p 00015000 08:30 259084                     /usr/lib/jvm/java-17-openjdk-amd64/lib/libnio.so
7bc05c682000-7bc05c6ca000 rw-p 00000000 00:00 0 
7bc05c6ca000-7bc05c6d1000 ---p 00000000 00:00 0 
7bc05c6d1000-7bc05c6dd000 r--p 00000000 08:30 259070                     /usr/lib/jvm/java-17-openjdk-amd64/lib/libjava.so
7bc05c6dd000-7bc05c6ef000 r-xp 0000c000 08:30 259070                     /usr/lib/jvm/java-17-openjdk-amd64/lib/libjava.so
7bc05c6ef000-7bc05c6f5000 r--p 0001e000 08:30 259070                     /usr/lib/jvm/java-17-openjdk-amd64/lib/libjava.so
7bc05c6f5000-7bc05c6f6000 r--p 00023000 08:30 259070                     /usr/lib/jvm/java-17-openjdk-amd64/lib/libjava.so
7bc05c6f6000-7bc05c6f7000 rw-p 00024000 08:30 259070                     /usr/lib/jvm/java-17-openjdk-amd64/lib/libjava.so
7bc05c6f7000-7bc05c6f8000 rw-p 00000000 00:00 0 
7bc05c6f8000-7bc05c700000 rw-s 00000000 08:30 427676                     /tmp/hsperfdata_thkim0/449876
7bc05c700000-7bc05c800000 rw-p 00000000 00:00 0 
7bc05c800000-7bc05ca76000 r-xp 00000000 08:30 297415                     /home/thkim0/venv/v1/lib/python3.10/site-packages/numpy.libs/libgfortran-040039e1.so.5.0.0
7bc05ca76000-7bc05cc75000 ---p 00276000 08:30 297415                     /home/thkim0/venv/v1/lib/python3.10/site-packages/numpy.libs/libgfortran-040039e1.so.5.0.0
7bc05cc75000-7bc05cc76000 r--p 00275000 08:30 297415                     /home/thkim0/venv/v1/lib/python3.10/site-packages/numpy.libs/libgfortran-040039e1.so.5.0.0
7bc05cc76000-7bc05cc78000 rw-p 00276000 08:30 297415                     /home/thkim0/venv/v1/lib/python3.10/site-packages/numpy.libs/libgfortran-040039e1.so.5.0.0
7bc05cc78000-7bc05cc8d000 rw-p 0027b000 08:30 297415                     /home/thkim0/venv/v1/lib/python3.10/site-packages/numpy.libs/libgfortran-040039e1.so.5.0.0
7bc05cc92000-7bc05cc94000 r--p 00000000 08:30 259073                     /usr/lib/jvm/java-17-openjdk-amd64/lib/libjimage.so
7bc05cc94000-7bc05cc97000 r-xp 00002000 08:30 259073                     /usr/lib/jvm/java-17-openjdk-amd64/lib/libjimage.so
7bc05cc97000-7bc05cc98000 r--p 00005000 08:30 259073                     /usr/lib/jvm/java-17-openjdk-amd64/lib/libjimage.so
7bc05cc98000-7bc05cc99000 r--p 00006000 08:30 259073                     /usr/lib/jvm/java-17-openjdk-amd64/lib/libjimage.so
7bc05cc99000-7bc05cc9a000 rw-p 00007000 08:30 259073                     /usr/lib/jvm/java-17-openjdk-amd64/lib/libjimage.so
7bc05ccdb000-7bc05cce1000 r--p 00000000 08:30 296864                     /home/thkim0/venv/v1/lib/python3.10/site-packages/MeCab/_MeCab.cpython-310-x86_64-linux-gnu.so
7bc05cce1000-7bc05ccef000 r-xp 00006000 08:30 296864                     /home/thkim0/venv/v1/lib/python3.10/site-packages/MeCab/_MeCab.cpython-310-x86_64-linux-gnu.so
7bc05ccef000-7bc05ccf8000 r--p 00014000 08:30 296864                     /home/thkim0/venv/v1/lib/python3.10/site-packages/MeCab/_MeCab.cpython-310-x86_64-linux-gnu.so
7bc05ccf8000-7bc05ccf9000 r--p 0001c000 08:30 296864                     /home/thkim0/venv/v1/lib/python3.10/site-packages/MeCab/_MeCab.cpython-310-x86_64-linux-gnu.so
7bc05ccf9000-7bc05ccfd000 rw-p 0001d000 08:30 296864                     /home/thkim0/venv/v1/lib/python3.10/site-packages/MeCab/_MeCab.cpython-310-x86_64-linux-gnu.so
7bc05ccfd000-7bc05cd00000 rw-p 000bb000 08:30 296864                     /home/thkim0/venv/v1/lib/python3.10/site-packages/MeCab/_MeCab.cpython-310-x86_64-linux-gnu.so
7bc05cd00000-7bc05ce00000 rw-p 00000000 00:00 0 
7bc05ce00000-7bc05ce2b000 r--p 00000000 08:30 220830                     /home/thkim0/venv/v1/lib/python3.10/site-packages/numpy/core/_multiarray_umath.cpython-310-x86_64-linux-gnu.so
7bc05ce2b000-7bc05d30a000 r-xp 0002b000 08:30 220830                     /home/thkim0/venv/v1/lib/python3.10/site-packages/numpy/core/_multiarray_umath.cpython-310-x86_64-linux-gnu.so
7bc05d30a000-7bc05d47e000 r--p 0050a000 08:30 220830                     /home/thkim0/venv/v1/lib/python3.10/site-packages/numpy/core/_multiarray_umath.cpython-310-x86_64-linux-gnu.so
7bc05d47e000-7bc05d47f000 ---p 0067e000 08:30 220830                     /home/thkim0/venv/v1/lib/python3.10/site-packages/numpy/core/_multiarray_umath.cpython-310-x86_64-linux-gnu.so
7bc05d47f000-7bc05d481000 r--p 0067e000 08:30 220830                     /home/thkim0/venv/v1/lib/python3.10/site-packages/numpy/core/_multiarray_umath.cpython-310-x86_64-linux-gnu.so
7bc05d481000-7bc05d4a4000 rw-p 00680000 08:30 220830                     /home/thkim0/venv/v1/lib/python3.10/site-packages/numpy/core/_multiarray_umath.cpython-310-x86_64-linux-gnu.so
7bc05d4a4000-7bc05d4c4000 rw-p 00000000 00:00 0 
7bc05d4c4000-7bc05d4cf000 rw-p 0070c000 08:30 220830                     /home/thkim0/venv/v1/lib/python3.10/site-packages/numpy/core/_multiarray_umath.cpython-310-x86_64-linux-gnu.so
7bc05d4d2000-7bc05d4d4000 r--s 00000000 08:30 296759                     /usr/local/lib/mecab/dic/mecab-ko-dic/unk.dic
7bc05d4d4000-7bc05d4d7000 r--p 00000000 08:30 289312                     /home/thkim0/venv/v1/lib/python3.10/site-packages/numpy/random/_pcg64.cpython-310-x86_64-linux-gnu.so
7bc05d4d7000-7bc05d4e9000 r-xp 00003000 08:30 289312                     /home/thkim0/venv/v1/lib/python3.10/site-packages/numpy/random/_pcg64.cpython-310-x86_64-linux-gnu.so
7bc05d4e9000-7bc05d4ee000 r--p 00015000 08:30 289312                     /home/thkim0/venv/v1/lib/python3.10/site-packages/numpy/random/_pcg64.cpython-310-x86_64-linux-gnu.so
7bc05d4ee000-7bc05d4ef000 r--p 00019000 08:30 289312                     /home/thkim0/venv/v1/lib/python3.10/site-packages/numpy/random/_pcg64.cpython-310-x86_64-linux-gnu.so
7bc05d4ef000-7bc05d4f0000 rw-p 0001a000 08:30 289312                     /home/thkim0/venv/v1/lib/python3.10/site-packages/numpy/random/_pcg64.cpython-310-x86_64-linux-gnu.so
7bc05d4f0000-7bc05d4f4000 r--p 00000000 08:30 289391                     /home/thkim0/venv/v1/lib/python3.10/site-packages/numpy/random/_bounded_integers.cpython-310-x86_64-linux-gnu.so
7bc05d4f4000-7bc05d539000 r-xp 00004000 08:30 289391                     /home/thkim0/venv/v1/lib/python3.10/site-packages/numpy/random/_bounded_integers.cpython-310-x86_64-linux-gnu.so
7bc05d539000-7bc05d542000 r--p 00049000 08:30 289391                     /home/thkim0/venv/v1/lib/python3.10/site-packages/numpy/random/_bounded_integers.cpython-310-x86_64-linux-gnu.so
7bc05d542000-7bc05d543000 r--p 00051000 08:30 289391                     /home/thkim0/venv/v1/lib/python3.10/site-packages/numpy/random/_bounded_integers.cpython-310-x86_64-linux-gnu.so
7bc05d543000-7bc05d544000 rw-p 00052000 08:30 289391                     /home/thkim0/venv/v1/lib/python3.10/site-packages/numpy/random/_bounded_integers.cpython-310-x86_64-linux-gnu.so
7bc05d544000-7bc05d645000 rw-p 00000000 00:00 0 
7bc05d645000-7bc05d679000 r--p 00000000 08:30 221435                     /home/thkim0/venv/v1/lib/python3.10/site-packages/_jpype.so
7bc05d679000-7bc05d6cd000 r-xp 00034000 08:30 221435                     /home/thkim0/venv/v1/lib/python3.10/site-packages/_jpype.so
7bc05d6cd000-7bc05d6f2000 r--p 00088000 08:30 221435                     /home/thkim0/venv/v1/lib/python3.10/site-packages/_jpype.so
7bc05d6f2000-7bc05d6f7000 r--p 000ac000 08:30 221435                     /home/thkim0/venv/v1/lib/python3.10/site-packages/_jpype.so
7bc05d6f7000-7bc05d6fb000 rw-p 000b1000 08:30 221435                     /home/thkim0/venv/v1/lib/python3.10/site-packages/_jpype.so
7bc05d6fb000-7bc05d7fb000 rw-p 00000000 00:00 0 
7bc05d7fb000-7bc05d7fc000 ---p 00000000 00:00 0 
7bc05d7fc000-7bc05dffc000 rw-p 00000000 00:00 0 
7bc05dffc000-7bc05dffd000 ---p 00000000 00:00 0 
7bc05dffd000-7bc05e7fd000 rw-p 00000000 00:00 0 
7bc05e7fd000-7bc05e7fe000 ---p 00000000 00:00 0 
7bc05e7fe000-7bc05effe000 rw-p 00000000 00:00 0 
7bc05effe000-7bc05efff000 ---p 00000000 00:00 0 
7bc05efff000-7bc05f7ff000 rw-p 00000000 00:00 0 
7bc05f7ff000-7bc05f800000 ---p 00000000 00:00 0 
7bc05f800000-7bc060000000 rw-p 00000000 00:00 0 
7bc060000000-7bc060021000 rw-p 00000000 00:00 0 
7bc060021000-7bc064000000 ---p 00000000 00:00 0 
7bc064000000-7bc064021000 rw-p 00000000 00:00 0 
7bc064021000-7bc068000000 ---p 00000000 00:00 0 
7bc068000000-7bc06805f000 rw-p 00000000 00:00 0 
7bc06805f000-7bc06c000000 ---p 00000000 00:00 0 
7bc06c001000-7bc06c003000 r--s 00000000 08:30 296759                     /usr/local/lib/mecab/dic/mecab-ko-dic/unk.dic
7bc06c003000-7bc06c004000 r--p 00000000 00:00 0 
7bc06c004000-7bc06c005000 r--p 00000000 08:30 12243                      /usr/lib/locale/C.utf8/LC_NUMERIC
7bc06c005000-7bc06c008000 r--p 00000000 08:30 289345                     /home/thkim0/venv/v1/lib/python3.10/site-packages/numpy/random/_sfc64.cpython-310-x86_64-linux-gnu.so
7bc06c008000-7bc06c011000 r-xp 00003000 08:30 289345                     /home/thkim0/venv/v1/lib/python3.10/site-packages/numpy/random/_sfc64.cpython-310-x86_64-linux-gnu.so
7bc06c011000-7bc06c014000 r--p 0000c000 08:30 289345                     /home/thkim0/venv/v1/lib/python3.10/site-packages/numpy/random/_sfc64.cpython-310-x86_64-linux-gnu.so
7bc06c014000-7bc06c015000 r--p 0000e000 08:30 289345                     /home/thkim0/venv/v1/lib/python3.10/site-packages/numpy/random/_sfc64.cpython-310-x86_64-linux-gnu.so
7bc06c015000-7bc06c016000 rw-p 0000f000 08:30 289345                     /home/thkim0/venv/v1/lib/python3.10/site-packages/numpy/random/_sfc64.cpython-310-x86_64-linux-gnu.so
7bc06c016000-7bc06c019000 r--p 00000000 08:30 289320                     /home/thkim0/venv/v1/lib/python3.10/site-packages/numpy/random/_mt19937.cpython-310-x86_64-linux-gnu.so
7bc06c019000-7bc06c02a000 r-xp 00003000 08:30 289320                     /home/thkim0/venv/v1/lib/python3.10/site-packages/numpy/random/_mt19937.cpython-310-x86_64-linux-gnu.so
7bc06c02a000-7bc06c02f000 r--p 00014000 08:30 289320                     /home/thkim0/venv/v1/lib/python3.10/site-packages/numpy/random/_mt19937.cpython-310-x86_64-linux-gnu.so
7bc06c02f000-7bc06c030000 r--p 00018000 08:30 289320                     /home/thkim0/venv/v1/lib/python3.10/site-packages/numpy/random/_mt19937.cpython-310-x86_64-linux-gnu.so
7bc06c030000-7bc06c031000 rw-p 00019000 08:30 289320                     /home/thkim0/venv/v1/lib/python3.10/site-packages/numpy/random/_mt19937.cpython-310-x86_64-linux-gnu.so
7bc06c031000-7bc06c032000 r--p 00000000 08:30 221009                     /home/thkim0/venv/v1/lib/python3.10/site-packages/numpy/fft/_pocketfft_internal.cpython-310-x86_64-linux-gnu.so
7bc06c032000-7bc06c045000 r-xp 00001000 08:30 221009                     /home/thkim0/venv/v1/lib/python3.10/site-packages/numpy/fft/_pocketfft_internal.cpython-310-x86_64-linux-gnu.so
7bc06c045000-7bc06c047000 r--p 00014000 08:30 221009                     /home/thkim0/venv/v1/lib/python3.10/site-packages/numpy/fft/_pocketfft_internal.cpython-310-x86_64-linux-gnu.so
7bc06c047000-7bc06c048000 r--p 00015000 08:30 221009                     /home/thkim0/venv/v1/lib/python3.10/site-packages/numpy/fft/_pocketfft_internal.cpython-310-x86_64-linux-gnu.so
7bc06c048000-7bc06c049000 rw-p 00016000 08:30 221009                     /home/thkim0/venv/v1/lib/python3.10/site-packages/numpy/fft/_pocketfft_internal.cpython-310-x86_64-linux-gnu.so
7bc06c049000-7bc06c04f000 r--p 00000000 08:30 220804                     /home/thkim0/venv/v1/lib/python3.10/site-packages/numpy/linalg/_umath_linalg.cpython-310-x86_64-linux-gnu.so
7bc06c04f000-7bc06c06f000 r-xp 00006000 08:30 220804                     /home/thkim0/venv/v1/lib/python3.10/site-packages/numpy/linalg/_umath_linalg.cpython-310-x86_64-linux-gnu.so
7bc06c06f000-7bc06c074000 r--p 00026000 08:30 220804                     /home/thkim0/venv/v1/lib/python3.10/site-packages/numpy/linalg/_umath_linalg.cpython-310-x86_64-linux-gnu.so
7bc06c074000-7bc06c075000 r--p 0002a000 08:30 220804                     /home/thkim0/venv/v1/lib/python3.10/site-packages/numpy/linalg/_umath_linalg.cpython-310-x86_64-linux-gnu.so
7bc06c075000-7bc06c076000 rw-p 0002b000 08:30 220804                     /home/thkim0/venv/v1/lib/python3.10/site-packages/numpy/linalg/_umath_linalg.cpython-310-x86_64-linux-gnu.so
7bc06c076000-7bc06c077000 rw-p 00000000 00:00 0 
7bc06c077000-7bc06c07a000 rw-p 00032000 08:30 220804                     /home/thkim0/venv/v1/lib/python3.10/site-packages/numpy/linalg/_umath_linalg.cpython-310-x86_64-linux-gnu.so
7bc06c07a000-7bc06c37a000 rw-p 00000000 00:00 0 
7bc06c37a000-7bc06c382000 r--p 00000000 08:30 274197                     /home/thkim0/venv/v1/lib/python3.10/site-packages/debugpy/_vendored/pydevd/_pydevd_bundle/pydevd_cython.cpython-310-x86_64-linux-gnu.so
7bc06c382000-7bc06c413000 r-xp 00008000 08:30 274197                     /home/thkim0/venv/v1/lib/python3.10/site-packages/debugpy/_vendored/pydevd/_pydevd_bundle/pydevd_cython.cpython-310-x86_64-linux-gnu.so
7bc06c413000-7bc06c41f000 r--p 00099000 08:30 274197                     /home/thkim0/venv/v1/lib/python3.10/site-packages/debugpy/_vendored/pydevd/_pydevd_bundle/pydevd_cython.cpython-310-x86_64-linux-gnu.so
7bc06c41f000-7bc06c421000 r--p 000a4000 08:30 274197                     /home/thkim0/venv/v1/lib/python3.10/site-packages/debugpy/_vendored/pydevd/_pydevd_bundle/pydevd_cython.cpython-310-x86_64-linux-gnu.so
7bc06c421000-7bc06c424000 rw-p 000a6000 08:30 274197                     /home/thkim0/venv/v1/lib/python3.10/site-packages/debugpy/_vendored/pydevd/_pydevd_bundle/pydevd_cython.cpython-310-x86_64-linux-gnu.so
7bc06c424000-7bc06c526000 rw-p 00000000 00:00 0 
7bc06c526000-7bc06c527000 ---p 00000000 00:00 0 
7bc06c527000-7bc06cd27000 rw-p 00000000 00:00 0 
7bc06cd27000-7bc06cd28000 ---p 00000000 00:00 0 
7bc06cd28000-7bc06d528000 rw-p 00000000 00:00 0 
7bc06d528000-7bc06d529000 ---p 00000000 00:00 0 
7bc06d529000-7bc06dd29000 rw-p 00000000 00:00 0 
7bc06dd29000-7bc06dd2a000 ---p 00000000 00:00 0 
7bc06dd2a000-7bc06e52a000 rw-p 00000000 00:00 0 
7bc06e52a000-7bc06e52b000 ---p 00000000 00:00 0 
7bc06e52b000-7bc06ed2b000 rw-p 00000000 00:00 0 
7bc06ed2b000-7bc06ed2c000 ---p 00000000 00:00 0 
7bc06ed2c000-7bc06f52c000 rw-p 00000000 00:00 0 
7bc06f52c000-7bc07002c000 rw-p 00000000 00:00 0 
7bc07002c000-7bc07004c000 r--p 00000000 08:30 1883                       /usr/lib/x86_64-linux-gnu/libsqlite3.so.0.8.6
7bc07004c000-7bc070157000 r-xp 00020000 08:30 1883                       /usr/lib/x86_64-linux-gnu/libsqlite3.so.0.8.6
7bc070157000-7bc07018b000 r--p 0012b000 08:30 1883                       /usr/lib/x86_64-linux-gnu/libsqlite3.so.0.8.6
7bc07018b000-7bc07018f000 r--p 0015e000 08:30 1883                       /usr/lib/x86_64-linux-gnu/libsqlite3.so.0.8.6
7bc07018f000-7bc070193000 rw-p 00162000 08:30 1883                       /usr/lib/x86_64-linux-gnu/libsqlite3.so.0.8.6
7bc070193000-7bc070294000 rw-p 00000000 00:00 0 
7bc070294000-7bc070295000 r--p 00000000 08:30 12246                      /usr/lib/locale/C.utf8/LC_TIME
7bc070295000-7bc070296000 r--p 00000000 08:30 12236                      /usr/lib/locale/C.utf8/LC_COLLATE
7bc070296000-7bc070299000 r--p 00000000 08:30 289315                     /home/thkim0/venv/v1/lib/python3.10/site-packages/numpy/random/_philox.cpython-310-x86_64-linux-gnu.so
7bc070299000-7bc0702a8000 r-xp 00003000 08:30 289315                     /home/thkim0/venv/v1/lib/python3.10/site-packages/numpy/random/_philox.cpython-310-x86_64-linux-gnu.so
7bc0702a8000-7bc0702ac000 r--p 00012000 08:30 289315                     /home/thkim0/venv/v1/lib/python3.10/site-packages/numpy/random/_philox.cpython-310-x86_64-linux-gnu.so
7bc0702ac000-7bc0702ad000 r--p 00015000 08:30 289315                     /home/thkim0/venv/v1/lib/python3.10/site-packages/numpy/random/_philox.cpython-310-x86_64-linux-gnu.so
7bc0702ad000-7bc0702ae000 rw-p 00016000 08:30 289315                     /home/thkim0/venv/v1/lib/python3.10/site-packages/numpy/random/_philox.cpython-310-x86_64-linux-gnu.so
7bc0702ae000-7bc0702b2000 r--p 00000000 08:30 289307                     /home/thkim0/venv/v1/lib/python3.10/site-packages/numpy/random/_common.cpython-310-x86_64-linux-gnu.so
7bc0702b2000-7bc0702e4000 r-xp 00004000 08:30 289307                     /home/thkim0/venv/v1/lib/python3.10/site-packages/numpy/random/_common.cpython-310-x86_64-linux-gnu.so
7bc0702e4000-7bc0702e8000 r--p 00036000 08:30 289307                     /home/thkim0/venv/v1/lib/python3.10/site-packages/numpy/random/_common.cpython-310-x86_64-linux-gnu.so
7bc0702e8000-7bc0702e9000 ---p 0003a000 08:30 289307                     /home/thkim0/venv/v1/lib/python3.10/site-packages/numpy/random/_common.cpython-310-x86_64-linux-gnu.so
7bc0702e9000-7bc0702ea000 r--p 0003a000 08:30 289307                     /home/thkim0/venv/v1/lib/python3.10/site-packages/numpy/random/_common.cpython-310-x86_64-linux-gnu.so
7bc0702ea000-7bc0702eb000 rw-p 0003b000 08:30 289307                     /home/thkim0/venv/v1/lib/python3.10/site-packages/numpy/random/_common.cpython-310-x86_64-linux-gnu.so
7bc0702eb000-7bc0702ec000 rw-p 00000000 00:00 0 
7bc0702ec000-7bc0702f1000 r--p 00000000 08:30 289368                     /home/thkim0/venv/v1/lib/python3.10/site-packages/numpy/random/bit_generator.cpython-310-x86_64-linux-gnu.so
7bc0702f1000-7bc070314000 r-xp 00005000 08:30 289368                     /home/thkim0/venv/v1/lib/python3.10/site-packages/numpy/random/bit_generator.cpython-310-x86_64-linux-gnu.so
7bc070314000-7bc07031e000 r--p 00028000 08:30 289368                     /home/thkim0/venv/v1/lib/python3.10/site-packages/numpy/random/bit_generator.cpython-310-x86_64-linux-gnu.so
7bc07031e000-7bc07031f000 r--p 00031000 08:30 289368                     /home/thkim0/venv/v1/lib/python3.10/site-packages/numpy/random/bit_generator.cpython-310-x86_64-linux-gnu.so
7bc07031f000-7bc070321000 rw-p 00032000 08:30 289368                     /home/thkim0/venv/v1/lib/python3.10/site-packages/numpy/random/bit_generator.cpython-310-x86_64-linux-gnu.so
7bc070321000-7bc070322000 rw-p 00000000 00:00 0 
7bc070322000-7bc070327000 r--p 00000000 08:30 289292                     /home/thkim0/venv/v1/lib/python3.10/site-packages/numpy/random/mtrand.cpython-310-x86_64-linux-gnu.so
7bc070327000-7bc070380000 r-xp 00005000 08:30 289292                     /home/thkim0/venv/v1/lib/python3.10/site-packages/numpy/random/mtrand.cpython-310-x86_64-linux-gnu.so
7bc070380000-7bc0703d0000 r--p 0005e000 08:30 289292                     /home/thkim0/venv/v1/lib/python3.10/site-packages/numpy/random/mtrand.cpython-310-x86_64-linux-gnu.so
7bc0703d0000-7bc0703d1000 ---p 000ae000 08:30 289292                     /home/thkim0/venv/v1/lib/python3.10/site-packages/numpy/random/mtrand.cpython-310-x86_64-linux-gnu.so
7bc0703d1000-7bc0703d2000 r--p 000ae000 08:30 289292                     /home/thkim0/venv/v1/lib/python3.10/site-packages/numpy/random/mtrand.cpython-310-x86_64-linux-gnu.so
7bc0703d2000-7bc0703d3000 rw-p 000af000 08:30 289292                     /home/thkim0/venv/v1/lib/python3.10/site-packages/numpy/random/mtrand.cpython-310-x86_64-linux-gnu.so
7bc0703d3000-7bc0707d5000 rw-p 00000000 00:00 0 
7bc0707d5000-7bc0707d7000 r--p 00000000 08:30 1992                       /usr/lib/x86_64-linux-gnu/libuuid.so.1.3.0
7bc0707d7000-7bc0707dc000 r-xp 00002000 08:30 1992                       /usr/lib/x86_64-linux-gnu/libuuid.so.1.3.0
7bc0707dc000-7bc0707dd000 r--p 00007000 08:30 1992                       /usr/lib/x86_64-linux-gnu/libuuid.so.1.3.0
7bc0707dd000-7bc0707de000 r--p 00007000 08:30 1992                       /usr/lib/x86_64-linux-gnu/libuuid.so.1.3.0
7bc0707de000-7bc0707df000 rw-p 00008000 08:30 1992                       /usr/lib/x86_64-linux-gnu/libuuid.so.1.3.0
7bc0707df000-7bc0708df000 rw-p 00000000 00:00 0 
7bc0708df000-7bc0708e2000 r--p 00000000 08:30 260383                     /usr/lib/x86_64-linux-gnu/liblzma.so.5.4.5
7bc0708e2000-7bc070904000 r-xp 00003000 08:30 260383                     /usr/lib/x86_64-linux-gnu/liblzma.so.5.4.5
7bc070904000-7bc07090f000 r--p 00025000 08:30 260383                     /usr/lib/x86_64-linux-gnu/liblzma.so.5.4.5
7bc07090f000-7bc070910000 r--p 00030000 08:30 260383                     /usr/lib/x86_64-linux-gnu/liblzma.so.5.4.5
7bc070910000-7bc070911000 rw-p 00031000 08:30 260383                     /usr/lib/x86_64-linux-gnu/liblzma.so.5.4.5
7bc070911000-7bc070913000 r--p 00000000 08:30 12746                      /usr/lib/x86_64-linux-gnu/libbz2.so.1.0.4
7bc070913000-7bc070921000 r-xp 00002000 08:30 12746                      /usr/lib/x86_64-linux-gnu/libbz2.so.1.0.4
7bc070921000-7bc070923000 r--p 00010000 08:30 12746                      /usr/lib/x86_64-linux-gnu/libbz2.so.1.0.4
7bc070923000-7bc070924000 r--p 00011000 08:30 12746                      /usr/lib/x86_64-linux-gnu/libbz2.so.1.0.4
7bc070924000-7bc070925000 rw-p 00012000 08:30 12746                      /usr/lib/x86_64-linux-gnu/libbz2.so.1.0.4
7bc070925000-7bc07092b000 r--p 00000000 08:30 58207                      /usr/lib/python3.10/lib-dynload/_decimal.cpython-310-x86_64-linux-gnu.so
7bc07092b000-7bc07095c000 r-xp 00006000 08:30 58207                      /usr/lib/python3.10/lib-dynload/_decimal.cpython-310-x86_64-linux-gnu.so
7bc07095c000-7bc07096b000 r--p 00037000 08:30 58207                      /usr/lib/python3.10/lib-dynload/_decimal.cpython-310-x86_64-linux-gnu.so
7bc07096b000-7bc07096c000 r--p 00045000 08:30 58207                      /usr/lib/python3.10/lib-dynload/_decimal.cpython-310-x86_64-linux-gnu.so
7bc07096c000-7bc07096f000 rw-p 00046000 08:30 58207                      /usr/lib/python3.10/lib-dynload/_decimal.cpython-310-x86_64-linux-gnu.so
7bc07096f000-7bc070b6f000 rw-p 00000000 00:00 0 
7bc070b6f000-7bc070b70000 r--p 00000000 08:30 12241                      /usr/lib/locale/C.utf8/LC_MONETARY
7bc070b70000-7bc070b71000 r--p 00000000 08:30 12240                      /usr/lib/locale/C.utf8/LC_MESSAGES/SYS_LC_MESSAGES
7bc070b71000-7bc070b78000 r--p 00000000 08:30 220853                     /home/thkim0/venv/v1/lib/python3.10/site-packages/numpy/core/_multiarray_tests.cpython-310-x86_64-linux-gnu.so
7bc070b78000-7bc070b8f000 r-xp 00007000 08:30 220853                     /home/thkim0/venv/v1/lib/python3.10/site-packages/numpy/core/_multiarray_tests.cpython-310-x86_64-linux-gnu.so
7bc070b8f000-7bc070b95000 r--p 0001e000 08:30 220853                     /home/thkim0/venv/v1/lib/python3.10/site-packages/numpy/core/_multiarray_tests.cpython-310-x86_64-linux-gnu.so
7bc070b95000-7bc070b96000 r--p 00023000 08:30 220853                     /home/thkim0/venv/v1/lib/python3.10/site-packages/numpy/core/_multiarray_tests.cpython-310-x86_64-linux-gnu.so
7bc070b96000-7bc070b98000 rw-p 00024000 08:30 220853                     /home/thkim0/venv/v1/lib/python3.10/site-packages/numpy/core/_multiarray_tests.cpython-310-x86_64-linux-gnu.so
7bc070b98000-7bc070b99000 r--p 00000000 08:30 45141                      /usr/lib/x86_64-linux-gnu/libdl.so.2
7bc070b99000-7bc070b9a000 r-xp 00001000 08:30 45141                      /usr/lib/x86_64-linux-gnu/libdl.so.2
7bc070b9a000-7bc070b9b000 r--p 00002000 08:30 45141                      /usr/lib/x86_64-linux-gnu/libdl.so.2
7bc070b9b000-7bc070b9c000 r--p 00002000 08:30 45141                      /usr/lib/x86_64-linux-gnu/libdl.so.2
7bc070b9c000-7bc070b9d000 rw-p 00003000 08:30 45141                      /usr/lib/x86_64-linux-gnu/libdl.so.2
7bc070b9d000-7bc070b9f000 r--p 00000000 08:30 12829                      /usr/lib/x86_64-linux-gnu/libffi.so.8.1.4
7bc070b9f000-7bc070ba6000 r-xp 00002000 08:30 12829                      /usr/lib/x86_64-linux-gnu/libffi.so.8.1.4
7bc070ba6000-7bc070ba7000 r--p 00009000 08:30 12829                      /usr/lib/x86_64-linux-gnu/libffi.so.8.1.4
7bc070ba7000-7bc070ba8000 r--p 0000a000 08:30 12829                      /usr/lib/x86_64-linux-gnu/libffi.so.8.1.4
7bc070ba8000-7bc070ba9000 rw-p 0000b000 08:30 12829                      /usr/lib/x86_64-linux-gnu/libffi.so.8.1.4
7bc070ba9000-7bc070baa000 r--p 00000000 08:30 12244                      /usr/lib/locale/C.utf8/LC_PAPER
7bc070baa000-7bc070bab000 r--p 00000000 08:30 12242                      /usr/lib/locale/C.utf8/LC_NAME
7bc070bab000-7bc070bac000 r--p 00000000 08:30 12235                      /usr/lib/locale/C.utf8/LC_ADDRESS
7bc070bac000-7bc070bad000 r--p 00000000 08:30 12245                      /usr/lib/locale/C.utf8/LC_TELEPHONE
7bc070bad000-7bc070bae000 ---p 00000000 00:00 0 
7bc070bae000-7bc070baf000 r--p 00000000 00:00 0 
7bc070baf000-7bc070bb5000 r--p 00000000 08:30 58202                      /usr/lib/python3.10/lib-dynload/_ctypes.cpython-310-x86_64-linux-gnu.so
7bc070bb5000-7bc070bc4000 r-xp 00006000 08:30 58202                      /usr/lib/python3.10/lib-dynload/_ctypes.cpython-310-x86_64-linux-gnu.so
7bc070bc4000-7bc070bca000 r--p 00015000 08:30 58202                      /usr/lib/python3.10/lib-dynload/_ctypes.cpython-310-x86_64-linux-gnu.so
7bc070bca000-7bc070bcb000 r--p 0001a000 08:30 58202                      /usr/lib/python3.10/lib-dynload/_ctypes.cpython-310-x86_64-linux-gnu.so
7bc070bcb000-7bc070bcf000 rw-p 0001b000 08:30 58202                      /usr/lib/python3.10/lib-dynload/_ctypes.cpython-310-x86_64-linux-gnu.so
7bc070bcf000-7bc070bd1000 r--p 00000000 08:30 206522                     /home/thkim0/venv/v1/lib/python3.10/site-packages/psutil/_psutil_posix.abi3.so
7bc070bd1000-7bc070bd3000 r-xp 00002000 08:30 206522                     /home/thkim0/venv/v1/lib/python3.10/site-packages/psutil/_psutil_posix.abi3.so
7bc070bd3000-7bc070bd4000 r--p 00004000 08:30 206522                     /home/thkim0/venv/v1/lib/python3.10/site-packages/psutil/_psutil_posix.abi3.so
7bc070bd4000-7bc070bd5000 r--p 00004000 08:30 206522                     /home/thkim0/venv/v1/lib/python3.10/site-packages/psutil/_psutil_posix.abi3.so
7bc070bd5000-7bc070bd6000 rw-p 00005000 08:30 206522                     /home/thkim0/venv/v1/lib/python3.10/site-packages/psutil/_psutil_posix.abi3.so
7bc070bd6000-7bc070bd8000 r--p 00000000 08:30 206529                     /home/thkim0/venv/v1/lib/python3.10/site-packages/psutil/_psutil_linux.abi3.so
7bc070bd8000-7bc070bdb000 r-xp 00002000 08:30 206529                     /home/thkim0/venv/v1/lib/python3.10/site-packages/psutil/_psutil_linux.abi3.so
7bc070bdb000-7bc070bdc000 r--p 00005000 08:30 206529                     /home/thkim0/venv/v1/lib/python3.10/site-packages/psutil/_psutil_linux.abi3.so
7bc070bdc000-7bc070bdd000 r--p 00005000 08:30 206529                     /home/thkim0/venv/v1/lib/python3.10/site-packages/psutil/_psutil_linux.abi3.so
7bc070bdd000-7bc070bde000 rw-p 00006000 08:30 206529                     /home/thkim0/venv/v1/lib/python3.10/site-packages/psutil/_psutil_linux.abi3.so
7bc070bde000-7bc070be0000 r--p 00000000 08:30 58209                      /usr/lib/python3.10/lib-dynload/_lsprof.cpython-310-x86_64-linux-gnu.so
7bc070be0000-7bc070be2000 r-xp 00002000 08:30 58209                      /usr/lib/python3.10/lib-dynload/_lsprof.cpython-310-x86_64-linux-gnu.so
7bc070be2000-7bc070be3000 r--p 00004000 08:30 58209                      /usr/lib/python3.10/lib-dynload/_lsprof.cpython-310-x86_64-linux-gnu.so
7bc070be3000-7bc070be4000 r--p 00005000 08:30 58209                      /usr/lib/python3.10/lib-dynload/_lsprof.cpython-310-x86_64-linux-gnu.so
7bc070be4000-7bc070be5000 rw-p 00006000 08:30 58209                      /usr/lib/python3.10/lib-dynload/_lsprof.cpython-310-x86_64-linux-gnu.so
7bc070be5000-7bc070beb000 r--p 00000000 08:30 58215                      /usr/lib/python3.10/lib-dynload/_sqlite3.cpython-310-x86_64-linux-gnu.so
7bc070beb000-7bc070bf8000 r-xp 00006000 08:30 58215                      /usr/lib/python3.10/lib-dynload/_sqlite3.cpython-310-x86_64-linux-gnu.so
7bc070bf8000-7bc070bfd000 r--p 00013000 08:30 58215                      /usr/lib/python3.10/lib-dynload/_sqlite3.cpython-310-x86_64-linux-gnu.so
7bc070bfd000-7bc070bfe000 r--p 00017000 08:30 58215                      /usr/lib/python3.10/lib-dynload/_sqlite3.cpython-310-x86_64-linux-gnu.so
7bc070bfe000-7bc070c00000 rw-p 00018000 08:30 58215                      /usr/lib/python3.10/lib-dynload/_sqlite3.cpython-310-x86_64-linux-gnu.so
7bc070c00000-7bc070e00000 rw-p 00000000 00:00 0 
7bc070e00000-7bc070eb3000 r--p 00000000 08:30 37663                      /usr/lib/x86_64-linux-gnu/libcrypto.so.3
7bc070eb3000-7bc0711e7000 r-xp 000b3000 08:30 37663                      /usr/lib/x86_64-linux-gnu/libcrypto.so.3
7bc0711e7000-7bc0712b2000 r--p 003e7000 08:30 37663                      /usr/lib/x86_64-linux-gnu/libcrypto.so.3
7bc0712b2000-7bc07130e000 r--p 004b1000 08:30 37663                      /usr/lib/x86_64-linux-gnu/libcrypto.so.3
7bc07130e000-7bc071311000 rw-p 0050d000 08:30 37663                      /usr/lib/x86_64-linux-gnu/libcrypto.so.3
7bc071311000-7bc071314000 rw-p 00000000 00:00 0 
7bc071314000-7bc071316000 r--p 00000000 08:30 58230                      /usr/lib/python3.10/lib-dynload/resource.cpython-310-x86_64-linux-gnu.so
7bc071316000-7bc071317000 r-xp 00002000 08:30 58230                      /usr/lib/python3.10/lib-dynload/resource.cpython-310-x86_64-linux-gnu.so
7bc071317000-7bc071318000 r--p 00003000 08:30 58230                      /usr/lib/python3.10/lib-dynload/resource.cpython-310-x86_64-linux-gnu.so
7bc071318000-7bc071319000 r--p 00003000 08:30 58230                      /usr/lib/python3.10/lib-dynload/resource.cpython-310-x86_64-linux-gnu.so
7bc071319000-7bc07131a000 rw-p 00004000 08:30 58230                      /usr/lib/python3.10/lib-dynload/resource.cpython-310-x86_64-linux-gnu.so
7bc07131a000-7bc071323000 r--p 00000000 08:30 12963                      /usr/lib/x86_64-linux-gnu/libncursesw.so.6.4
7bc071323000-7bc07134d000 r-xp 00009000 08:30 12963                      /usr/lib/x86_64-linux-gnu/libncursesw.so.6.4
7bc07134d000-7bc071354000 r--p 00033000 08:30 12963                      /usr/lib/x86_64-linux-gnu/libncursesw.so.6.4
7bc071354000-7bc071355000 r--p 00039000 08:30 12963                      /usr/lib/x86_64-linux-gnu/libncursesw.so.6.4
7bc071355000-7bc071356000 rw-p 0003a000 08:30 12963                      /usr/lib/x86_64-linux-gnu/libncursesw.so.6.4
7bc071356000-7bc071374000 r--p 00000000 08:30 37664                      /usr/lib/x86_64-linux-gnu/libssl.so.3
7bc071374000-7bc0713d6000 r-xp 0001e000 08:30 37664                      /usr/lib/x86_64-linux-gnu/libssl.so.3
7bc0713d6000-7bc0713f2000 r--p 00080000 08:30 37664                      /usr/lib/x86_64-linux-gnu/libssl.so.3
7bc0713f2000-7bc0713fc000 r--p 0009c000 08:30 37664                      /usr/lib/x86_64-linux-gnu/libssl.so.3
7bc0713fc000-7bc071400000 rw-p 000a6000 08:30 37664                      /usr/lib/x86_64-linux-gnu/libssl.so.3
7bc071400000-7bc071600000 rw-p 00000000 00:00 0 
7bc071600000-7bc07169d000 r--p 00000000 08:30 11813                      /usr/lib/x86_64-linux-gnu/libstdc++.so.6.0.33
7bc07169d000-7bc0717e5000 r-xp 0009d000 08:30 11813                      /usr/lib/x86_64-linux-gnu/libstdc++.so.6.0.33
7bc0717e5000-7bc07186c000 r--p 001e5000 08:30 11813                      /usr/lib/x86_64-linux-gnu/libstdc++.so.6.0.33
7bc07186c000-7bc071877000 r--p 0026b000 08:30 11813                      /usr/lib/x86_64-linux-gnu/libstdc++.so.6.0.33
7bc071877000-7bc07187a000 rw-p 00276000 08:30 11813                      /usr/lib/x86_64-linux-gnu/libstdc++.so.6.0.33
7bc07187a000-7bc07187e000 rw-p 00000000 00:00 0 
7bc07187e000-7bc07187f000 r--p 00000000 08:30 12239                      /usr/lib/locale/C.utf8/LC_MEASUREMENT
7bc07187f000-7bc07188d000 r--p 00000000 08:30 13077                      /usr/lib/x86_64-linux-gnu/libtinfo.so.6.4
7bc07188d000-7bc0718a0000 r-xp 0000e000 08:30 13077                      /usr/lib/x86_64-linux-gnu/libtinfo.so.6.4
7bc0718a0000-7bc0718ae000 r--p 00021000 08:30 13077                      /usr/lib/x86_64-linux-gnu/libtinfo.so.6.4
7bc0718ae000-7bc0718b2000 r--p 0002e000 08:30 13077                      /usr/lib/x86_64-linux-gnu/libtinfo.so.6.4
7bc0718b2000-7bc0718b3000 rw-p 00032000 08:30 13077                      /usr/lib/x86_64-linux-gnu/libtinfo.so.6.4
7bc0718b3000-7bc0718b7000 r--p 00000000 08:30 57987                      /usr/lib/python3.10/lib-dynload/_hashlib.cpython-310-x86_64-linux-gnu.so
7bc0718b7000-7bc0718bd000 r-xp 00004000 08:30 57987                      /usr/lib/python3.10/lib-dynload/_hashlib.cpython-310-x86_64-linux-gnu.so
7bc0718bd000-7bc0718c1000 r--p 0000a000 08:30 57987                      /usr/lib/python3.10/lib-dynload/_hashlib.cpython-310-x86_64-linux-gnu.so
7bc0718c1000-7bc0718c2000 r--p 0000d000 08:30 57987                      /usr/lib/python3.10/lib-dynload/_hashlib.cpython-310-x86_64-linux-gnu.so
7bc0718c2000-7bc0718c4000 rw-p 0000e000 08:30 57987                      /usr/lib/python3.10/lib-dynload/_hashlib.cpython-310-x86_64-linux-gnu.so
7bc0718c4000-7bc0718d6000 r--p 00000000 08:30 57989                      /usr/lib/python3.10/lib-dynload/_ssl.cpython-310-x86_64-linux-gnu.so
7bc0718d6000-7bc0718e2000 r-xp 00012000 08:30 57989                      /usr/lib/python3.10/lib-dynload/_ssl.cpython-310-x86_64-linux-gnu.so
7bc0718e2000-7bc0718f0000 r--p 0001e000 08:30 57989                      /usr/lib/python3.10/lib-dynload/_ssl.cpython-310-x86_64-linux-gnu.so
7bc0718f0000-7bc0718f1000 r--p 0002b000 08:30 57989                      /usr/lib/python3.10/lib-dynload/_ssl.cpython-310-x86_64-linux-gnu.so
7bc0718f1000-7bc0718fa000 rw-p 0002c000 08:30 57989                      /usr/lib/python3.10/lib-dynload/_ssl.cpython-310-x86_64-linux-gnu.so
7bc0718fa000-7bc0718fe000 r--p 00000000 08:30 11824                      /usr/lib/x86_64-linux-gnu/libgcc_s.so.1
7bc0718fe000-7bc071922000 r-xp 00004000 08:30 11824                      /usr/lib/x86_64-linux-gnu/libgcc_s.so.1
7bc071922000-7bc071926000 r--p 00028000 08:30 11824                      /usr/lib/x86_64-linux-gnu/libgcc_s.so.1
7bc071926000-7bc071927000 r--p 0002b000 08:30 11824                      /usr/lib/x86_64-linux-gnu/libgcc_s.so.1
7bc071927000-7bc071928000 rw-p 0002c000 08:30 11824                      /usr/lib/x86_64-linux-gnu/libgcc_s.so.1
7bc071928000-7bc071935000 r--p 00000000 08:30 273376                     /home/thkim0/venv/v1/lib/python3.10/site-packages/pyzmq.libs/libsodium-19479d6d.so.26.2.0
7bc071935000-7bc071a2b000 r-xp 0000d000 08:30 273376                     /home/thkim0/venv/v1/lib/python3.10/site-packages/pyzmq.libs/libsodium-19479d6d.so.26.2.0
7bc071a2b000-7bc071a40000 r--p 00103000 08:30 273376                     /home/thkim0/venv/v1/lib/python3.10/site-packages/pyzmq.libs/libsodium-19479d6d.so.26.2.0
7bc071a40000-7bc071a41000 r--p 00118000 08:30 273376                     /home/thkim0/venv/v1/lib/python3.10/site-packages/pyzmq.libs/libsodium-19479d6d.so.26.2.0
7bc071a41000-7bc071a42000 rw-p 00119000 08:30 273376                     /home/thkim0/venv/v1/lib/python3.10/site-packages/pyzmq.libs/libsodium-19479d6d.so.26.2.0
7bc071a42000-7bc071a4f000 rw-p 0011b000 08:30 273376                     /home/thkim0/venv/v1/lib/python3.10/site-packages/pyzmq.libs/libsodium-19479d6d.so.26.2.0
7bc071a4f000-7bc071a67000 r--p 00000000 08:30 273377                     /home/thkim0/venv/v1/lib/python3.10/site-packages/pyzmq.libs/libzmq-7b073b3d.so.5.2.5
7bc071a67000-7bc071af1000 r-xp 00018000 08:30 273377                     /home/thkim0/venv/v1/lib/python3.10/site-packages/pyzmq.libs/libzmq-7b073b3d.so.5.2.5
7bc071af1000-7bc071b26000 r--p 000a2000 08:30 273377                     /home/thkim0/venv/v1/lib/python3.10/site-packages/pyzmq.libs/libzmq-7b073b3d.so.5.2.5
7bc071b26000-7bc071b2d000 r--p 000d7000 08:30 273377                     /home/thkim0/venv/v1/lib/python3.10/site-packages/pyzmq.libs/libzmq-7b073b3d.so.5.2.5
7bc071b2d000-7bc071b2e000 rw-p 000de000 08:30 273377                     /home/thkim0/venv/v1/lib/python3.10/site-packages/pyzmq.libs/libzmq-7b073b3d.so.5.2.5
7bc071b2e000-7bc071b37000 rw-p 000e0000 08:30 273377                     /home/thkim0/venv/v1/lib/python3.10/site-packages/pyzmq.libs/libzmq-7b073b3d.so.5.2.5
7bc071b37000-7bc071b3f000 r--p 00000000 08:30 273417                     /home/thkim0/venv/v1/lib/python3.10/site-packages/zmq/backend/cython/_zmq.cpython-310-x86_64-linux-gnu.so
7bc071b3f000-7bc071b6b000 r-xp 00008000 08:30 273417                     /home/thkim0/venv/v1/lib/python3.10/site-packages/zmq/backend/cython/_zmq.cpython-310-x86_64-linux-gnu.so
7bc071b6b000-7bc071b75000 r--p 00034000 08:30 273417                     /home/thkim0/venv/v1/lib/python3.10/site-packages/zmq/backend/cython/_zmq.cpython-310-x86_64-linux-gnu.so
7bc071b75000-7bc071b77000 r--p 0003e000 08:30 273417                     /home/thkim0/venv/v1/lib/python3.10/site-packages/zmq/backend/cython/_zmq.cpython-310-x86_64-linux-gnu.so
7bc071b77000-7bc071b79000 rw-p 00040000 08:30 273417                     /home/thkim0/venv/v1/lib/python3.10/site-packages/zmq/backend/cython/_zmq.cpython-310-x86_64-linux-gnu.so
7bc071b79000-7bc071b7a000 rw-p 00000000 00:00 0 
7bc071b7a000-7bc071b7f000 rw-p 00043000 08:30 273417                     /home/thkim0/venv/v1/lib/python3.10/site-packages/zmq/backend/cython/_zmq.cpython-310-x86_64-linux-gnu.so
7bc071b7f000-7bc071b80000 r--p 00000000 08:30 12238                      /usr/lib/locale/C.utf8/LC_IDENTIFICATION
7bc071b80000-7bc071b81000 r--p 00000000 08:30 58222                      /usr/lib/python3.10/lib-dynload/_uuid.cpython-310-x86_64-linux-gnu.so
7bc071b81000-7bc071b82000 r-xp 00001000 08:30 58222                      /usr/lib/python3.10/lib-dynload/_uuid.cpython-310-x86_64-linux-gnu.so
7bc071b82000-7bc071b83000 r--p 00002000 08:30 58222                      /usr/lib/python3.10/lib-dynload/_uuid.cpython-310-x86_64-linux-gnu.so
7bc071b83000-7bc071b84000 r--p 00002000 08:30 58222                      /usr/lib/python3.10/lib-dynload/_uuid.cpython-310-x86_64-linux-gnu.so
7bc071b84000-7bc071b85000 rw-p 00003000 08:30 58222                      /usr/lib/python3.10/lib-dynload/_uuid.cpython-310-x86_64-linux-gnu.so
7bc071b85000-7bc071b88000 r--p 00000000 08:30 58210                      /usr/lib/python3.10/lib-dynload/_lzma.cpython-310-x86_64-linux-gnu.so
7bc071b88000-7bc071b8c000 r-xp 00003000 08:30 58210                      /usr/lib/python3.10/lib-dynload/_lzma.cpython-310-x86_64-linux-gnu.so
7bc071b8c000-7bc071b8f000 r--p 00007000 08:30 58210                      /usr/lib/python3.10/lib-dynload/_lzma.cpython-310-x86_64-linux-gnu.so
7bc071b8f000-7bc071b90000 r--p 00009000 08:30 58210                      /usr/lib/python3.10/lib-dynload/_lzma.cpython-310-x86_64-linux-gnu.so
7bc071b90000-7bc071b91000 rw-p 0000a000 08:30 58210                      /usr/lib/python3.10/lib-dynload/_lzma.cpython-310-x86_64-linux-gnu.so
7bc071b91000-7bc071b93000 r--p 00000000 08:30 58193                      /usr/lib/python3.10/lib-dynload/_bz2.cpython-310-x86_64-linux-gnu.so
7bc071b93000-7bc071b96000 r-xp 00002000 08:30 58193                      /usr/lib/python3.10/lib-dynload/_bz2.cpython-310-x86_64-linux-gnu.so
7bc071b96000-7bc071b98000 r--p 00005000 08:30 58193                      /usr/lib/python3.10/lib-dynload/_bz2.cpython-310-x86_64-linux-gnu.so
7bc071b98000-7bc071b99000 r--p 00006000 08:30 58193                      /usr/lib/python3.10/lib-dynload/_bz2.cpython-310-x86_64-linux-gnu.so
7bc071b99000-7bc071b9a000 rw-p 00007000 08:30 58193                      /usr/lib/python3.10/lib-dynload/_bz2.cpython-310-x86_64-linux-gnu.so
7bc071b9a000-7bc071b9d000 r--p 00000000 08:30 58231                      /usr/lib/python3.10/lib-dynload/termios.cpython-310-x86_64-linux-gnu.so
7bc071b9d000-7bc071b9e000 r-xp 00003000 08:30 58231                      /usr/lib/python3.10/lib-dynload/termios.cpython-310-x86_64-linux-gnu.so
7bc071b9e000-7bc071ba0000 r--p 00004000 08:30 58231                      /usr/lib/python3.10/lib-dynload/termios.cpython-310-x86_64-linux-gnu.so
7bc071ba0000-7bc071ba1000 r--p 00005000 08:30 58231                      /usr/lib/python3.10/lib-dynload/termios.cpython-310-x86_64-linux-gnu.so
7bc071ba1000-7bc071ba3000 rw-p 00006000 08:30 58231                      /usr/lib/python3.10/lib-dynload/termios.cpython-310-x86_64-linux-gnu.so
7bc071ba3000-7bc071baa000 r--p 00000000 08:30 58204                      /usr/lib/python3.10/lib-dynload/_curses.cpython-310-x86_64-linux-gnu.so
7bc071baa000-7bc071bb5000 r-xp 00007000 08:30 58204                      /usr/lib/python3.10/lib-dynload/_curses.cpython-310-x86_64-linux-gnu.so
7bc071bb5000-7bc071bc0000 r--p 00012000 08:30 58204                      /usr/lib/python3.10/lib-dynload/_curses.cpython-310-x86_64-linux-gnu.so
7bc071bc0000-7bc071bc1000 r--p 0001c000 08:30 58204                      /usr/lib/python3.10/lib-dynload/_curses.cpython-310-x86_64-linux-gnu.so
7bc071bc1000-7bc071bc3000 rw-p 0001d000 08:30 58204                      /usr/lib/python3.10/lib-dynload/_curses.cpython-310-x86_64-linux-gnu.so
7bc071bc3000-7bc071bc4000 r--p 00000000 08:30 200628                     /home/thkim0/venv/v1/lib/python3.10/site-packages/tornado/speedups.abi3.so
7bc071bc4000-7bc071bc5000 r-xp 00001000 08:30 200628                     /home/thkim0/venv/v1/lib/python3.10/site-packages/tornado/speedups.abi3.so
7bc071bc5000-7bc071bc6000 r--p 00002000 08:30 200628                     /home/thkim0/venv/v1/lib/python3.10/site-packages/tornado/speedups.abi3.so
7bc071bc6000-7bc071bc7000 r--p 00002000 08:30 200628                     /home/thkim0/venv/v1/lib/python3.10/site-packages/tornado/speedups.abi3.so
7bc071bc7000-7bc071bc8000 rw-p 00003000 08:30 200628                     /home/thkim0/venv/v1/lib/python3.10/site-packages/tornado/speedups.abi3.so
7bc071bc8000-7bc071cc8000 rw-p 00000000 00:00 0 
7bc071cc8000-7bc071cca000 r--p 00000000 08:30 58208                      /usr/lib/python3.10/lib-dynload/_json.cpython-310-x86_64-linux-gnu.so
7bc071cca000-7bc071cd0000 r-xp 00002000 08:30 58208                      /usr/lib/python3.10/lib-dynload/_json.cpython-310-x86_64-linux-gnu.so
7bc071cd0000-7bc071cd2000 r--p 00008000 08:30 58208                      /usr/lib/python3.10/lib-dynload/_json.cpython-310-x86_64-linux-gnu.so
7bc071cd2000-7bc071cd3000 r--p 00009000 08:30 58208                      /usr/lib/python3.10/lib-dynload/_json.cpython-310-x86_64-linux-gnu.so
7bc071cd3000-7bc071cd4000 rw-p 0000a000 08:30 58208                      /usr/lib/python3.10/lib-dynload/_json.cpython-310-x86_64-linux-gnu.so
7bc071cd4000-7bc071dd4000 rw-p 00000000 00:00 0 
7bc071dd4000-7bc071dd6000 r--p 00000000 08:30 58214                      /usr/lib/python3.10/lib-dynload/_queue.cpython-310-x86_64-linux-gnu.so
7bc071dd6000-7bc071dd7000 r-xp 00002000 08:30 58214                      /usr/lib/python3.10/lib-dynload/_queue.cpython-310-x86_64-linux-gnu.so
7bc071dd7000-7bc071dd8000 r--p 00003000 08:30 58214                      /usr/lib/python3.10/lib-dynload/_queue.cpython-310-x86_64-linux-gnu.so
7bc071dd8000-7bc071dd9000 r--p 00003000 08:30 58214                      /usr/lib/python3.10/lib-dynload/_queue.cpython-310-x86_64-linux-gnu.so
7bc071dd9000-7bc071dda000 rw-p 00004000 08:30 58214                      /usr/lib/python3.10/lib-dynload/_queue.cpython-310-x86_64-linux-gnu.so
7bc071dda000-7bc071dde000 r--p 00000000 08:30 58192                      /usr/lib/python3.10/lib-dynload/_asyncio.cpython-310-x86_64-linux-gnu.so
7bc071dde000-7bc071de3000 r-xp 00004000 08:30 58192                      /usr/lib/python3.10/lib-dynload/_asyncio.cpython-310-x86_64-linux-gnu.so
7bc071de3000-7bc071de7000 r--p 00009000 08:30 58192                      /usr/lib/python3.10/lib-dynload/_asyncio.cpython-310-x86_64-linux-gnu.so
7bc071de7000-7bc071de8000 r--p 0000c000 08:30 58192                      /usr/lib/python3.10/lib-dynload/_asyncio.cpython-310-x86_64-linux-gnu.so
7bc071de8000-7bc071dea000 rw-p 0000d000 08:30 58192                      /usr/lib/python3.10/lib-dynload/_asyncio.cpython-310-x86_64-linux-gnu.so
7bc071dea000-7bc071deb000 r--p 00000000 08:30 58200                      /usr/lib/python3.10/lib-dynload/_contextvars.cpython-310-x86_64-linux-gnu.so
7bc071deb000-7bc071dec000 r-xp 00001000 08:30 58200                      /usr/lib/python3.10/lib-dynload/_contextvars.cpython-310-x86_64-linux-gnu.so
7bc071dec000-7bc071ded000 r--p 00002000 08:30 58200                      /usr/lib/python3.10/lib-dynload/_contextvars.cpython-310-x86_64-linux-gnu.so
7bc071ded000-7bc071dee000 r--p 00002000 08:30 58200                      /usr/lib/python3.10/lib-dynload/_contextvars.cpython-310-x86_64-linux-gnu.so
7bc071dee000-7bc071def000 rw-p 00003000 08:30 58200                      /usr/lib/python3.10/lib-dynload/_contextvars.cpython-310-x86_64-linux-gnu.so
7bc071def000-7bc071df0000 r--p 00000000 08:30 45165                      /usr/lib/x86_64-linux-gnu/librt.so.1
7bc071df0000-7bc071df1000 r-xp 00001000 08:30 45165                      /usr/lib/x86_64-linux-gnu/librt.so.1
7bc071df1000-7bc071df2000 r--p 00002000 08:30 45165                      /usr/lib/x86_64-linux-gnu/librt.so.1
7bc071df2000-7bc071df3000 r--p 00002000 08:30 45165                      /usr/lib/x86_64-linux-gnu/librt.so.1
7bc071df3000-7bc071df4000 rw-p 00003000 08:30 45165                      /usr/lib/x86_64-linux-gnu/librt.so.1
7bc071df4000-7bc071df5000 r--p 00000000 08:30 45161                      /usr/lib/x86_64-linux-gnu/libpthread.so.0
7bc071df5000-7bc071df6000 r-xp 00001000 08:30 45161                      /usr/lib/x86_64-linux-gnu/libpthread.so.0
7bc071df6000-7bc071df7000 r--p 00002000 08:30 45161                      /usr/lib/x86_64-linux-gnu/libpthread.so.0
7bc071df7000-7bc071df8000 r--p 00002000 08:30 45161                      /usr/lib/x86_64-linux-gnu/libpthread.so.0
7bc071df8000-7bc071df9000 rw-p 00003000 08:30 45161                      /usr/lib/x86_64-linux-gnu/libpthread.so.0
7bc071df9000-7bc071ff9000 rw-p 00000000 00:00 0 
7bc071ff9000-7bc072000000 r--s 00000000 08:30 45115                      /usr/lib/x86_64-linux-gnu/gconv/gconv-modules.cache
7bc072000000-7bc072028000 r--p 00000000 08:30 45137                      /usr/lib/x86_64-linux-gnu/libc.so.6
7bc072028000-7bc0721b0000 r-xp 00028000 08:30 45137                      /usr/lib/x86_64-linux-gnu/libc.so.6
7bc0721b0000-7bc0721ff000 r--p 001b0000 08:30 45137                      /usr/lib/x86_64-linux-gnu/libc.so.6
7bc0721ff000-7bc072203000 r--p 001fe000 08:30 45137                      /usr/lib/x86_64-linux-gnu/libc.so.6
7bc072203000-7bc072205000 rw-p 00202000 08:30 45137                      /usr/lib/x86_64-linux-gnu/libc.so.6
7bc072205000-7bc072212000 rw-p 00000000 00:00 0 
7bc072214000-7bc07226d000 r--p 00000000 08:30 12237                      /usr/lib/locale/C.utf8/LC_CTYPE
7bc07226d000-7bc07226f000 rw-p 00000000 00:00 0 
7bc07226f000-7bc072271000 r--p 00000000 08:30 13151                      /usr/lib/x86_64-linux-gnu/libz.so.1.3
7bc072271000-7bc072283000 r-xp 00002000 08:30 13151                      /usr/lib/x86_64-linux-gnu/libz.so.1.3
7bc072283000-7bc072289000 r--p 00014000 08:30 13151                      /usr/lib/x86_64-linux-gnu/libz.so.1.3
7bc072289000-7bc07228a000 r--p 0001a000 08:30 13151                      /usr/lib/x86_64-linux-gnu/libz.so.1.3
7bc07228a000-7bc07228b000 rw-p 0001b000 08:30 13151                      /usr/lib/x86_64-linux-gnu/libz.so.1.3
7bc07228b000-7bc07228f000 r--p 00000000 08:30 19029                      /usr/lib/x86_64-linux-gnu/libexpat.so.1.9.1
7bc07228f000-7bc0722ac000 r-xp 00004000 08:30 19029                      /usr/lib/x86_64-linux-gnu/libexpat.so.1.9.1
7bc0722ac000-7bc0722b4000 r--p 00021000 08:30 19029                      /usr/lib/x86_64-linux-gnu/libexpat.so.1.9.1
7bc0722b4000-7bc0722b6000 r--p 00028000 08:30 19029                      /usr/lib/x86_64-linux-gnu/libexpat.so.1.9.1
7bc0722b6000-7bc0722b7000 rw-p 0002a000 08:30 19029                      /usr/lib/x86_64-linux-gnu/libexpat.so.1.9.1
7bc0722b7000-7bc0722c7000 r--p 00000000 08:30 45143                      /usr/lib/x86_64-linux-gnu/libm.so.6
7bc0722c7000-7bc072346000 r-xp 00010000 08:30 45143                      /usr/lib/x86_64-linux-gnu/libm.so.6
7bc072346000-7bc07239e000 r--p 0008f000 08:30 45143                      /usr/lib/x86_64-linux-gnu/libm.so.6
7bc07239e000-7bc07239f000 r--p 000e7000 08:30 45143                      /usr/lib/x86_64-linux-gnu/libm.so.6
7bc07239f000-7bc0723a0000 rw-p 000e8000 08:30 45143                      /usr/lib/x86_64-linux-gnu/libm.so.6
7bc0723a0000-7bc0723a1000 ---p 00000000 00:00 0 
7bc0723a1000-7bc0723a2000 r--p 00000000 08:30 57988                      /usr/lib/python3.10/lib-dynload/_opcode.cpython-310-x86_64-linux-gnu.so
7bc0723a2000-7bc0723a3000 r-xp 00001000 08:30 57988                      /usr/lib/python3.10/lib-dynload/_opcode.cpython-310-x86_64-linux-gnu.so
7bc0723a3000-7bc0723a4000 r--p 00002000 08:30 57988                      /usr/lib/python3.10/lib-dynload/_opcode.cpython-310-x86_64-linux-gnu.so
7bc0723a4000-7bc0723a5000 r--p 00002000 08:30 57988                      /usr/lib/python3.10/lib-dynload/_opcode.cpython-310-x86_64-linux-gnu.so
7bc0723a5000-7bc0723a6000 rw-p 00003000 08:30 57988                      /usr/lib/python3.10/lib-dynload/_opcode.cpython-310-x86_64-linux-gnu.so
7bc0723a6000-7bc0723a8000 rw-p 00000000 00:00 0 
7bc0723a8000-7bc0723ac000 r--p 00000000 00:00 0                          [vvar]
7bc0723ac000-7bc0723ae000 r--p 00000000 00:00 0                          [vvar_vclock]
7bc0723ae000-7bc0723b0000 r-xp 00000000 00:00 0                          [vdso]
7bc0723b0000-7bc0723b1000 r--p 00000000 08:30 45131                      /usr/lib/x86_64-linux-gnu/ld-linux-x86-64.so.2
7bc0723b1000-7bc0723dc000 r-xp 00001000 08:30 45131                      /usr/lib/x86_64-linux-gnu/ld-linux-x86-64.so.2
7bc0723dc000-7bc0723e6000 r--p 0002c000 08:30 45131                      /usr/lib/x86_64-linux-gnu/ld-linux-x86-64.so.2
7bc0723e6000-7bc0723e8000 r--p 00036000 08:30 45131                      /usr/lib/x86_64-linux-gnu/ld-linux-x86-64.so.2
7bc0723e8000-7bc0723ea000 rw-p 00038000 08:30 45131                      /usr/lib/x86_64-linux-gnu/ld-linux-x86-64.so.2
7ffed2e38000-7ffed2e3c000 ---p 00000000 00:00 0 
7ffed2e3c000-7ffed2f38000 rw-p 00000000 00:00 0                          [stack]


VM Arguments:
jvm_args: -Dfile.encoding=UTF8 -ea -Xmx1024m 
java_command: <unknown>
java_class_path (initial): /home/thkim0/venv/v1/lib/python3.10/site-packages/konlpy/java:/home/thkim0/venv/v1/lib/python3.10/site-packages/konlpy/java/bin:/home/thkim0/venv/v1/lib/python3.10/site-packages/konlpy/java/twitter-text-1.14.7.jar:/home/thkim0/venv/v1/lib/python3.10/site-packages/konlpy/java/aho-corasick.jar:/home/thkim0/venv/v1/lib/python3.10/site-packages/konlpy/java/open-korean-text-2.1.0.jar:/home/thkim0/venv/v1/lib/python3.10/site-packages/konlpy/java/shineware-common-1.0.jar:/home/thkim0/venv/v1/lib/python3.10/site-packages/konlpy/java/jhannanum-0.8.4.jar:/home/thkim0/venv/v1/lib/python3.10/site-packages/konlpy/java/kkma-2.0.jar:/home/thkim0/venv/v1/lib/python3.10/site-packages/konlpy/java/snakeyaml-1.12.jar:/home/thkim0/venv/v1/lib/python3.10/site-packages/konlpy/java/komoran-3.0.jar:/home/thkim0/venv/v1/lib/python3.10/site-packages/konlpy/java/scala-library-2.12.3.jar:/home/thkim0/venv/v1/lib/python3.10/site-packages/konlpy/java/shineware-ds-1.0.jar:/home/thkim0/venv/v1/lib/python3.10/site-packages/konlpy/java/jhannanum-0.8.4.jar:/home/thkim0/venv/v1/lib/python3.10/site-packages/konlpy/java/kkma-2.0.jar:/home/thkim0/venv/v1/lib/python3.10/site-packages/konlpy/java/aho-corasick.jar:/home/thkim0/venv/v1/lib/python3.10/site-packages/konlpy/java/shineware-common-1.0.jar:/home/thkim0/venv/v1/lib/python3.10/site-packages/konlpy/java/shineware-ds-1.0.jar:/home/thkim0/venv/v1/lib/python3.10/site-packages/konlpy/java/komoran-3.0.jar:/home/thkim0/venv/v1/lib/python3.10/site-packages/konlpy/java/snakeyaml-1.12.jar:/home/thkim0/venv/v1/lib/python3.10/site-packages/konlpy/java/scala-library-2.12.3.jar:/home/thkim0/venv/v1/lib/python3.10/site-packages/konlpy/java/open-korean-text-2.1.0.jar:/home/thkim0/venv/v1/lib/python3.10/site-packages/konlpy/java/twitter-text-1.14.7.jar:/home/thkim0/venv/v1/lib/python3.10/site-packages/konlpy/java/twitter-text-1.14.7.jar:/home/thkim0/venv/v1/lib/python3.10/site-packages/konlpy/java/aho-corasick.jar:/home/thkim0/venv/v1/lib
Launcher Type: generic

[Global flags]
     intx CICompilerCount                          = 4                                         {product} {ergonomic}
     uint ConcGCThreads                            = 2                                         {product} {ergonomic}
     uint G1ConcRefinementThreads                  = 9                                         {product} {ergonomic}
   size_t G1HeapRegionSize                         = 1048576                                   {product} {ergonomic}
    uintx GCDrainStackTargetSize                   = 64                                        {product} {ergonomic}
   size_t InitialHeapSize                          = 526385152                                 {product} {ergonomic}
   size_t MarkStackSize                            = 4194304                                   {product} {ergonomic}
   size_t MaxHeapSize                              = 1073741824                                {product} {command line}
   size_t MaxNewSize                               = 643825664                                 {product} {ergonomic}
   size_t MinHeapDeltaBytes                        = 1048576                                   {product} {ergonomic}
   size_t MinHeapSize                              = 8388608                                   {product} {ergonomic}
    uintx NonNMethodCodeHeapSize                   = 5839372                                {pd product} {ergonomic}
    uintx NonProfiledCodeHeapSize                  = 122909434                              {pd product} {ergonomic}
    uintx ProfiledCodeHeapSize                     = 122909434                              {pd product} {ergonomic}
    uintx ReservedCodeCacheSize                    = 251658240                              {pd product} {ergonomic}
     bool SegmentedCodeCache                       = true                                      {product} {ergonomic}
   size_t SoftMaxHeapSize                          = 1073741824                             {manageable} {ergonomic}
     bool UseCompressedClassPointers               = true                           {product lp64_product} {ergonomic}
     bool UseCompressedOops                        = true                           {product lp64_product} {ergonomic}
     bool UseG1GC                                  = true                                      {product} {ergonomic}

Logging:
Log output configuration:
 #0: stdout all=warning uptime,level,tags
 #1: stderr all=off uptime,level,tags

Environment Variables:
PATH=/home/thkim0/venv/v1/bin:/home/thkim0/.vscode-server/bin/6928394f91b684055b873eecb8bc281365131f1c/bin/remote-cli:/home/thkim0/.local/bin:/usr/local/sbin:/usr/local/bin:/usr/sbin:/usr/bin:/sbin:/bin:/usr/games:/usr/local/games:/usr/lib/wsl/lib:/mnt/c/Program Files/WindowsApps/MicrosoftCorporationII.WindowsSubsystemForLinux_2.7.8.0_x64__8wekyb3d8bbwe:/mnt/c/Program Files/Python310/Scripts/:/mnt/c/Program Files/Python310/:/mnt/c/Program Files/Common Files/Oracle/Java/javapath:/mnt/c/WINDOWS/system32:/mnt/c/WINDOWS:/mnt/c/WINDOWS/System32/Wbem:/mnt/c/WINDOWS/System32/WindowsPowerShell/v1.0/:/mnt/c/WINDOWS/System32/OpenSSH/:/mnt/c/Program Files/dotnet/:/mnt/c/Program Files (x86)/NVIDIA Corporation/PhysX/Common:/mnt/c/Program Files/Microsoft SQL Server/150/Tools/Binn/:/mnt/c/Program Files/Microsoft SQL Server/Client SDK/ODBC/170/Tools/Binn/:/mnt/c/Program Files (x86)/Windows Kits/10/Windows Performance Toolkit/:/mnt/c/Program Files/Bandizip/:/mnt/c/Program Files/NVIDIA Corporation/NVIDIA NvDLISR:/mnt/c/Program Files/Meld/:/mnt/c/Program Files/Java/jdk-24/bin:/mnt/c/WINDOWS/system32/config/systemprofile/AppData/Local/Muse Hub/lib:/mnt/c/Program Files/NVIDIA Corporation/NVIDIA App/NvDLISR:/mnt/c/Users/THKim/AppData/Local/Microsoft/WindowsApps:/mnt/c/Users/THKim/AppData/Local/Programs/Microsoft VS Code/bin:/mnt/c/Users/THKim/.dotnet/tools:/mnt/c/Program Files/Java/jdk-24/bin:/mnt/c/Program Files/ffmpeg/bin:/mnt/c/ffmpeg-7.1.2e/bin:/mnt/c/Users/THKim/.deno/bin:/snap/bin
SHELL=/bin/bash
DISPLAY=:0
HOSTTYPE=x86_64
LANG=C.UTF-8
TERM=xterm-color

Active Locale:
LC_ALL=LC_CTYPE=C.UTF-8;LC_NUMERIC=C;LC_TIME=C;LC_COLLATE=C;LC_MONETARY=C;LC_MESSAGES=C;LC_PAPER=C.UTF-8;LC_NAME=C.UTF-8;LC_ADDRESS=C.UTF-8;LC_TELEPHONE=C.UTF-8;LC_MEASUREMENT=C.UTF-8;LC_IDENTIFICATION=C.UTF-8
LC_COLLATE=C
LC_CTYPE=C.UTF-8
LC_MESSAGES=C
LC_MONETARY=C
LC_NUMERIC=C
LC_TIME=C

Signal Handlers:
   SIGSEGV: crash_handler in libjvm.so, mask=11100100010111111101111111111110, flags=SA_RESTART|SA_SIGINFO, unblocked
    SIGBUS: crash_handler in libjvm.so, mask=11100100010111111101111111111110, flags=SA_RESTART|SA_SIGINFO, unblocked
    SIGFPE: crash_handler in libjvm.so, mask=11100100010111111101111111111110, flags=SA_RESTART|SA_SIGINFO, unblocked
   SIGPIPE: javaSignalHandler in libjvm.so, mask=11100100010111111101111111111110, flags=SA_RESTART|SA_SIGINFO, blocked
   SIGXFSZ: javaSignalHandler in libjvm.so, mask=11100100010111111101111111111110, flags=SA_RESTART|SA_SIGINFO, blocked
    SIGILL: crash_handler in libjvm.so, mask=11100100010111111101111111111110, flags=SA_RESTART|SA_SIGINFO, unblocked
   SIGUSR2: SR_handler in libjvm.so, mask=00000000000000000000000000000000, flags=SA_RESTART|SA_SIGINFO, blocked
    SIGHUP: UserHandler in libjvm.so, mask=11100100010111111101111111111110, flags=SA_RESTART|SA_SIGINFO, blocked
    SIGINT: SIG_IGN, mask=00000000000000000000000000000000, flags=SA_ONSTACK, blocked
   SIGTERM: UserHandler in libjvm.so, mask=11100100010111111101111111111110, flags=SA_RESTART|SA_SIGINFO, blocked
   SIGQUIT: UserHandler in libjvm.so, mask=11100100010111111101111111111110, flags=SA_RESTART|SA_SIGINFO, blocked
   SIGTRAP: crash_handler in libjvm.so, mask=11100100010111111101111111111110, flags=SA_RESTART|SA_SIGINFO, unblocked


Periodic native trim disabled


---------------  S Y S T E M  ---------------

OS:
DISTRIB_ID=Ubuntu
DISTRIB_RELEASE=24.04
DISTRIB_CODENAME=noble
DISTRIB_DESCRIPTION="Ubuntu 24.04.3 LTS"
uname: Linux 6.18.33.1-microsoft-standard-WSL2 #1 SMP PREEMPT_DYNAMIC Fri Jun  5 01:12:21 UTC 2026 x86_64
OS uptime: 0 days 4:58 hours
libc: glibc 2.39 NPTL 2.39 
rlimit (soft/hard): STACK 8192k/infinity , CORE 0k/infinity , NPROC 128345/128345 , NOFILE 1048576/1048576 , AS infinity/infinity , CPU infinity/infinity , DATA infinity/infinity , FSIZE infinity/infinity , MEMLOCK 65536k/65536k
load average: 2.49 2.06 1.63

/proc/meminfo:
MemTotal:       32867436 kB
MemFree:        20196156 kB
MemAvailable:   27318756 kB
Buffers:          428196 kB
Cached:          6548924 kB
SwapCached:            0 kB
Active:          4246532 kB
Inactive:        6862076 kB
Active(anon):       3064 kB
Inactive(anon):  4215908 kB
Active(file):    4243468 kB
Inactive(file):  2646168 kB
Unevictable:           0 kB
Mlocked:               0 kB
SwapTotal:       8388608 kB
SwapFree:        8388608 kB
Dirty:              3056 kB
Writeback:             0 kB
AnonPages:       4103168 kB
Mapped:           846280 kB
Shmem:             87560 kB
KReclaimable:     612564 kB
Slab:             735360 kB
SReclaimable:     612564 kB
SUnreclaim:       122796 kB
KernelStack:        6836 kB
PageTables:        54456 kB
SecPageTables:         0 kB
NFS_Unstable:          0 kB
Bounce:                0 kB
WritebackTmp:          0 kB
CommitLimit:    24822324 kB
Committed_AS:    9075984 kB
VmallocTotal:   34359738367 kB
VmallocUsed:       40996 kB
VmallocChunk:          0 kB
Percpu:             5616 kB
HardwareCorrupted:     0 kB
AnonHugePages:         0 kB
ShmemHugePages:        0 kB
ShmemPmdMapped:        0 kB
FileHugePages:   1282048 kB
FilePmdMapped:     12288 kB
Unaccepted:            0 kB
Balloon:               0 kB
HugePages_Total:       0
HugePages_Free:        0
HugePages_Rsvd:        0
HugePages_Surp:        0
Hugepagesize:       2048 kB
Hugetlb:               0 kB
DirectMap4k:       60416 kB
DirectMap2M:     6230016 kB
DirectMap1G:    36700160 kB

/sys/kernel/mm/transparent_hugepage/enabled: always [madvise] never
/sys/kernel/mm/transparent_hugepage/hpage_pmd_size: 2097152
/sys/kernel/mm/transparent_hugepage/defrag (defrag/compaction efforts parameter): always defer defer+madvise [madvise] never

Process Memory:
Virtual Size: 6596440K (peak: 6695484K)
Resident Set Size: 1212656K (peak: 1241832K) (anon: 1144904K, file: 67752K, shmem: 0K)
Swapped out: 0K
C-Heap outstanding allocations: 56888K, retained: 81827K
glibc malloc tunables: (default)

/proc/sys/kernel/threads-max (system-wide limit on the number of threads): 256691
/proc/sys/vm/max_map_count (maximum number of memory map areas a process may have): 1048576
/proc/sys/vm/swappiness (control to define how aggressively the kernel swaps out anonymous memory): 60
/proc/sys/kernel/pid_max (system-wide limit on number of process identifiers): 4194304

container information not found.
Hyper-V virtualization detected
Steal ticks since vm start: 0
Steal ticks percentage since vm start:  0.000

CPU: total 10 (initial active 10) (16 cores per cpu, 1 threads per core) family 6 model 183 stepping 1 microcode 0xffffffff, cx8, cmov, fxsr, mmx, 3dnowpref, sse, sse2, sse3, ssse3, sse4.1, sse4.2, popcnt, lzcnt, tsc, tscinvbit, avx, avx2, aes, erms, clmul, bmi1, bmi2, adx, sha, fma, vzeroupper, clflush, clflushopt, clwb, hv
CPU Model and flags from /proc/cpuinfo:
model name	: 13th Gen Intel(R) Core(TM) i5-13600KF
flags		: fpu vme de pse tsc msr pae mce cx8 apic sep mtrr pge mca cmov pat pse36 clflush mmx fxsr sse sse2 ss ht syscall nx pdpe1gb rdtscp lm constant_tsc rep_good nopl xtopology tsc_reliable nonstop_tsc cpuid tsc_known_freq pni pclmulqdq vmx ssse3 fma cx16 pcid sse4_1 sse4_2 x2apic movbe popcnt tsc_deadline_timer aes xsave avx f16c rdrand hypervisor lahf_lm abm 3dnowprefetch ssbd ibrs ibpb stibp ibrs_enhanced tpr_shadow ept vpid ept_ad fsgsbase tsc_adjust bmi1 avx2 smep bmi2 erms invpcid rdseed adx smap clflushopt clwb sha_ni xsaveopt xsavec xgetbv1 xsaves avx_vnni vnmi umip waitpkg gfni vaes vpclmulqdq rdpid movdiri movdir64b fsrm md_clear serialize ibt flush_l1d arch_capabilities

Online cpus: 0-9
Offline cpus: 
BIOS frequency limitation: <Not Available>
Frequency switch latency (ns): <Not Available>
Available cpu frequencies: <Not Available>
Current governor: <Not Available>
Core performance/turbo boost: <Not Available>

Memory: 4k page, physical 32867436k(20298652k free), swap 8388608k(8388608k free)
Page Sizes: 4k

vm_info: OpenJDK 64-Bit Server VM (17.0.19+10-1-24.04.2-Ubuntu) for linux-amd64 JRE (17.0.19+10-1-24.04.2-Ubuntu), built on Apr 26 2026 12:40:16 by "buildd" with gcc 13.3.0

END.
