#
# A fatal error has been detected by the Java Runtime Environment:
#
#  SIGSEGV (0xb) at pc=0x0000000000529551, pid=855864, tid=1054688
#
# JRE version: OpenJDK Runtime Environment (17.0.19+10) (build 17.0.19+10-1-24.04.2-Ubuntu)
# Java VM: OpenJDK 64-Bit Server VM (17.0.19+10-1-24.04.2-Ubuntu, mixed mode, sharing, tiered, compressed oops, compressed class ptrs, g1 gc, linux-amd64)
# Problematic frame:
# C  [python+0x129551]  PyObject_RichCompare+0x31
#
# Core dump will be written. Default location: Core dumps may be processed with "/wsl-capture-crash %t %E %p %s" (or dumping to /home/thkim0/github/AIFFEL_quest_rs/Exploration/Ex06/core.855864)
#
# If you would like to submit a bug report, please visit:
#   https://bugs.launchpad.net/ubuntu/+source/openjdk-17
# The crash happened outside the Java Virtual Machine in native code.
# See problematic frame for where to report the bug.
#

---------------  S U M M A R Y ------------

Command Line: -Dfile.encoding=UTF8 -ea -Xmx1024m 

Host: 13th Gen Intel(R) Core(TM) i5-13600KF, 10 cores, 31G, Ubuntu 24.04.3 LTS
Time: Mon Jun 15 15:36:47 2026 KST elapsed time: 763.088304 seconds (0d 0h 12m 43s)

---------------  T H R E A D  ---------------

Current thread (0x000077d8100011b0):  JavaThread "SIGTERM handler" daemon [_thread_in_native, id=1054688, stack(0x000077d904d21000,0x000077d904e21000)]

Stack: [0x000077d904d21000,0x000077d904e21000],  sp=0x000077d904e1f6d0,  free space=1017k
Native frames: (J=compiled Java code, j=interpreted, Vv=VM code, C=native code)
C  [python+0x129551]  PyObject_RichCompare+0x31
C  [python+0x1294d5]  PyObject_RichCompareBool+0x15
C  [python+0x1ffb0e]
C  [python+0xdb1e8]  PyErr_SetInterruptEx+0x32
j  org.jpype.JPypeSignal.interruptPy(I)V+0
j  org.jpype.JPypeSignal.lambda$getSignalHandler$0(ILjava/lang/Object;Ljava/lang/reflect/Method;[Ljava/lang/Object;)Ljava/lang/Object;+7
j  org.jpype.JPypeSignal$$Lambda$14+0x000077d820006ac0.invoke(Ljava/lang/Object;Ljava/lang/reflect/Method;[Ljava/lang/Object;)Ljava/lang/Object;+7
j  jdk.proxy2.$Proxy3.handle(Lsun/misc/Signal;)V+16 jdk.proxy2
j  sun.misc.Signal$InternalMiscHandler.handle(Ljdk/internal/misc/Signal;)V+8 jdk.unsupported@17.0.19
j  jdk.internal.misc.Signal$1.run()V+8 java.base@17.0.19
j  java.lang.Thread.run()V+11 java.base@17.0.19
v  ~StubRoutines::call_stub
V  [libjvm.so+0x8383a2]  JavaCalls::call_helper(JavaValue*, methodHandle const&, JavaCallArguments*, JavaThread*)+0x302
V  [libjvm.so+0x839a42]  JavaCalls::call_virtual(JavaValue*, Handle, Klass*, Symbol*, Symbol*, JavaThread*)+0x1a2
V  [libjvm.so+0x907b27]  thread_entry(JavaThread*, JavaThread*)+0xa7
V  [libjvm.so+0xebd387]  JavaThread::thread_main_inner()+0x1b7
V  [libjvm.so+0xec1159]  Thread::call_run()+0xa9
V  [libjvm.so+0xc429db]  thread_native_entry(Thread*)+0xeb
C  [libc.so.6+0x9caa4]

Java frames: (J=compiled Java code, j=interpreted, Vv=VM code)
j  org.jpype.JPypeSignal.interruptPy(I)V+0
j  org.jpype.JPypeSignal.lambda$getSignalHandler$0(ILjava/lang/Object;Ljava/lang/reflect/Method;[Ljava/lang/Object;)Ljava/lang/Object;+7
j  org.jpype.JPypeSignal$$Lambda$14+0x000077d820006ac0.invoke(Ljava/lang/Object;Ljava/lang/reflect/Method;[Ljava/lang/Object;)Ljava/lang/Object;+7
j  jdk.proxy2.$Proxy3.handle(Lsun/misc/Signal;)V+16 jdk.proxy2
j  sun.misc.Signal$InternalMiscHandler.handle(Ljdk/internal/misc/Signal;)V+8 jdk.unsupported@17.0.19
j  jdk.internal.misc.Signal$1.run()V+8 java.base@17.0.19
j  java.lang.Thread.run()V+11 java.base@17.0.19
v  ~StubRoutines::call_stub

siginfo: si_signo: 11 (SIGSEGV), si_code: 1 (SEGV_MAPERR), si_addr: 0x0000000000000020

Registers:
RAX=0x00000000000000f0, RBX=0x000077da31e180f0, RCX=0x0000000000000004, RDX=0x0000000000000002
RSP=0x000077d904e1f6d0, RBP=0x000077d904e1f700, RSI=0x000077da31e180f0, RDI=0x000077da31e180d0
R8 =0x000077d907484400, R9 =0x0000000000000000, R10=0x000077d87c944bb2, R11=0x00000000c0120610
R12=0x000077da31e180d0, R13=0x0000000000000000, R14=0x000077d904e1f7d8, R15=0x000077d8100011b0
RIP=0x0000000000529551, EFLAGS=0x0000000000010206, CSGSFS=0x002b000000000033, ERR=0x0000000000000004
  TRAPNO=0x000000000000000e

XMM[0]=0x0000000000000000 0x0000000000000000
XMM[1]=0x0000000000000000 0x000077d904e1fc99
XMM[2]=0x0000000000000000 0x000077d8100011b0
XMM[3]=0x000077d7c40015f0 0x000077d7c40015e0
XMM[4]=0x0000000000000000 0x0000000000000000
XMM[5]=0x000077da31caddce 0x0000000000000000
XMM[6]=0x000077d906dfe320 0x0000000000000004
XMM[7]=0x000077da31cae89e 0x000077d904e1fe60
XMM[8]=0x7c8b483824448b4c 0x30244c8b4c282454
XMM[9]=0x2020200020200000 0x0000000000000000
XMM[10]=0x3f3f3f3f3f3f3f3f 0x3f3f3f3f3f3f3f3f
XMM[11]=0x9999999999999999 0x9999999999999999
XMM[12]=0x2020202020202020 0x2020202020202020
XMM[13]=0x550c7dc3243185be 0x12835b01d807aa98
XMM[14]=0xab1c5ed5923f82a4 0x59f111f13956c25b
XMM[15]=0x0000000000000000 0x0000000000000000
  MXCSR=0x00001fa2


Register to memory mapping:

RAX=0x00000000000000f0 is an unknown value
RBX=0x000077da31e180f0 points into unknown readable memory: 0x000000000000494b | 4b 49 00 00 00 00 00 00
RCX=0x0000000000000004 is an unknown value
RDX=0x0000000000000002 is an unknown value
RSP=0x000077d904e1f6d0 is pointing into the stack for thread: 0x000077d8100011b0
RBP=0x000077d904e1f700 is pointing into the stack for thread: 0x000077d8100011b0
RSI=0x000077da31e180f0 points into unknown readable memory: 0x000000000000494b | 4b 49 00 00 00 00 00 00
RDI=0x000077da31e180d0 points into unknown readable memory: 0x00000000000af022 | 22 f0 0a 00 00 00 00 00
R8 =0x000077d907484400 points into unknown readable memory: 0x0404040404040404 | 04 04 04 04 04 04 04 04
R9 =0x0 is NULL
R10=0x000077d87c944bb2 is at code_begin+914 in an Interpreter codelet
method entry point (kind = native)  [0x000077d87c944820, 0x000077d87c945160]  2368 bytes
R11=0x00000000c0120610 is an oop: java.lang.Class 
{0x00000000c0120610} - klass: 'java/lang/Class'
 - ---- fields (total size 15 words):
 - private volatile transient 'classRedefinedCount' 'I' @12  0
 - private volatile transient 'cachedConstructor' 'Ljava/lang/reflect/Constructor;' @40  NULL (0)
 - private transient 'name' 'Ljava/lang/String;' @44  "org.jpype.JPypeSignal"{0x00000000c0120688} (c0120688)
 - private transient 'module' 'Ljava/lang/Module;' @48  a 'java/lang/Module'{0x00000000ffe56890} (ffe56890)
 - private final 'classLoader' 'Ljava/lang/ClassLoader;' @52  a 'jdk/internal/loader/ClassLoaders$AppClassLoader'{0x00000000ffe56108} (ffe56108)
 - private transient 'classData' 'Ljava/lang/Object;' @56  NULL (0)
 - private transient 'packageName' 'Ljava/lang/String;' @60  "org.jpype"{0x00000000c0005190} (c0005190)
 - private final 'componentType' 'Ljava/lang/Class;' @64  NULL (0)
 - private volatile transient 'reflectionData' 'Ljava/lang/ref/SoftReference;' @68  NULL (0)
 - private volatile transient 'genericInfo' 'Lsun/reflect/generics/repository/ClassRepository;' @72  NULL (0)
 - private volatile transient 'enumConstants' '[Ljava/lang/Object;' @76  NULL (0)
 - private volatile transient 'enumConstantDirectory' 'Ljava/util/Map;' @80  NULL (0)
 - private volatile transient 'annotationData' 'Ljava/lang/Class$AnnotationData;' @84  NULL (0)
 - private volatile transient 'annotationType' 'Lsun/reflect/annotation/AnnotationType;' @88  NULL (0)
 - transient 'classValueMap' 'Ljava/lang/ClassValue$ClassValueMap;' @92  NULL (0)
 - signature: Lorg/jpype/JPypeSignal;
 - fake entry for mirror: 'org/jpype/JPypeSignal'
 - fake entry for array: NULL
 - fake entry for oop_size: 15
 - fake entry for static_oop_field_count: 1
 - static 'main' 'Ljava/lang/Thread;' @112  a 'java/lang/Thread'{0x00000000c0034790} (c0034790)
R12=0x000077da31e180d0 points into unknown readable memory: 0x00000000000af022 | 22 f0 0a 00 00 00 00 00
R13=0x0 is NULL
R14=0x000077d904e1f7d8 is pointing into the stack for thread: 0x000077d8100011b0
R15=0x000077d8100011b0 is a thread


Top of Stack: (sp=0x000077d904e1f6d0)
0x000077d904e1f6d0:   0000000000000000 000000000000000f
0x000077d904e1f6e0:   000077da31e180d0 000077d81b41abd8
0x000077d904e1f6f0:   000077d904e1f7d8 000077d8100011b0
0x000077d904e1f700:   000077d904e1f720 00000000005294d5
0x000077d904e1f710:   000000000000000f 000077da31e180d0
0x000077d904e1f720:   000077d904e1f730 00000000005ffb0e
0x000077d904e1f730:   000077d904e1f750 00000000004db1e8
0x000077d904e1f740:   000077d81b41abd8 0000000000000000
0x000077d904e1f750:   000077d904e1f7b8 000077d87c944be1
0x000077d904e1f760:   0000000000000000 000077d904e1f758
0x000077d904e1f770:   000077d904e1f770 0000000000000000
0x000077d904e1f780:   000077d904e1f7d8 000077d81b41ada0
0x000077d904e1f790:   0000000000000000 00000000c0120610
0x000077d904e1f7a0:   000077d81b41abd8 0000000000000000
0x000077d904e1f7b0:   000077d904e1f7d8 000077d904e1f828
0x000077d904e1f7c0:   000077d87c940260 00000000c0120610
0x000077d904e1f7d0:   000077d87c942298 000000000000000f
0x000077d904e1f7e0:   000077d904e1f7e0 000077d81b41ad0f
0x000077d904e1f7f0:   000077d904e1f850 000077d81b41ada0
0x000077d904e1f800:   0000000000000000 00000000c0120610
0x000077d904e1f810:   000077d81b41ad18 000077d904e1f7d8
0x000077d904e1f820:   000077d904e1f838 000077d904e1f8a0
0x000077d904e1f830:   000077d87c9403b9 00000000d0880000
0x000077d904e1f840:   00000000c0122508 00000000c0122680
0x000077d904e1f850:   000000000000000f 000077d904e1f858
0x000077d904e1f860:   000077d81b41b2c7 000077d904e1f8c8
0x000077d904e1f870:   000077d81b41b328 0000000000000000
0x000077d904e1f880:   00000000c0121b38 000077d81b41b2d0
0x000077d904e1f890:   000077d904e1f838 000077d904e1f8b0
0x000077d904e1f8a0:   000077d904e1f918 000077d87c94083f
0x000077d904e1f8b0:   00000000d0880000 00000000c0122508
0x000077d904e1f8c0:   00000000c0122680 00000000c0122670 

Instructions: (pc=0x0000000000529551)
0x0000000000529451:   dc c0 68 00 4c 89 ef e8 03 ed 12 00 85 c0 0f 85
0x0000000000529461:   29 ff ff ff 48 8b 53 08 49 8b 44 24 08 48 39 c2
0x0000000000529471:   0f 84 a2 fd ff ff 48 8b b2 58 01 00 00 48 85 f6
0x0000000000529481:   0f 84 1c de f0 ff 48 8b 7e 10 31 c9 48 39 cf 0f
0x0000000000529491:   8e 83 fd ff ff 48 39 44 ce 18 0f 84 56 fe ff ff
0x00000000005294a1:   48 83 c1 01 eb e6 48 8b 05 62 62 39 00 48 83 c0
0x00000000005294b1:   01 e9 3b ff ff ff e9 bc dd f0 ff 0f 1f 40 00 f3
0x00000000005294c1:   0f 1e fa 55 48 89 e5 41 54 53 48 39 f7 74 33 e8
0x00000000005294d1:   4b 00 00 00 49 89 c4 48 85 c0 74 39 48 81 78 08
0x00000000005294e1:   40 fe 8c 00 0f 85 11 de f0 ff 31 db 48 3d 40 f7
0x00000000005294f1:   8b 00 0f 94 c3 48 83 28 01 74 1f 89 d8 5b 41 5c
0x0000000000529501:   5d c3 bb 01 00 00 00 83 fa 02 74 ef 83 fa 03 75
0x0000000000529511:   be 31 db eb e6 83 cb ff eb e1 e9 f1 dd f0 ff f3
0x0000000000529521:   0f 1e fa 55 48 89 e5 41 57 41 56 41 55 41 54 53
0x0000000000529531:   48 83 ec 08 4c 8b 2d fc 46 3d 00 48 85 ff 0f 84
0x0000000000529541:   41 de f0 ff 48 89 f3 48 85 f6 0f 84 35 de f0 ff
0x0000000000529551:   41 8b 45 20 4c 63 f2 49 8b 55 10 49 89 fc 83 c0
0x0000000000529561:   01 41 89 45 20 3b 42 40 0f 8f 3d 03 00 00 48 8b
0x0000000000529571:   56 08 48 8b 47 08 48 39 d0 0f 85 a0 02 00 00 48
0x0000000000529581:   8b 88 c8 00 00 00 48 85 c9 0f 84 8b 01 00 00 45
0x0000000000529591:   31 ff 48 81 f9 90 22 53 00 0f 85 40 01 00 00 f6
0x00000000005295a1:   80 ab 00 00 00 01 0f 84 f3 02 00 00 48 8b 53 08
0x00000000005295b1:   f6 82 ab 00 00 00 01 0f 84 e2 02 00 00 49 39 dc
0x00000000005295c1:   0f 84 b9 01 00 00 49 8b 44 24 10 48 89 c2 48 2b
0x00000000005295d1:   53 10 75 2e 48 89 c1 48 f7 d9 48 0f 48 c8 48 85
0x00000000005295e1:   c0 0f 84 98 01 00 00 41 8b 54 8c 14 2b 54 8b 14
0x00000000005295f1:   0f 84 b9 01 00 00 48 85 c0 0f 88 f0 01 00 00 48
0x0000000000529601:   63 d2 41 83 fe 05 0f 87 98 dd f0 ff 45 89 f6 3e
0x0000000000529611:   42 ff 24 f5 d0 fe 6e 00 0f 1f 80 00 00 00 00 48
0x0000000000529621:   85 d2 79 33 48 8b 05 f4 60 39 00 41 83 6d 20 01
0x0000000000529631:   48 83 c0 01 48 89 05 e4 60 39 00 b8 20 f7 8b 00
0x0000000000529641:   48 83 c4 08 5b 41 5c 41 5d 41 5e 41 5f 5d c3 48 


Stack slot to memory mapping:
stack at sp + 0 slots: 0x0 is NULL
stack at sp + 1 slots: 0x000000000000000f is an unknown value
stack at sp + 2 slots: 0x000077da31e180d0 points into unknown readable memory: 0x00000000000af022 | 22 f0 0a 00 00 00 00 00
stack at sp + 3 slots: {method} {0x000077d81b41abd8} 'interruptPy' '(I)V' in 'org/jpype/JPypeSignal'
stack at sp + 4 slots: 0x000077d904e1f7d8 is pointing into the stack for thread: 0x000077d8100011b0
stack at sp + 5 slots: 0x000077d8100011b0 is a thread
stack at sp + 6 slots: 0x000077d904e1f720 is pointing into the stack for thread: 0x000077d8100011b0
stack at sp + 7 slots: 0x00000000005294d5: PyObject_RichCompareBool+0x0000000000000015 in /home/thkim0/venv/v1/bin/python at 0x0000000000400000


---------------  P R O C E S S  ---------------

Threads class SMR info:
_java_thread_list=0x000077d810001b80, length=13, elements={
0x000000003ada6a60, 0x000000004858c6e0, 0x000000004858ddc0, 0x0000000048594810,
0x0000000048595ec0, 0x00000000485975d0, 0x00000000485991d0, 0x000000004859aa00,
0x00000000485a4160, 0x00000000485aaf60, 0x00000000485ae6c0, 0x00000000486afb80,
0x000077d8100011b0
}

Java Threads: ( => current thread )
  0x000000003ada6a60 JavaThread "main" [_thread_in_native, id=855864, stack(0x00007fffc0824000,0x00007fffc0924000)]
  0x000000004858c6e0 JavaThread "Reference Handler" daemon [_thread_blocked, id=872413, stack(0x000077d907100000,0x000077d907200000)]
  0x000000004858ddc0 JavaThread "Finalizer" daemon [_thread_blocked, id=872414, stack(0x000077d907000000,0x000077d907100000)]
  0x0000000048594810 JavaThread "Signal Dispatcher" daemon [_thread_blocked, id=872416, stack(0x000077d906d00000,0x000077d906e00000)]
  0x0000000048595ec0 JavaThread "Service Thread" daemon [_thread_blocked, id=872417, stack(0x000077d906c00000,0x000077d906d00000)]
  0x00000000485975d0 JavaThread "Monitor Deflation Thread" daemon [_thread_blocked, id=872418, stack(0x000077d906b00000,0x000077d906c00000)]
  0x00000000485991d0 JavaThread "C2 CompilerThread0" daemon [_thread_blocked, id=872419, stack(0x000077d906a00000,0x000077d906b00000)]
  0x000000004859aa00 JavaThread "C1 CompilerThread0" daemon [_thread_blocked, id=872420, stack(0x000077d906900000,0x000077d906a00000)]
  0x00000000485a4160 JavaThread "Sweeper thread" daemon [_thread_blocked, id=872421, stack(0x000077d906800000,0x000077d906900000)]
  0x00000000485aaf60 JavaThread "Notification Thread" daemon [_thread_blocked, id=872422, stack(0x000077d905fe9000,0x000077d9060e9000)]
  0x00000000485ae6c0 JavaThread "Common-Cleaner" daemon [_thread_blocked, id=872424, stack(0x000077d905de8000,0x000077d905ee8000)]
  0x00000000486afb80 JavaThread "Python Reference Queue" daemon [_thread_blocked, id=872432, stack(0x000077d905ce8000,0x000077d905de8000)]
=>0x000077d8100011b0 JavaThread "SIGTERM handler" daemon [_thread_in_native, id=1054688, stack(0x000077d904d21000,0x000077d904e21000)]

Other Threads:
  0x0000000048588500 VMThread "VM Thread" [stack: 0x000077d910083000,0x000077d910183000] [id=872412]
  0x000000002d1014e0 WatcherThread [stack: 0x000077d905ee9000,0x000077d905fe9000] [id=872423]
  0x000000003e549f20 GCTaskThread "GC Thread#0" [stack: 0x000077d917cfc000,0x000077d917dfc000] [id=872405]
  0x000077d864001330 GCTaskThread "GC Thread#1" [stack: 0x000077d905be8000,0x000077d905ce8000] [id=872441]
  0x000077d864002080 GCTaskThread "GC Thread#2" [stack: 0x000077d905ae7000,0x000077d905be7000] [id=872442]
  0x000077d864002dd0 GCTaskThread "GC Thread#3" [stack: 0x000077d9059e6000,0x000077d905ae6000] [id=872443]
  0x000077d864003b20 GCTaskThread "GC Thread#4" [stack: 0x000077d905024000,0x000077d905124000] [id=872444]
  0x000077d864004870 GCTaskThread "GC Thread#5" [stack: 0x000077d904f23000,0x000077d905023000] [id=872445]
  0x000077d8640055c0 GCTaskThread "GC Thread#6" [stack: 0x000077d904e22000,0x000077d904f22000] [id=872446]
  0x000077d86420ee20 GCTaskThread "GC Thread#7" [stack: 0x000077d903bbb000,0x000077d903cbb000] [id=872799]
  0x000077d864210020 GCTaskThread "GC Thread#8" [stack: 0x000077d903aba000,0x000077d903bba000] [id=872800]
  0x000000003e5534c0 ConcurrentGCThread "G1 Main Marker" [stack: 0x000077d9171fa000,0x000077d9172fa000] [id=872406]
  0x000000003e554150 ConcurrentGCThread "G1 Conc#0" [stack: 0x000077d911100000,0x000077d911200000] [id=872407]
  0x000077d8700010b0 ConcurrentGCThread "G1 Conc#1" [stack: 0x000077d904b21000,0x000077d904c21000] [id=872545]
  0x00000000363be420 ConcurrentGCThread "G1 Refine#0" [stack: 0x000077d910285000,0x000077d910385000] [id=872409]
  0x000077d86c001390 ConcurrentGCThread "G1 Refine#1" [stack: 0x000077d904a20000,0x000077d904b20000] [id=872546]
  0x000077d7bc0010b0 ConcurrentGCThread "G1 Refine#2" [stack: 0x000077d90491f000,0x000077d904a1f000] [id=872547]
  0x000077d7c00010b0 ConcurrentGCThread "G1 Refine#3" [stack: 0x000077d90481e000,0x000077d90491e000] [id=872638]
  0x000077d7b40010b0 ConcurrentGCThread "G1 Refine#4" [stack: 0x000077d90471d000,0x000077d90481d000] [id=872639]
  0x000000002f45e200 ConcurrentGCThread "G1 Service" [stack: 0x000077d910184000,0x000077d910284000] [id=872410]

Threads with active compile tasks:

VM state: not at safepoint (normal execution)

VM Mutex/Monitor currently owned by a thread: None

Heap address: 0x00000000c0000000, size: 1024 MB, Compressed Oops mode: 32-bit

CDS archive(s) mapped at: [0x000077d81f000000-0x000077d81fbc7000-0x000077d81fbc7000), size 12349440, SharedBaseAddress: 0x000077d81f000000, ArchiveRelocationMode: 1.
Compressed class space mapped at: 0x000077d820000000-0x000077d860000000, reserved size: 1073741824
Narrow klass base: 0x000077d81f000000, Narrow klass shift: 0, Narrow klass range: 0x100000000

GC Precious Log:
 CPUs: 10 total, 10 available
 Memory: 32097M
 Large Page Support: Disabled
 NUMA Support: Disabled
 Compressed Oops: Enabled (32-bit)
 Heap Region Size: 1M
 Heap Min Capacity: 8M
 Heap Initial Capacity: 502M
 Heap Max Capacity: 1G
 Pre-touch: Disabled
 Parallel Workers: 9
 Concurrent Workers: 2
 Concurrent Refinement Workers: 9
 Periodic GC: Disabled

Heap:
 garbage-first heap   total 276480K, used 82674K [0x00000000c0000000, 0x0000000100000000)
  region size 1024K, 5 young (5120K), 1 survivors (1024K)
 Metaspace       used 10343K, committed 10560K, reserved 1114112K
  class space    used 1507K, committed 1600K, reserved 1048576K

Heap Regions: E=young(eden), S=young(survivor), O=old, HS=humongous(starts), HC=humongous(continues), CS=collection set, F=free, OA=open archive, CA=closed archive, TAMS=top-at-mark-start (previous, next)
|   0|0x00000000c0000000, 0x00000000c00fffe8, 0x00000000c0100000| 99%| O|  |TAMS 0x00000000c0000000, 0x00000000c0000000| Untracked 
|   1|0x00000000c0100000, 0x00000000c0200000, 0x00000000c0200000|100%| O|  |TAMS 0x00000000c0100000, 0x00000000c0100000| Untracked 
|   2|0x00000000c0200000, 0x00000000c0300000, 0x00000000c0300000|100%| O|  |TAMS 0x00000000c0300000, 0x00000000c0200000| Untracked 
|   3|0x00000000c0300000, 0x00000000c0400000, 0x00000000c0400000|100%| O|  |TAMS 0x00000000c0400000, 0x00000000c0300000| Untracked 
|   4|0x00000000c0400000, 0x00000000c04ffff8, 0x00000000c0500000| 99%| O|  |TAMS 0x00000000c0400000, 0x00000000c0400000| Untracked 
|   5|0x00000000c0500000, 0x00000000c0600000, 0x00000000c0600000|100%| O|  |TAMS 0x00000000c0600000, 0x00000000c0500000| Untracked 
|   6|0x00000000c0600000, 0x00000000c0700000, 0x00000000c0700000|100%|HS|  |TAMS 0x00000000c0700000, 0x00000000c0600000| Untracked 
|   7|0x00000000c0700000, 0x00000000c07ffff8, 0x00000000c0800000| 99%| O|  |TAMS 0x00000000c0700000, 0x00000000c0700000| Untracked 
|   8|0x00000000c0800000, 0x00000000c08efdf8, 0x00000000c0900000| 93%| O|  |TAMS 0x00000000c0800000, 0x00000000c0800000| Untracked 
|   9|0x00000000c0900000, 0x00000000c0a00000, 0x00000000c0a00000|100%| O|  |TAMS 0x00000000c0a00000, 0x00000000c0900000| Untracked 
|  10|0x00000000c0a00000, 0x00000000c0b00000, 0x00000000c0b00000|100%| O|  |TAMS 0x00000000c0b00000, 0x00000000c0a00000| Untracked 
|  11|0x00000000c0b00000, 0x00000000c0c00000, 0x00000000c0c00000|100%| O|  |TAMS 0x00000000c0c00000, 0x00000000c0b00000| Untracked 
|  12|0x00000000c0c00000, 0x00000000c0d00000, 0x00000000c0d00000|100%| O|  |TAMS 0x00000000c0d00000, 0x00000000c0c00000| Untracked 
|  13|0x00000000c0d00000, 0x00000000c0dd4618, 0x00000000c0e00000| 82%| O|  |TAMS 0x00000000c0d00000, 0x00000000c0d00000| Untracked 
|  14|0x00000000c0e00000, 0x00000000c0f00000, 0x00000000c0f00000|100%|HS|  |TAMS 0x00000000c0f00000, 0x00000000c0e00000| Untracked 
|  15|0x00000000c0f00000, 0x00000000c1000000, 0x00000000c1000000|100%|HC|  |TAMS 0x00000000c1000000, 0x00000000c0f00000| Untracked 
|  16|0x00000000c1000000, 0x00000000c1100000, 0x00000000c1100000|100%|HS|  |TAMS 0x00000000c1100000, 0x00000000c1000000| Untracked 
|  17|0x00000000c1100000, 0x00000000c1200000, 0x00000000c1200000|100%|HC|  |TAMS 0x00000000c1200000, 0x00000000c1100000| Untracked 
|  18|0x00000000c1200000, 0x00000000c12d81f0, 0x00000000c1300000| 84%| O|  |TAMS 0x00000000c1200000, 0x00000000c1200000| Untracked 
|  19|0x00000000c1300000, 0x00000000c13d8ab0, 0x00000000c1400000| 84%| O|  |TAMS 0x00000000c1300000, 0x00000000c1300000| Untracked 
|  20|0x00000000c1400000, 0x00000000c1500000, 0x00000000c1500000|100%|HS|  |TAMS 0x00000000c1500000, 0x00000000c1400000| Untracked 
|  21|0x00000000c1500000, 0x00000000c1509c00, 0x00000000c1600000|  3%| O|  |TAMS 0x00000000c1500000, 0x00000000c1500000| Untracked 
|  22|0x00000000c1600000, 0x00000000c1600000, 0x00000000c1700000|  0%| F|  |TAMS 0x00000000c1600000, 0x00000000c1600000| Untracked 
|  23|0x00000000c1700000, 0x00000000c1800000, 0x00000000c1800000|100%|HS|  |TAMS 0x00000000c1800000, 0x00000000c1700000| Untracked 
|  24|0x00000000c1800000, 0x00000000c1900000, 0x00000000c1900000|100%|HC|  |TAMS 0x00000000c1900000, 0x00000000c1800000| Untracked 
|  25|0x00000000c1900000, 0x00000000c1a00000, 0x00000000c1a00000|100%|HS|  |TAMS 0x00000000c1a00000, 0x00000000c1900000| Untracked 
|  26|0x00000000c1a00000, 0x00000000c1b00000, 0x00000000c1b00000|100%|HC|  |TAMS 0x00000000c1b00000, 0x00000000c1a00000| Untracked 
|  27|0x00000000c1b00000, 0x00000000c1b00000, 0x00000000c1c00000|  0%| F|  |TAMS 0x00000000c1b00000, 0x00000000c1b00000| Untracked 
|  28|0x00000000c1c00000, 0x00000000c1c00000, 0x00000000c1d00000|  0%| F|  |TAMS 0x00000000c1c00000, 0x00000000c1c00000| Untracked 
|  29|0x00000000c1d00000, 0x00000000c1e00000, 0x00000000c1e00000|100%|HS|  |TAMS 0x00000000c1e00000, 0x00000000c1d00000| Untracked 
|  30|0x00000000c1e00000, 0x00000000c1f00000, 0x00000000c1f00000|100%|HC|  |TAMS 0x00000000c1f00000, 0x00000000c1e00000| Untracked 
|  31|0x00000000c1f00000, 0x00000000c2000000, 0x00000000c2000000|100%|HS|  |TAMS 0x00000000c2000000, 0x00000000c1f00000| Untracked 
|  32|0x00000000c2000000, 0x00000000c2100000, 0x00000000c2100000|100%|HC|  |TAMS 0x00000000c2100000, 0x00000000c2000000| Untracked 
|  33|0x00000000c2100000, 0x00000000c2200000, 0x00000000c2200000|100%|HS|  |TAMS 0x00000000c2200000, 0x00000000c2100000| Untracked 
|  34|0x00000000c2200000, 0x00000000c2300000, 0x00000000c2300000|100%| O|  |TAMS 0x00000000c2300000, 0x00000000c2200000| Untracked 
|  35|0x00000000c2300000, 0x00000000c2400000, 0x00000000c2400000|100%| O|  |TAMS 0x00000000c2400000, 0x00000000c2300000| Untracked 
|  36|0x00000000c2400000, 0x00000000c2500000, 0x00000000c2500000|100%| O|  |TAMS 0x00000000c2500000, 0x00000000c2400000| Untracked 
|  37|0x00000000c2500000, 0x00000000c2600000, 0x00000000c2600000|100%| O|  |TAMS 0x00000000c2600000, 0x00000000c2500000| Untracked 
|  38|0x00000000c2600000, 0x00000000c2700000, 0x00000000c2700000|100%| O|  |TAMS 0x00000000c2700000, 0x00000000c2600000| Untracked 
|  39|0x00000000c2700000, 0x00000000c2800000, 0x00000000c2800000|100%| O|  |TAMS 0x00000000c2800000, 0x00000000c2700000| Untracked 
|  40|0x00000000c2800000, 0x00000000c2900000, 0x00000000c2900000|100%| O|  |TAMS 0x00000000c2900000, 0x00000000c2800000| Untracked 
|  41|0x00000000c2900000, 0x00000000c2a00000, 0x00000000c2a00000|100%| O|  |TAMS 0x00000000c2a00000, 0x00000000c2900000| Untracked 
|  42|0x00000000c2a00000, 0x00000000c2b00000, 0x00000000c2b00000|100%| O|  |TAMS 0x00000000c2b00000, 0x00000000c2a00000| Untracked 
|  43|0x00000000c2b00000, 0x00000000c2c00000, 0x00000000c2c00000|100%| O|  |TAMS 0x00000000c2c00000, 0x00000000c2b00000| Untracked 
|  44|0x00000000c2c00000, 0x00000000c2d00000, 0x00000000c2d00000|100%| O|  |TAMS 0x00000000c2d00000, 0x00000000c2c00000| Untracked 
|  45|0x00000000c2d00000, 0x00000000c2e00000, 0x00000000c2e00000|100%| O|  |TAMS 0x00000000c2e00000, 0x00000000c2d00000| Untracked 
|  46|0x00000000c2e00000, 0x00000000c2f00000, 0x00000000c2f00000|100%| O|  |TAMS 0x00000000c2f00000, 0x00000000c2e00000| Untracked 
|  47|0x00000000c2f00000, 0x00000000c3000000, 0x00000000c3000000|100%| O|  |TAMS 0x00000000c3000000, 0x00000000c2f00000| Untracked 
|  48|0x00000000c3000000, 0x00000000c3100000, 0x00000000c3100000|100%| O|  |TAMS 0x00000000c3100000, 0x00000000c3000000| Untracked 
|  49|0x00000000c3100000, 0x00000000c3200000, 0x00000000c3200000|100%| O|  |TAMS 0x00000000c3200000, 0x00000000c3100000| Untracked 
|  50|0x00000000c3200000, 0x00000000c32d1960, 0x00000000c3300000| 81%| O|  |TAMS 0x00000000c3200000, 0x00000000c3200000| Untracked 
|  51|0x00000000c3300000, 0x00000000c3400000, 0x00000000c3400000|100%| O|  |TAMS 0x00000000c3400000, 0x00000000c3300000| Untracked 
|  52|0x00000000c3400000, 0x00000000c3500000, 0x00000000c3500000|100%| O|  |TAMS 0x00000000c3500000, 0x00000000c3400000| Untracked 
|  53|0x00000000c3500000, 0x00000000c3600000, 0x00000000c3600000|100%| O|  |TAMS 0x00000000c3600000, 0x00000000c3500000| Untracked 
|  54|0x00000000c3600000, 0x00000000c3600000, 0x00000000c3700000|  0%| F|  |TAMS 0x00000000c3600000, 0x00000000c3600000| Untracked 
|  55|0x00000000c3700000, 0x00000000c3800000, 0x00000000c3800000|100%| O|  |TAMS 0x00000000c3800000, 0x00000000c3700000| Untracked 
|  56|0x00000000c3800000, 0x00000000c3900000, 0x00000000c3900000|100%| O|  |TAMS 0x00000000c3900000, 0x00000000c3800000| Untracked 
|  57|0x00000000c3900000, 0x00000000c3a00000, 0x00000000c3a00000|100%| O|  |TAMS 0x00000000c3a00000, 0x00000000c3900000| Untracked 
|  58|0x00000000c3a00000, 0x00000000c3b00000, 0x00000000c3b00000|100%| O|  |TAMS 0x00000000c3b00000, 0x00000000c3a00000| Untracked 
|  59|0x00000000c3b00000, 0x00000000c3c00000, 0x00000000c3c00000|100%| O|  |TAMS 0x00000000c3c00000, 0x00000000c3b00000| Untracked 
|  60|0x00000000c3c00000, 0x00000000c3d00000, 0x00000000c3d00000|100%| O|  |TAMS 0x00000000c3d00000, 0x00000000c3c00000| Untracked 
|  61|0x00000000c3d00000, 0x00000000c3e00000, 0x00000000c3e00000|100%| O|  |TAMS 0x00000000c3e00000, 0x00000000c3d00000| Untracked 
|  62|0x00000000c3e00000, 0x00000000c3f00000, 0x00000000c3f00000|100%| O|  |TAMS 0x00000000c3f00000, 0x00000000c3e00000| Untracked 
|  63|0x00000000c3f00000, 0x00000000c4000000, 0x00000000c4000000|100%| O|  |TAMS 0x00000000c4000000, 0x00000000c3f00000| Untracked 
|  64|0x00000000c4000000, 0x00000000c4000000, 0x00000000c4100000|  0%| F|  |TAMS 0x00000000c4000000, 0x00000000c4000000| Untracked 
|  65|0x00000000c4100000, 0x00000000c41825b0, 0x00000000c4200000| 50%| O|  |TAMS 0x00000000c4100000, 0x00000000c4100000| Untracked 
|  66|0x00000000c4200000, 0x00000000c4300000, 0x00000000c4300000|100%| O|  |TAMS 0x00000000c4300000, 0x00000000c4200000| Untracked 
|  67|0x00000000c4300000, 0x00000000c4400000, 0x00000000c4400000|100%| O|  |TAMS 0x00000000c4400000, 0x00000000c4300000| Untracked 
|  68|0x00000000c4400000, 0x00000000c4500000, 0x00000000c4500000|100%| O|  |TAMS 0x00000000c4500000, 0x00000000c4400000| Untracked 
|  69|0x00000000c4500000, 0x00000000c4600000, 0x00000000c4600000|100%| O|  |TAMS 0x00000000c4600000, 0x00000000c4500000| Untracked 
|  70|0x00000000c4600000, 0x00000000c4700000, 0x00000000c4700000|100%| O|  |TAMS 0x00000000c4700000, 0x00000000c4600000| Untracked 
|  71|0x00000000c4700000, 0x00000000c4800000, 0x00000000c4800000|100%| O|  |TAMS 0x00000000c4800000, 0x00000000c4700000| Untracked 
|  72|0x00000000c4800000, 0x00000000c4900000, 0x00000000c4900000|100%| O|  |TAMS 0x00000000c4900000, 0x00000000c4800000| Untracked 
|  73|0x00000000c4900000, 0x00000000c4a00000, 0x00000000c4a00000|100%| O|  |TAMS 0x00000000c4a00000, 0x00000000c4900000| Untracked 
|  74|0x00000000c4a00000, 0x00000000c4b00000, 0x00000000c4b00000|100%| O|  |TAMS 0x00000000c4b00000, 0x00000000c4a00000| Untracked 
|  75|0x00000000c4b00000, 0x00000000c4c00000, 0x00000000c4c00000|100%| O|  |TAMS 0x00000000c4c00000, 0x00000000c4b00000| Untracked 
|  76|0x00000000c4c00000, 0x00000000c4c63f98, 0x00000000c4d00000| 39%| O|  |TAMS 0x00000000c4c00000, 0x00000000c4c00000| Untracked 
|  77|0x00000000c4d00000, 0x00000000c4d92fa0, 0x00000000c4e00000| 57%| O|  |TAMS 0x00000000c4d00000, 0x00000000c4d00000| Untracked 
|  78|0x00000000c4e00000, 0x00000000c4e00000, 0x00000000c4f00000|  0%| F|  |TAMS 0x00000000c4e00000, 0x00000000c4e00000| Untracked 
|  79|0x00000000c4f00000, 0x00000000c5000000, 0x00000000c5000000|100%| O|  |TAMS 0x00000000c5000000, 0x00000000c4f00000| Untracked 
|  80|0x00000000c5000000, 0x00000000c5100000, 0x00000000c5100000|100%| O|  |TAMS 0x00000000c5100000, 0x00000000c5000000| Untracked 
|  81|0x00000000c5100000, 0x00000000c5200000, 0x00000000c5200000|100%| O|  |TAMS 0x00000000c5200000, 0x00000000c5100000| Untracked 
|  82|0x00000000c5200000, 0x00000000c5300000, 0x00000000c5300000|100%| O|  |TAMS 0x00000000c5300000, 0x00000000c5200000| Untracked 
|  83|0x00000000c5300000, 0x00000000c5400000, 0x00000000c5400000|100%| O|  |TAMS 0x00000000c5400000, 0x00000000c5300000| Untracked 
|  84|0x00000000c5400000, 0x00000000c5500000, 0x00000000c5500000|100%| O|  |TAMS 0x00000000c5500000, 0x00000000c5400000| Untracked 
|  85|0x00000000c5500000, 0x00000000c5600000, 0x00000000c5600000|100%| O|  |TAMS 0x00000000c5600000, 0x00000000c5500000| Untracked 
|  86|0x00000000c5600000, 0x00000000c5600000, 0x00000000c5700000|  0%| F|  |TAMS 0x00000000c5600000, 0x00000000c5600000| Untracked 
|  87|0x00000000c5700000, 0x00000000c5700000, 0x00000000c5800000|  0%| F|  |TAMS 0x00000000c5700000, 0x00000000c5700000| Untracked 
|  88|0x00000000c5800000, 0x00000000c5800000, 0x00000000c5900000|  0%| F|  |TAMS 0x00000000c5800000, 0x00000000c5800000| Untracked 
|  89|0x00000000c5900000, 0x00000000c5900000, 0x00000000c5a00000|  0%| F|  |TAMS 0x00000000c5900000, 0x00000000c5900000| Untracked 
|  90|0x00000000c5a00000, 0x00000000c5a00000, 0x00000000c5b00000|  0%| F|  |TAMS 0x00000000c5a00000, 0x00000000c5a00000| Untracked 
|  91|0x00000000c5b00000, 0x00000000c5b00000, 0x00000000c5c00000|  0%| F|  |TAMS 0x00000000c5b00000, 0x00000000c5b00000| Untracked 
|  92|0x00000000c5c00000, 0x00000000c5c00000, 0x00000000c5d00000|  0%| F|  |TAMS 0x00000000c5c00000, 0x00000000c5c00000| Untracked 
|  93|0x00000000c5d00000, 0x00000000c5d00000, 0x00000000c5e00000|  0%| F|  |TAMS 0x00000000c5d00000, 0x00000000c5d00000| Untracked 
|  94|0x00000000c5e00000, 0x00000000c5e00000, 0x00000000c5f00000|  0%| F|  |TAMS 0x00000000c5e00000, 0x00000000c5e00000| Untracked 
|  95|0x00000000c5f00000, 0x00000000c5f00000, 0x00000000c6000000|  0%| F|  |TAMS 0x00000000c5f00000, 0x00000000c5f00000| Untracked 
|  96|0x00000000c6000000, 0x00000000c6000000, 0x00000000c6100000|  0%| F|  |TAMS 0x00000000c6000000, 0x00000000c6000000| Untracked 
|  97|0x00000000c6100000, 0x00000000c6100000, 0x00000000c6200000|  0%| F|  |TAMS 0x00000000c6100000, 0x00000000c6100000| Untracked 
|  98|0x00000000c6200000, 0x00000000c6200000, 0x00000000c6300000|  0%| F|  |TAMS 0x00000000c6200000, 0x00000000c6200000| Untracked 
|  99|0x00000000c6300000, 0x00000000c6300000, 0x00000000c6400000|  0%| F|  |TAMS 0x00000000c6300000, 0x00000000c6300000| Untracked 
| 100|0x00000000c6400000, 0x00000000c6400000, 0x00000000c6500000|  0%| F|  |TAMS 0x00000000c6400000, 0x00000000c6400000| Untracked 
| 101|0x00000000c6500000, 0x00000000c6500000, 0x00000000c6600000|  0%| F|  |TAMS 0x00000000c6500000, 0x00000000c6500000| Untracked 
| 102|0x00000000c6600000, 0x00000000c6600000, 0x00000000c6700000|  0%| F|  |TAMS 0x00000000c6600000, 0x00000000c6600000| Untracked 
| 103|0x00000000c6700000, 0x00000000c6700000, 0x00000000c6800000|  0%| F|  |TAMS 0x00000000c6700000, 0x00000000c6700000| Untracked 
| 104|0x00000000c6800000, 0x00000000c6800000, 0x00000000c6900000|  0%| F|  |TAMS 0x00000000c6800000, 0x00000000c6800000| Untracked 
| 105|0x00000000c6900000, 0x00000000c6900000, 0x00000000c6a00000|  0%| F|  |TAMS 0x00000000c6900000, 0x00000000c6900000| Untracked 
| 106|0x00000000c6a00000, 0x00000000c6a00000, 0x00000000c6b00000|  0%| F|  |TAMS 0x00000000c6a00000, 0x00000000c6a00000| Untracked 
| 107|0x00000000c6b00000, 0x00000000c6b00000, 0x00000000c6c00000|  0%| F|  |TAMS 0x00000000c6b00000, 0x00000000c6b00000| Untracked 
| 108|0x00000000c6c00000, 0x00000000c6c060c0, 0x00000000c6d00000|  2%| S|CS|TAMS 0x00000000c6c00000, 0x00000000c6c00000| Complete 
| 109|0x00000000c6d00000, 0x00000000c6d00000, 0x00000000c6e00000|  0%| F|  |TAMS 0x00000000c6d00000, 0x00000000c6d00000| Untracked 
| 110|0x00000000c6e00000, 0x00000000c6e00000, 0x00000000c6f00000|  0%| F|  |TAMS 0x00000000c6e00000, 0x00000000c6e00000| Untracked 
| 111|0x00000000c6f00000, 0x00000000c6f00000, 0x00000000c7000000|  0%| F|  |TAMS 0x00000000c6f00000, 0x00000000c6f00000| Untracked 
| 112|0x00000000c7000000, 0x00000000c7000000, 0x00000000c7100000|  0%| F|  |TAMS 0x00000000c7000000, 0x00000000c7000000| Untracked 
| 113|0x00000000c7100000, 0x00000000c7100000, 0x00000000c7200000|  0%| F|  |TAMS 0x00000000c7100000, 0x00000000c7100000| Untracked 
| 114|0x00000000c7200000, 0x00000000c7200000, 0x00000000c7300000|  0%| F|  |TAMS 0x00000000c7200000, 0x00000000c7200000| Untracked 
| 115|0x00000000c7300000, 0x00000000c7300000, 0x00000000c7400000|  0%| F|  |TAMS 0x00000000c7300000, 0x00000000c7300000| Untracked 
| 116|0x00000000c7400000, 0x00000000c7400000, 0x00000000c7500000|  0%| F|  |TAMS 0x00000000c7400000, 0x00000000c7400000| Untracked 
| 117|0x00000000c7500000, 0x00000000c7500000, 0x00000000c7600000|  0%| F|  |TAMS 0x00000000c7500000, 0x00000000c7500000| Untracked 
| 118|0x00000000c7600000, 0x00000000c7600000, 0x00000000c7700000|  0%| F|  |TAMS 0x00000000c7600000, 0x00000000c7600000| Untracked 
| 119|0x00000000c7700000, 0x00000000c7700000, 0x00000000c7800000|  0%| F|  |TAMS 0x00000000c7700000, 0x00000000c7700000| Untracked 
| 120|0x00000000c7800000, 0x00000000c7800000, 0x00000000c7900000|  0%| F|  |TAMS 0x00000000c7800000, 0x00000000c7800000| Untracked 
| 121|0x00000000c7900000, 0x00000000c7900000, 0x00000000c7a00000|  0%| F|  |TAMS 0x00000000c7900000, 0x00000000c7900000| Untracked 
| 122|0x00000000c7a00000, 0x00000000c7a00000, 0x00000000c7b00000|  0%| F|  |TAMS 0x00000000c7a00000, 0x00000000c7a00000| Untracked 
| 123|0x00000000c7b00000, 0x00000000c7b00000, 0x00000000c7c00000|  0%| F|  |TAMS 0x00000000c7b00000, 0x00000000c7b00000| Untracked 
| 124|0x00000000c7c00000, 0x00000000c7c00000, 0x00000000c7d00000|  0%| F|  |TAMS 0x00000000c7c00000, 0x00000000c7c00000| Untracked 
| 125|0x00000000c7d00000, 0x00000000c7d00000, 0x00000000c7e00000|  0%| F|  |TAMS 0x00000000c7d00000, 0x00000000c7d00000| Untracked 
| 126|0x00000000c7e00000, 0x00000000c7e00000, 0x00000000c7f00000|  0%| F|  |TAMS 0x00000000c7e00000, 0x00000000c7e00000| Untracked 
| 127|0x00000000c7f00000, 0x00000000c7f00000, 0x00000000c8000000|  0%| F|  |TAMS 0x00000000c7f00000, 0x00000000c7f00000| Untracked 
| 128|0x00000000c8000000, 0x00000000c8000000, 0x00000000c8100000|  0%| F|  |TAMS 0x00000000c8000000, 0x00000000c8000000| Untracked 
| 129|0x00000000c8100000, 0x00000000c8100000, 0x00000000c8200000|  0%| F|  |TAMS 0x00000000c8100000, 0x00000000c8100000| Untracked 
| 130|0x00000000c8200000, 0x00000000c8200000, 0x00000000c8300000|  0%| F|  |TAMS 0x00000000c8200000, 0x00000000c8200000| Untracked 
| 131|0x00000000c8300000, 0x00000000c8300000, 0x00000000c8400000|  0%| F|  |TAMS 0x00000000c8300000, 0x00000000c8300000| Untracked 
| 132|0x00000000c8400000, 0x00000000c8400000, 0x00000000c8500000|  0%| F|  |TAMS 0x00000000c8400000, 0x00000000c8400000| Untracked 
| 133|0x00000000c8500000, 0x00000000c8500000, 0x00000000c8600000|  0%| F|  |TAMS 0x00000000c8500000, 0x00000000c8500000| Untracked 
| 134|0x00000000c8600000, 0x00000000c8600000, 0x00000000c8700000|  0%| F|  |TAMS 0x00000000c8600000, 0x00000000c8600000| Untracked 
| 135|0x00000000c8700000, 0x00000000c8700000, 0x00000000c8800000|  0%| F|  |TAMS 0x00000000c8700000, 0x00000000c8700000| Untracked 
| 136|0x00000000c8800000, 0x00000000c8800000, 0x00000000c8900000|  0%| F|  |TAMS 0x00000000c8800000, 0x00000000c8800000| Untracked 
| 137|0x00000000c8900000, 0x00000000c8900000, 0x00000000c8a00000|  0%| F|  |TAMS 0x00000000c8900000, 0x00000000c8900000| Untracked 
| 138|0x00000000c8a00000, 0x00000000c8a00000, 0x00000000c8b00000|  0%| F|  |TAMS 0x00000000c8a00000, 0x00000000c8a00000| Untracked 
| 139|0x00000000c8b00000, 0x00000000c8b00000, 0x00000000c8c00000|  0%| F|  |TAMS 0x00000000c8b00000, 0x00000000c8b00000| Untracked 
| 140|0x00000000c8c00000, 0x00000000c8c00000, 0x00000000c8d00000|  0%| F|  |TAMS 0x00000000c8c00000, 0x00000000c8c00000| Untracked 
| 141|0x00000000c8d00000, 0x00000000c8d00000, 0x00000000c8e00000|  0%| F|  |TAMS 0x00000000c8d00000, 0x00000000c8d00000| Untracked 
| 142|0x00000000c8e00000, 0x00000000c8e00000, 0x00000000c8f00000|  0%| F|  |TAMS 0x00000000c8e00000, 0x00000000c8e00000| Untracked 
| 143|0x00000000c8f00000, 0x00000000c8f00000, 0x00000000c9000000|  0%| F|  |TAMS 0x00000000c8f00000, 0x00000000c8f00000| Untracked 
| 144|0x00000000c9000000, 0x00000000c9000000, 0x00000000c9100000|  0%| F|  |TAMS 0x00000000c9000000, 0x00000000c9000000| Untracked 
| 145|0x00000000c9100000, 0x00000000c9100000, 0x00000000c9200000|  0%| F|  |TAMS 0x00000000c9100000, 0x00000000c9100000| Untracked 
| 146|0x00000000c9200000, 0x00000000c9200000, 0x00000000c9300000|  0%| F|  |TAMS 0x00000000c9200000, 0x00000000c9200000| Untracked 
| 147|0x00000000c9300000, 0x00000000c9300000, 0x00000000c9400000|  0%| F|  |TAMS 0x00000000c9300000, 0x00000000c9300000| Untracked 
| 148|0x00000000c9400000, 0x00000000c9400000, 0x00000000c9500000|  0%| F|  |TAMS 0x00000000c9400000, 0x00000000c9400000| Untracked 
| 149|0x00000000c9500000, 0x00000000c9500000, 0x00000000c9600000|  0%| F|  |TAMS 0x00000000c9500000, 0x00000000c9500000| Untracked 
| 150|0x00000000c9600000, 0x00000000c9600000, 0x00000000c9700000|  0%| F|  |TAMS 0x00000000c9600000, 0x00000000c9600000| Untracked 
| 151|0x00000000c9700000, 0x00000000c9700000, 0x00000000c9800000|  0%| F|  |TAMS 0x00000000c9700000, 0x00000000c9700000| Untracked 
| 152|0x00000000c9800000, 0x00000000c9800000, 0x00000000c9900000|  0%| F|  |TAMS 0x00000000c9800000, 0x00000000c9800000| Untracked 
| 153|0x00000000c9900000, 0x00000000c9900000, 0x00000000c9a00000|  0%| F|  |TAMS 0x00000000c9900000, 0x00000000c9900000| Untracked 
| 154|0x00000000c9a00000, 0x00000000c9a00000, 0x00000000c9b00000|  0%| F|  |TAMS 0x00000000c9a00000, 0x00000000c9a00000| Untracked 
| 155|0x00000000c9b00000, 0x00000000c9b00000, 0x00000000c9c00000|  0%| F|  |TAMS 0x00000000c9b00000, 0x00000000c9b00000| Untracked 
| 156|0x00000000c9c00000, 0x00000000c9c00000, 0x00000000c9d00000|  0%| F|  |TAMS 0x00000000c9c00000, 0x00000000c9c00000| Untracked 
| 157|0x00000000c9d00000, 0x00000000c9d00000, 0x00000000c9e00000|  0%| F|  |TAMS 0x00000000c9d00000, 0x00000000c9d00000| Untracked 
| 158|0x00000000c9e00000, 0x00000000c9e00000, 0x00000000c9f00000|  0%| F|  |TAMS 0x00000000c9e00000, 0x00000000c9e00000| Untracked 
| 159|0x00000000c9f00000, 0x00000000c9f00000, 0x00000000ca000000|  0%| F|  |TAMS 0x00000000c9f00000, 0x00000000c9f00000| Untracked 
| 160|0x00000000ca000000, 0x00000000ca000000, 0x00000000ca100000|  0%| F|  |TAMS 0x00000000ca000000, 0x00000000ca000000| Untracked 
| 161|0x00000000ca100000, 0x00000000ca100000, 0x00000000ca200000|  0%| F|  |TAMS 0x00000000ca100000, 0x00000000ca100000| Untracked 
| 162|0x00000000ca200000, 0x00000000ca200000, 0x00000000ca300000|  0%| F|  |TAMS 0x00000000ca200000, 0x00000000ca200000| Untracked 
| 163|0x00000000ca300000, 0x00000000ca300000, 0x00000000ca400000|  0%| F|  |TAMS 0x00000000ca300000, 0x00000000ca300000| Untracked 
| 164|0x00000000ca400000, 0x00000000ca400000, 0x00000000ca500000|  0%| F|  |TAMS 0x00000000ca400000, 0x00000000ca400000| Untracked 
| 165|0x00000000ca500000, 0x00000000ca500000, 0x00000000ca600000|  0%| F|  |TAMS 0x00000000ca500000, 0x00000000ca500000| Untracked 
| 166|0x00000000ca600000, 0x00000000ca600000, 0x00000000ca700000|  0%| F|  |TAMS 0x00000000ca600000, 0x00000000ca600000| Untracked 
| 167|0x00000000ca700000, 0x00000000ca700000, 0x00000000ca800000|  0%| F|  |TAMS 0x00000000ca700000, 0x00000000ca700000| Untracked 
| 168|0x00000000ca800000, 0x00000000ca800000, 0x00000000ca900000|  0%| F|  |TAMS 0x00000000ca800000, 0x00000000ca800000| Untracked 
| 169|0x00000000ca900000, 0x00000000ca900000, 0x00000000caa00000|  0%| F|  |TAMS 0x00000000ca900000, 0x00000000ca900000| Untracked 
| 170|0x00000000caa00000, 0x00000000caa00000, 0x00000000cab00000|  0%| F|  |TAMS 0x00000000caa00000, 0x00000000caa00000| Untracked 
| 171|0x00000000cab00000, 0x00000000cab00000, 0x00000000cac00000|  0%| F|  |TAMS 0x00000000cab00000, 0x00000000cab00000| Untracked 
| 172|0x00000000cac00000, 0x00000000cac00000, 0x00000000cad00000|  0%| F|  |TAMS 0x00000000cac00000, 0x00000000cac00000| Untracked 
| 173|0x00000000cad00000, 0x00000000cad00000, 0x00000000cae00000|  0%| F|  |TAMS 0x00000000cad00000, 0x00000000cad00000| Untracked 
| 174|0x00000000cae00000, 0x00000000cae00000, 0x00000000caf00000|  0%| F|  |TAMS 0x00000000cae00000, 0x00000000cae00000| Untracked 
| 175|0x00000000caf00000, 0x00000000caf00000, 0x00000000cb000000|  0%| F|  |TAMS 0x00000000caf00000, 0x00000000caf00000| Untracked 
| 176|0x00000000cb000000, 0x00000000cb000000, 0x00000000cb100000|  0%| F|  |TAMS 0x00000000cb000000, 0x00000000cb000000| Untracked 
| 177|0x00000000cb100000, 0x00000000cb100000, 0x00000000cb200000|  0%| F|  |TAMS 0x00000000cb100000, 0x00000000cb100000| Untracked 
| 178|0x00000000cb200000, 0x00000000cb200000, 0x00000000cb300000|  0%| F|  |TAMS 0x00000000cb200000, 0x00000000cb200000| Untracked 
| 179|0x00000000cb300000, 0x00000000cb300000, 0x00000000cb400000|  0%| F|  |TAMS 0x00000000cb300000, 0x00000000cb300000| Untracked 
| 180|0x00000000cb400000, 0x00000000cb400000, 0x00000000cb500000|  0%| F|  |TAMS 0x00000000cb400000, 0x00000000cb400000| Untracked 
| 181|0x00000000cb500000, 0x00000000cb500000, 0x00000000cb600000|  0%| F|  |TAMS 0x00000000cb500000, 0x00000000cb500000| Untracked 
| 182|0x00000000cb600000, 0x00000000cb600000, 0x00000000cb700000|  0%| F|  |TAMS 0x00000000cb600000, 0x00000000cb600000| Untracked 
| 183|0x00000000cb700000, 0x00000000cb700000, 0x00000000cb800000|  0%| F|  |TAMS 0x00000000cb700000, 0x00000000cb700000| Untracked 
| 184|0x00000000cb800000, 0x00000000cb800000, 0x00000000cb900000|  0%| F|  |TAMS 0x00000000cb800000, 0x00000000cb800000| Untracked 
| 185|0x00000000cb900000, 0x00000000cb900000, 0x00000000cba00000|  0%| F|  |TAMS 0x00000000cb900000, 0x00000000cb900000| Untracked 
| 186|0x00000000cba00000, 0x00000000cba00000, 0x00000000cbb00000|  0%| F|  |TAMS 0x00000000cba00000, 0x00000000cba00000| Untracked 
| 187|0x00000000cbb00000, 0x00000000cbb00000, 0x00000000cbc00000|  0%| F|  |TAMS 0x00000000cbb00000, 0x00000000cbb00000| Untracked 
| 188|0x00000000cbc00000, 0x00000000cbc00000, 0x00000000cbd00000|  0%| F|  |TAMS 0x00000000cbc00000, 0x00000000cbc00000| Untracked 
| 189|0x00000000cbd00000, 0x00000000cbd00000, 0x00000000cbe00000|  0%| F|  |TAMS 0x00000000cbd00000, 0x00000000cbd00000| Untracked 
| 190|0x00000000cbe00000, 0x00000000cbe00000, 0x00000000cbf00000|  0%| F|  |TAMS 0x00000000cbe00000, 0x00000000cbe00000| Untracked 
| 191|0x00000000cbf00000, 0x00000000cbf00000, 0x00000000cc000000|  0%| F|  |TAMS 0x00000000cbf00000, 0x00000000cbf00000| Untracked 
| 192|0x00000000cc000000, 0x00000000cc000000, 0x00000000cc100000|  0%| F|  |TAMS 0x00000000cc000000, 0x00000000cc000000| Untracked 
| 193|0x00000000cc100000, 0x00000000cc100000, 0x00000000cc200000|  0%| F|  |TAMS 0x00000000cc100000, 0x00000000cc100000| Untracked 
| 194|0x00000000cc200000, 0x00000000cc200000, 0x00000000cc300000|  0%| F|  |TAMS 0x00000000cc200000, 0x00000000cc200000| Untracked 
| 195|0x00000000cc300000, 0x00000000cc300000, 0x00000000cc400000|  0%| F|  |TAMS 0x00000000cc300000, 0x00000000cc300000| Untracked 
| 196|0x00000000cc400000, 0x00000000cc400000, 0x00000000cc500000|  0%| F|  |TAMS 0x00000000cc400000, 0x00000000cc400000| Untracked 
| 197|0x00000000cc500000, 0x00000000cc500000, 0x00000000cc600000|  0%| F|  |TAMS 0x00000000cc500000, 0x00000000cc500000| Untracked 
| 198|0x00000000cc600000, 0x00000000cc600000, 0x00000000cc700000|  0%| F|  |TAMS 0x00000000cc600000, 0x00000000cc600000| Untracked 
| 199|0x00000000cc700000, 0x00000000cc700000, 0x00000000cc800000|  0%| F|  |TAMS 0x00000000cc700000, 0x00000000cc700000| Untracked 
| 200|0x00000000cc800000, 0x00000000cc800000, 0x00000000cc900000|  0%| F|  |TAMS 0x00000000cc800000, 0x00000000cc800000| Untracked 
| 201|0x00000000cc900000, 0x00000000cc900000, 0x00000000cca00000|  0%| F|  |TAMS 0x00000000cc900000, 0x00000000cc900000| Untracked 
| 202|0x00000000cca00000, 0x00000000cca00000, 0x00000000ccb00000|  0%| F|  |TAMS 0x00000000cca00000, 0x00000000cca00000| Untracked 
| 203|0x00000000ccb00000, 0x00000000ccb00000, 0x00000000ccc00000|  0%| F|  |TAMS 0x00000000ccb00000, 0x00000000ccb00000| Untracked 
| 204|0x00000000ccc00000, 0x00000000ccc00000, 0x00000000ccd00000|  0%| F|  |TAMS 0x00000000ccc00000, 0x00000000ccc00000| Untracked 
| 205|0x00000000ccd00000, 0x00000000ccd00000, 0x00000000cce00000|  0%| F|  |TAMS 0x00000000ccd00000, 0x00000000ccd00000| Untracked 
| 206|0x00000000cce00000, 0x00000000cce00000, 0x00000000ccf00000|  0%| F|  |TAMS 0x00000000cce00000, 0x00000000cce00000| Untracked 
| 207|0x00000000ccf00000, 0x00000000ccf00000, 0x00000000cd000000|  0%| F|  |TAMS 0x00000000ccf00000, 0x00000000ccf00000| Untracked 
| 208|0x00000000cd000000, 0x00000000cd000000, 0x00000000cd100000|  0%| F|  |TAMS 0x00000000cd000000, 0x00000000cd000000| Untracked 
| 209|0x00000000cd100000, 0x00000000cd100000, 0x00000000cd200000|  0%| F|  |TAMS 0x00000000cd100000, 0x00000000cd100000| Untracked 
| 210|0x00000000cd200000, 0x00000000cd200000, 0x00000000cd300000|  0%| F|  |TAMS 0x00000000cd200000, 0x00000000cd200000| Untracked 
| 211|0x00000000cd300000, 0x00000000cd300000, 0x00000000cd400000|  0%| F|  |TAMS 0x00000000cd300000, 0x00000000cd300000| Untracked 
| 212|0x00000000cd400000, 0x00000000cd400000, 0x00000000cd500000|  0%| F|  |TAMS 0x00000000cd400000, 0x00000000cd400000| Untracked 
| 213|0x00000000cd500000, 0x00000000cd500000, 0x00000000cd600000|  0%| F|  |TAMS 0x00000000cd500000, 0x00000000cd500000| Untracked 
| 214|0x00000000cd600000, 0x00000000cd600000, 0x00000000cd700000|  0%| F|  |TAMS 0x00000000cd600000, 0x00000000cd600000| Untracked 
| 215|0x00000000cd700000, 0x00000000cd700000, 0x00000000cd800000|  0%| F|  |TAMS 0x00000000cd700000, 0x00000000cd700000| Untracked 
| 216|0x00000000cd800000, 0x00000000cd800000, 0x00000000cd900000|  0%| F|  |TAMS 0x00000000cd800000, 0x00000000cd800000| Untracked 
| 217|0x00000000cd900000, 0x00000000cd900000, 0x00000000cda00000|  0%| F|  |TAMS 0x00000000cd900000, 0x00000000cd900000| Untracked 
| 218|0x00000000cda00000, 0x00000000cda00000, 0x00000000cdb00000|  0%| F|  |TAMS 0x00000000cda00000, 0x00000000cda00000| Untracked 
| 219|0x00000000cdb00000, 0x00000000cdb00000, 0x00000000cdc00000|  0%| F|  |TAMS 0x00000000cdb00000, 0x00000000cdb00000| Untracked 
| 220|0x00000000cdc00000, 0x00000000cdc00000, 0x00000000cdd00000|  0%| F|  |TAMS 0x00000000cdc00000, 0x00000000cdc00000| Untracked 
| 221|0x00000000cdd00000, 0x00000000cdd00000, 0x00000000cde00000|  0%| F|  |TAMS 0x00000000cdd00000, 0x00000000cdd00000| Untracked 
| 222|0x00000000cde00000, 0x00000000cde00000, 0x00000000cdf00000|  0%| F|  |TAMS 0x00000000cde00000, 0x00000000cde00000| Untracked 
| 223|0x00000000cdf00000, 0x00000000cdf00000, 0x00000000ce000000|  0%| F|  |TAMS 0x00000000cdf00000, 0x00000000cdf00000| Untracked 
| 224|0x00000000ce000000, 0x00000000ce000000, 0x00000000ce100000|  0%| F|  |TAMS 0x00000000ce000000, 0x00000000ce000000| Untracked 
| 225|0x00000000ce100000, 0x00000000ce100000, 0x00000000ce200000|  0%| F|  |TAMS 0x00000000ce100000, 0x00000000ce100000| Untracked 
| 226|0x00000000ce200000, 0x00000000ce200000, 0x00000000ce300000|  0%| F|  |TAMS 0x00000000ce200000, 0x00000000ce200000| Untracked 
| 227|0x00000000ce300000, 0x00000000ce300000, 0x00000000ce400000|  0%| F|  |TAMS 0x00000000ce300000, 0x00000000ce300000| Untracked 
| 228|0x00000000ce400000, 0x00000000ce400000, 0x00000000ce500000|  0%| F|  |TAMS 0x00000000ce400000, 0x00000000ce400000| Untracked 
| 229|0x00000000ce500000, 0x00000000ce500000, 0x00000000ce600000|  0%| F|  |TAMS 0x00000000ce500000, 0x00000000ce500000| Untracked 
| 230|0x00000000ce600000, 0x00000000ce600000, 0x00000000ce700000|  0%| F|  |TAMS 0x00000000ce600000, 0x00000000ce600000| Untracked 
| 231|0x00000000ce700000, 0x00000000ce700000, 0x00000000ce800000|  0%| F|  |TAMS 0x00000000ce700000, 0x00000000ce700000| Untracked 
| 232|0x00000000ce800000, 0x00000000ce800000, 0x00000000ce900000|  0%| F|  |TAMS 0x00000000ce800000, 0x00000000ce800000| Untracked 
| 233|0x00000000ce900000, 0x00000000ce900000, 0x00000000cea00000|  0%| F|  |TAMS 0x00000000ce900000, 0x00000000ce900000| Untracked 
| 234|0x00000000cea00000, 0x00000000cea00000, 0x00000000ceb00000|  0%| F|  |TAMS 0x00000000cea00000, 0x00000000cea00000| Untracked 
| 235|0x00000000ceb00000, 0x00000000ceb00000, 0x00000000cec00000|  0%| F|  |TAMS 0x00000000ceb00000, 0x00000000ceb00000| Untracked 
| 236|0x00000000cec00000, 0x00000000cec00000, 0x00000000ced00000|  0%| F|  |TAMS 0x00000000cec00000, 0x00000000cec00000| Untracked 
| 237|0x00000000ced00000, 0x00000000ced00000, 0x00000000cee00000|  0%| F|  |TAMS 0x00000000ced00000, 0x00000000ced00000| Untracked 
| 238|0x00000000cee00000, 0x00000000cee00000, 0x00000000cef00000|  0%| F|  |TAMS 0x00000000cee00000, 0x00000000cee00000| Untracked 
| 239|0x00000000cef00000, 0x00000000cef00000, 0x00000000cf000000|  0%| F|  |TAMS 0x00000000cef00000, 0x00000000cef00000| Untracked 
| 240|0x00000000cf000000, 0x00000000cf000000, 0x00000000cf100000|  0%| F|  |TAMS 0x00000000cf000000, 0x00000000cf000000| Untracked 
| 241|0x00000000cf100000, 0x00000000cf100000, 0x00000000cf200000|  0%| F|  |TAMS 0x00000000cf100000, 0x00000000cf100000| Untracked 
| 242|0x00000000cf200000, 0x00000000cf200000, 0x00000000cf300000|  0%| F|  |TAMS 0x00000000cf200000, 0x00000000cf200000| Untracked 
| 243|0x00000000cf300000, 0x00000000cf300000, 0x00000000cf400000|  0%| F|  |TAMS 0x00000000cf300000, 0x00000000cf300000| Untracked 
| 244|0x00000000cf400000, 0x00000000cf400000, 0x00000000cf500000|  0%| F|  |TAMS 0x00000000cf400000, 0x00000000cf400000| Untracked 
| 245|0x00000000cf500000, 0x00000000cf500000, 0x00000000cf600000|  0%| F|  |TAMS 0x00000000cf500000, 0x00000000cf500000| Untracked 
| 246|0x00000000cf600000, 0x00000000cf600000, 0x00000000cf700000|  0%| F|  |TAMS 0x00000000cf600000, 0x00000000cf600000| Untracked 
| 247|0x00000000cf700000, 0x00000000cf700000, 0x00000000cf800000|  0%| F|  |TAMS 0x00000000cf700000, 0x00000000cf700000| Untracked 
| 248|0x00000000cf800000, 0x00000000cf800000, 0x00000000cf900000|  0%| F|  |TAMS 0x00000000cf800000, 0x00000000cf800000| Untracked 
| 249|0x00000000cf900000, 0x00000000cf900000, 0x00000000cfa00000|  0%| F|  |TAMS 0x00000000cf900000, 0x00000000cf900000| Untracked 
| 250|0x00000000cfa00000, 0x00000000cfa00000, 0x00000000cfb00000|  0%| F|  |TAMS 0x00000000cfa00000, 0x00000000cfa00000| Untracked 
| 251|0x00000000cfb00000, 0x00000000cfb00000, 0x00000000cfc00000|  0%| F|  |TAMS 0x00000000cfb00000, 0x00000000cfb00000| Untracked 
| 252|0x00000000cfc00000, 0x00000000cfc00000, 0x00000000cfd00000|  0%| F|  |TAMS 0x00000000cfc00000, 0x00000000cfc00000| Untracked 
| 253|0x00000000cfd00000, 0x00000000cfd00000, 0x00000000cfe00000|  0%| F|  |TAMS 0x00000000cfd00000, 0x00000000cfd00000| Untracked 
| 254|0x00000000cfe00000, 0x00000000cfe00000, 0x00000000cff00000|  0%| F|  |TAMS 0x00000000cfe00000, 0x00000000cfe00000| Untracked 
| 255|0x00000000cff00000, 0x00000000cff00000, 0x00000000d0000000|  0%| F|  |TAMS 0x00000000cff00000, 0x00000000cff00000| Untracked 
| 256|0x00000000d0000000, 0x00000000d0000000, 0x00000000d0100000|  0%| F|  |TAMS 0x00000000d0000000, 0x00000000d0000000| Untracked 
| 257|0x00000000d0100000, 0x00000000d0100000, 0x00000000d0200000|  0%| F|  |TAMS 0x00000000d0100000, 0x00000000d0100000| Untracked 
| 258|0x00000000d0200000, 0x00000000d0200000, 0x00000000d0300000|  0%| F|  |TAMS 0x00000000d0200000, 0x00000000d0200000| Untracked 
| 259|0x00000000d0300000, 0x00000000d0300000, 0x00000000d0400000|  0%| F|  |TAMS 0x00000000d0300000, 0x00000000d0300000| Untracked 
| 260|0x00000000d0400000, 0x00000000d0400000, 0x00000000d0500000|  0%| F|  |TAMS 0x00000000d0400000, 0x00000000d0400000| Untracked 
| 261|0x00000000d0500000, 0x00000000d0500000, 0x00000000d0600000|  0%| F|  |TAMS 0x00000000d0500000, 0x00000000d0500000| Untracked 
| 262|0x00000000d0600000, 0x00000000d0600000, 0x00000000d0700000|  0%| F|  |TAMS 0x00000000d0600000, 0x00000000d0600000| Untracked 
| 263|0x00000000d0700000, 0x00000000d0700000, 0x00000000d0800000|  0%| F|  |TAMS 0x00000000d0700000, 0x00000000d0700000| Untracked 
| 264|0x00000000d0800000, 0x00000000d0900000, 0x00000000d0900000|100%| E|  |TAMS 0x00000000d0800000, 0x00000000d0800000| Complete 
| 265|0x00000000d0900000, 0x00000000d0a00000, 0x00000000d0a00000|100%| E|CS|TAMS 0x00000000d0900000, 0x00000000d0900000| Complete 
| 266|0x00000000d0a00000, 0x00000000d0b00000, 0x00000000d0b00000|100%| E|CS|TAMS 0x00000000d0a00000, 0x00000000d0a00000| Complete 
| 267|0x00000000d0b00000, 0x00000000d0c00000, 0x00000000d0c00000|100%| E|CS|TAMS 0x00000000d0b00000, 0x00000000d0b00000| Complete 
|1022|0x00000000ffe00000, 0x00000000ffe75000, 0x00000000fff00000| 45%|OA|  |TAMS 0x00000000ffe75000, 0x00000000ffe00000| Untracked 
|1023|0x00000000fff00000, 0x00000000fff78000, 0x0000000100000000| 46%|CA|  |TAMS 0x00000000fff78000, 0x00000000fff00000| Untracked 

Card table byte_map: [0x000077d907400000,0x000077d907600000] _byte_map_base: 0x000077d906e00000

Marking Bits (Prev, Next): (CMBitMap*) 0x000000003e54a940, (CMBitMap*) 0x000000003e54a980
 Prev Bits: [0x000077d8fd600000, 0x000077d8fe600000)
 Next Bits: [0x000077d8fc600000, 0x000077d8fd600000)

Polling page: 0x000077d9e917a000

Metaspace:

Usage:
  Non-class:      8.63 MB used.
      Class:      1.47 MB used.
       Both:     10.10 MB used.

Virtual space:
  Non-class space:       64.00 MB reserved,       8.75 MB ( 14%) committed,  1 nodes.
      Class space:        1.00 GB reserved,       1.56 MB ( <1%) committed,  1 nodes.
             Both:        1.06 GB reserved,      10.31 MB ( <1%) committed. 

Chunk freelists:
   Non-Class:  6.03 MB
       Class:  14.45 MB
        Both:  20.48 MB

MaxMetaspaceSize: unlimited
CompressedClassSpaceSize: 1.00 GB
Initial GC threshold: 21.00 MB
Current GC threshold: 21.00 MB
CDS: on
MetaspaceReclaimPolicy: balanced
 - commit_granule_bytes: 65536.
 - commit_granule_words: 8192.
 - virtual_space_node_default_size: 8388608.
 - enlarge_chunks_in_place: 1.
 - new_chunks_are_fully_committed: 0.
 - uncommit_free_chunks: 1.
 - use_allocation_guard: 0.
 - handle_deallocations: 1.


Internal statistics:

num_allocs_failed_limit: 0.
num_arena_births: 128.
num_arena_deaths: 0.
num_vsnodes_births: 2.
num_vsnodes_deaths: 0.
num_space_committed: 165.
num_space_uncommitted: 0.
num_chunks_returned_to_freelist: 0.
num_chunks_taken_from_freelist: 416.
num_chunk_merges: 0.
num_chunk_splits: 312.
num_chunks_enlarged: 264.
num_inconsistent_stats: 0.

CodeHeap 'non-profiled nmethods': size=120028Kb used=3150Kb max_used=3237Kb free=116877Kb
 bounds [0x000077d87cec9000, 0x000077d87d1f9000, 0x000077d884400000]
CodeHeap 'profiled nmethods': size=120028Kb used=4055Kb max_used=6205Kb free=115972Kb
 bounds [0x000077d875400000, 0x000077d875a10000, 0x000077d87c937000]
CodeHeap 'non-nmethods': size=5704Kb used=1146Kb max_used=1238Kb free=4557Kb
 bounds [0x000077d87c937000, 0x000077d87cba7000, 0x000077d87cec9000]
 total_blobs=3458 nmethods=3035 adapters=335
 compilation: enabled
              stopped_count=0, restarted_count=0
 full_count=0

Compilation events (20 events):
Event: 84.594 Thread 0x00000000485991d0 4023       4       java.util.Arrays::sort (37 bytes)
Event: 84.595 Thread 0x00000000485991d0 nmethod 4023 0x000077d87d0f3090 code [0x000077d87d0f3220, 0x000077d87d0f32e8]
Event: 88.909 Thread 0x000000004859aa00 4024       3       java.util.TimSort::sort (229 bytes)
Event: 88.909 Thread 0x000000004859aa00 nmethod 4024 0x000077d8756d0190 code [0x000077d8756d03e0, 0x000077d8756d0ad8]
Event: 89.054 Thread 0x00000000485991d0 4025       4       java.util.TimSort::sort (229 bytes)
Event: 89.059 Thread 0x00000000485991d0 nmethod 4025 0x000077d87cf60110 code [0x000077d87cf60320, 0x000077d87cf60fe0]
Event: 111.487 Thread 0x000000004859aa00 4026       3       java.util.regex.Pattern$Loop::match (196 bytes)
Event: 111.487 Thread 0x000000004859aa00 nmethod 4026 0x000077d875592290 code [0x000077d8755924e0, 0x000077d875592dd8]
Event: 111.487 Thread 0x000000004859aa00 4027       3       java.util.regex.IntHashSet::contains (44 bytes)
Event: 111.487 Thread 0x000000004859aa00 nmethod 4027 0x000077d875475a10 code [0x000077d875475bc0, 0x000077d875475e78]
Event: 175.983 Thread 0x000000004859aa00 4028       3       java.util.regex.IntHashSet::add (111 bytes)
Event: 175.983 Thread 0x000000004859aa00 nmethod 4028 0x000077d875655e10 code [0x000077d875655fe0, 0x000077d875656348]
Event: 177.926 Thread 0x00000000485991d0 4029       4       java.util.regex.Pattern$BmpCharPredicate$$Lambda$49/0x000077d82006f718::is (15 bytes)
Event: 177.928 Thread 0x00000000485991d0 nmethod 4029 0x000077d87cfecd90 code [0x000077d87cfecf60, 0x000077d87cfed438]
Event: 177.928 Thread 0x00000000485991d0 4031       4       java.util.regex.Pattern$BmpCharPredicate$$Lambda$20/0x80000002b::is (15 bytes)
Event: 177.929 Thread 0x00000000485991d0 nmethod 4031 0x000077d87d0f2c90 code [0x000077d87d0f2e20, 0x000077d87d0f2f58]
Event: 177.929 Thread 0x00000000485991d0 4030       4       java.util.regex.Pattern$BmpCharPredicate::lambda$union$3 (26 bytes)
Event: 177.930 Thread 0x00000000485991d0 nmethod 4030 0x000077d87cfec310 code [0x000077d87cfec4e0, 0x000077d87cfec958]
Event: 491.251 Thread 0x00000000485991d0 4032       4       java.lang.ref.ReferenceQueue::reallyPoll (65 bytes)
Event: 491.253 Thread 0x00000000485991d0 nmethod 4032 0x000077d87cfebe10 code [0x000077d87cfebfa0, 0x000077d87cfec298]

GC Heap History (20 events):
Event: 217.450 GC heap before
{Heap before GC invocations=1232 (full 3):
 garbage-first heap   total 276480K, used 242415K [0x00000000c0000000, 0x0000000100000000)
  region size 1024K, 160 young (163840K), 1 survivors (1024K)
 Metaspace       used 10340K, committed 10560K, reserved 1114112K
  class space    used 1507K, committed 1600K, reserved 1048576K
}
Event: 217.450 GC heap after
{Heap after GC invocations=1233 (full 3):
 garbage-first heap   total 276480K, used 79798K [0x00000000c0000000, 0x0000000100000000)
  region size 1024K, 1 young (1024K), 1 survivors (1024K)
 Metaspace       used 10340K, committed 10560K, reserved 1114112K
  class space    used 1507K, committed 1600K, reserved 1048576K
}
Event: 217.618 GC heap before
{Heap before GC invocations=1233 (full 3):
 garbage-first heap   total 276480K, used 242614K [0x00000000c0000000, 0x0000000100000000)
  region size 1024K, 160 young (163840K), 1 survivors (1024K)
 Metaspace       used 10340K, committed 10560K, reserved 1114112K
  class space    used 1507K, committed 1600K, reserved 1048576K
}
Event: 217.618 GC heap after
{Heap after GC invocations=1234 (full 3):
 garbage-first heap   total 276480K, used 79611K [0x00000000c0000000, 0x0000000100000000)
  region size 1024K, 1 young (1024K), 1 survivors (1024K)
 Metaspace       used 10340K, committed 10560K, reserved 1114112K
  class space    used 1507K, committed 1600K, reserved 1048576K
}
Event: 217.828 GC heap before
{Heap before GC invocations=1234 (full 3):
 garbage-first heap   total 276480K, used 242427K [0x00000000c0000000, 0x0000000100000000)
  region size 1024K, 160 young (163840K), 1 survivors (1024K)
 Metaspace       used 10340K, committed 10560K, reserved 1114112K
  class space    used 1507K, committed 1600K, reserved 1048576K
}
Event: 217.829 GC heap after
{Heap after GC invocations=1235 (full 3):
 garbage-first heap   total 276480K, used 79586K [0x00000000c0000000, 0x0000000100000000)
  region size 1024K, 1 young (1024K), 1 survivors (1024K)
 Metaspace       used 10340K, committed 10560K, reserved 1114112K
  class space    used 1507K, committed 1600K, reserved 1048576K
}
Event: 218.046 GC heap before
{Heap before GC invocations=1235 (full 3):
 garbage-first heap   total 276480K, used 242402K [0x00000000c0000000, 0x0000000100000000)
  region size 1024K, 160 young (163840K), 1 survivors (1024K)
 Metaspace       used 10340K, committed 10560K, reserved 1114112K
  class space    used 1507K, committed 1600K, reserved 1048576K
}
Event: 218.047 GC heap after
{Heap after GC invocations=1236 (full 3):
 garbage-first heap   total 276480K, used 79590K [0x00000000c0000000, 0x0000000100000000)
  region size 1024K, 1 young (1024K), 1 survivors (1024K)
 Metaspace       used 10340K, committed 10560K, reserved 1114112K
  class space    used 1507K, committed 1600K, reserved 1048576K
}
Event: 218.264 GC heap before
{Heap before GC invocations=1236 (full 3):
 garbage-first heap   total 276480K, used 242406K [0x00000000c0000000, 0x0000000100000000)
  region size 1024K, 160 young (163840K), 1 survivors (1024K)
 Metaspace       used 10340K, committed 10560K, reserved 1114112K
  class space    used 1507K, committed 1600K, reserved 1048576K
}
Event: 218.265 GC heap after
{Heap after GC invocations=1237 (full 3):
 garbage-first heap   total 276480K, used 79604K [0x00000000c0000000, 0x0000000100000000)
  region size 1024K, 1 young (1024K), 1 survivors (1024K)
 Metaspace       used 10340K, committed 10560K, reserved 1114112K
  class space    used 1507K, committed 1600K, reserved 1048576K
}
Event: 218.464 GC heap before
{Heap before GC invocations=1237 (full 3):
 garbage-first heap   total 276480K, used 242420K [0x00000000c0000000, 0x0000000100000000)
  region size 1024K, 160 young (163840K), 1 survivors (1024K)
 Metaspace       used 10340K, committed 10560K, reserved 1114112K
  class space    used 1507K, committed 1600K, reserved 1048576K
}
Event: 218.465 GC heap after
{Heap after GC invocations=1238 (full 3):
 garbage-first heap   total 276480K, used 79590K [0x00000000c0000000, 0x0000000100000000)
  region size 1024K, 1 young (1024K), 1 survivors (1024K)
 Metaspace       used 10340K, committed 10560K, reserved 1114112K
  class space    used 1507K, committed 1600K, reserved 1048576K
}
Event: 218.677 GC heap before
{Heap before GC invocations=1238 (full 3):
 garbage-first heap   total 276480K, used 242406K [0x00000000c0000000, 0x0000000100000000)
  region size 1024K, 160 young (163840K), 1 survivors (1024K)
 Metaspace       used 10340K, committed 10560K, reserved 1114112K
  class space    used 1507K, committed 1600K, reserved 1048576K
}
Event: 218.678 GC heap after
{Heap after GC invocations=1239 (full 3):
 garbage-first heap   total 276480K, used 79594K [0x00000000c0000000, 0x0000000100000000)
  region size 1024K, 1 young (1024K), 1 survivors (1024K)
 Metaspace       used 10340K, committed 10560K, reserved 1114112K
  class space    used 1507K, committed 1600K, reserved 1048576K
}
Event: 218.889 GC heap before
{Heap before GC invocations=1239 (full 3):
 garbage-first heap   total 276480K, used 242410K [0x00000000c0000000, 0x0000000100000000)
  region size 1024K, 160 young (163840K), 1 survivors (1024K)
 Metaspace       used 10340K, committed 10560K, reserved 1114112K
  class space    used 1507K, committed 1600K, reserved 1048576K
}
Event: 218.890 GC heap after
{Heap after GC invocations=1240 (full 3):
 garbage-first heap   total 276480K, used 79594K [0x00000000c0000000, 0x0000000100000000)
  region size 1024K, 1 young (1024K), 1 survivors (1024K)
 Metaspace       used 10340K, committed 10560K, reserved 1114112K
  class space    used 1507K, committed 1600K, reserved 1048576K
}
Event: 219.094 GC heap before
{Heap before GC invocations=1240 (full 3):
 garbage-first heap   total 276480K, used 242410K [0x00000000c0000000, 0x0000000100000000)
  region size 1024K, 160 young (163840K), 1 survivors (1024K)
 Metaspace       used 10340K, committed 10560K, reserved 1114112K
  class space    used 1507K, committed 1600K, reserved 1048576K
}
Event: 219.095 GC heap after
{Heap after GC invocations=1241 (full 3):
 garbage-first heap   total 276480K, used 79596K [0x00000000c0000000, 0x0000000100000000)
  region size 1024K, 1 young (1024K), 1 survivors (1024K)
 Metaspace       used 10340K, committed 10560K, reserved 1114112K
  class space    used 1507K, committed 1600K, reserved 1048576K
}
Event: 219.299 GC heap before
{Heap before GC invocations=1241 (full 3):
 garbage-first heap   total 276480K, used 242412K [0x00000000c0000000, 0x0000000100000000)
  region size 1024K, 160 young (163840K), 1 survivors (1024K)
 Metaspace       used 10340K, committed 10560K, reserved 1114112K
  class space    used 1507K, committed 1600K, reserved 1048576K
}
Event: 219.300 GC heap after
{Heap after GC invocations=1242 (full 3):
 garbage-first heap   total 276480K, used 79602K [0x00000000c0000000, 0x0000000100000000)
  region size 1024K, 1 young (1024K), 1 survivors (1024K)
 Metaspace       used 10340K, committed 10560K, reserved 1114112K
  class space    used 1507K, committed 1600K, reserved 1048576K
}

Dll operation events (7 events):
Event: 0.004 Loaded shared library /usr/lib/jvm/java-17-openjdk-amd64/lib/libjava.so
Event: 0.015 Loaded shared library /usr/lib/jvm/java-17-openjdk-amd64/lib/libjsvml.so
Event: 0.023 Loaded shared library /usr/lib/jvm/java-17-openjdk-amd64/lib/libnio.so
Event: 0.024 Loaded shared library /usr/lib/jvm/java-17-openjdk-amd64/lib/libzip.so
Event: 0.040 Loaded shared library /home/thkim0/venv/v1/lib/python3.10/site-packages/_jpype.so
Event: 0.057 Loaded shared library /usr/lib/jvm/java-17-openjdk-amd64/lib/libjimage.so
Event: 0.501 Loaded shared library /usr/lib/jvm/java-17-openjdk-amd64/lib/libverify.so

Deoptimization events (20 events):
Event: 177.926 Thread 0x000000003ada6a60 Uncommon trap: trap_request=0xffffff66 fr.pc=0x000077d87d189570 relative=0x00000000000001d0
Event: 177.926 Thread 0x000000003ada6a60 Uncommon trap: reason=speculate_class_check action=maybe_recompile pc=0x000077d87d189570 method=java.util.regex.Pattern$BmpCharPredicate.lambda$union$3(Ljava/util/regex/Pattern$CharPredicate;I)Z @ 2 c2
Event: 177.926 Thread 0x000000003ada6a60 DEOPT PACKING pc=0x000077d87d189570 sp=0x00007fffc091c370
Event: 177.926 Thread 0x000000003ada6a60 DEOPT UNPACKING pc=0x000077d87c98d6a1 sp=0x00007fffc091c2a8 mode 2
Event: 177.926 Thread 0x000000003ada6a60 Uncommon trap: trap_request=0xffffffc6 fr.pc=0x000077d87d194e60 relative=0x0000000000000140
Event: 177.926 Thread 0x000000003ada6a60 Uncommon trap: reason=bimorphic_or_optimized_type_check action=maybe_recompile pc=0x000077d87d194e60 method=java.util.regex.Pattern$BmpCharPredicate.lambda$union$2(Ljava/util/regex/Pattern$CharPredicate;I)Z @ 12 c2
Event: 177.926 Thread 0x000000003ada6a60 DEOPT PACKING pc=0x000077d87d194e60 sp=0x00007fffc091c280
Event: 177.926 Thread 0x000000003ada6a60 DEOPT UNPACKING pc=0x000077d87c98d6a1 sp=0x00007fffc091c1c8 mode 2
Event: 177.926 Thread 0x000000003ada6a60 Uncommon trap: trap_request=0xffffff66 fr.pc=0x000077d87d189570 relative=0x00000000000001d0
Event: 177.926 Thread 0x000000003ada6a60 Uncommon trap: reason=speculate_class_check action=maybe_recompile pc=0x000077d87d189570 method=java.util.regex.Pattern$BmpCharPredicate.lambda$union$3(Ljava/util/regex/Pattern$CharPredicate;I)Z @ 2 c2
Event: 177.926 Thread 0x000000003ada6a60 DEOPT PACKING pc=0x000077d87d189570 sp=0x00007fffc091c370
Event: 177.926 Thread 0x000000003ada6a60 DEOPT UNPACKING pc=0x000077d87c98d6a1 sp=0x00007fffc091c2a8 mode 2
Event: 177.926 Thread 0x000000003ada6a60 Uncommon trap: trap_request=0xffffffc6 fr.pc=0x000077d87d194e60 relative=0x0000000000000140
Event: 177.926 Thread 0x000000003ada6a60 Uncommon trap: reason=bimorphic_or_optimized_type_check action=maybe_recompile pc=0x000077d87d194e60 method=java.util.regex.Pattern$BmpCharPredicate.lambda$union$2(Ljava/util/regex/Pattern$CharPredicate;I)Z @ 12 c2
Event: 177.926 Thread 0x000000003ada6a60 DEOPT PACKING pc=0x000077d87d194e60 sp=0x00007fffc091c420
Event: 177.926 Thread 0x000000003ada6a60 DEOPT UNPACKING pc=0x000077d87c98d6a1 sp=0x00007fffc091c368 mode 2
Event: 219.420 Thread 0x000000003ada6a60 Uncommon trap: trap_request=0xffffff45 fr.pc=0x000077d87d1ac894 relative=0x0000000000000434
Event: 219.420 Thread 0x000000003ada6a60 Uncommon trap: reason=unstable_if action=reinterpret pc=0x000077d87d1ac894 method=org.jpype.JPypeContext.clearInterrupt(Z)V @ 23 c2
Event: 219.420 Thread 0x000000003ada6a60 DEOPT PACKING pc=0x000077d87d1ac894 sp=0x00007fffc091cc70
Event: 219.420 Thread 0x000000003ada6a60 DEOPT UNPACKING pc=0x000077d87c98d6a1 sp=0x00007fffc091cbe0 mode 2

Classes loaded (20 events):
Event: 1.034 Loading class java/util/Vector
Event: 1.034 Loading class java/util/Vector done
Event: 1.034 Loading class java/util/Vector$1
Event: 1.034 Loading class java/util/Vector$1 done
Event: 1.034 Loading class java/io/EOFException
Event: 1.034 Loading class java/io/EOFException done
Event: 1.062 Loading class java/lang/SafeVarargs
Event: 1.062 Loading class java/lang/SafeVarargs done
Event: 1.064 Loading class java/util/AbstractList$Itr
Event: 1.064 Loading class java/util/AbstractList$Itr done
Event: 1.064 Loading class java/util/AbstractList$ListItr
Event: 1.064 Loading class java/util/AbstractList$ListItr done
Event: 1.064 Loading class java/util/AbstractList$RandomAccessSubList
Event: 1.064 Loading class java/util/AbstractList$SubList
Event: 1.064 Loading class java/util/AbstractList$SubList done
Event: 1.064 Loading class java/util/AbstractList$RandomAccessSubList done
Event: 1.064 Loading class java/util/ArrayList$ListItr
Event: 1.064 Loading class java/util/ArrayList$ListItr done
Event: 219.315 Loading class jdk/internal/misc/Signal$1
Event: 219.316 Loading class jdk/internal/misc/Signal$1 done

Classes unloaded (0 events):
No events

Classes redefined (0 events):
No events

Internal exceptions (20 events):
Event: 0.488 Thread 0x000000003ada6a60 Exception <a 'java/lang/NoSuchMethodError'{0x00000000c15fab68}: 'java.lang.Object java.lang.invoke.DirectMethodHandle$Holder.invokeStaticInit(java.lang.Object, java.lang.Object, java.lang.Object)'> (0x00000000c15fab68) 
thrown [./src/hotspot/share/interpreter/linkResolver.cpp, line 758]
Event: 0.513 Thread 0x000000003ada6a60 Exception <a 'java/lang/NoSuchMethodError'{0x00000000c1290a28}: 'int java.lang.invoke.DirectMethodHandle$Holder.invokeStatic(java.lang.Object, java.lang.Object, int)'> (0x00000000c1290a28) 
thrown [./src/hotspot/share/interpreter/linkResolver.cpp, line 758]
Event: 0.521 Thread 0x000000003ada6a60 Exception <a 'java/lang/NoSuchMethodError'{0x00000000c1e6eba8}: 'java.lang.Object java.lang.invoke.DirectMethodHandle$Holder.newInvokeSpecial(java.lang.Object, java.lang.Object, java.lang.Object, java.lang.Object, java.lang.Object)'> (0x00000000c1e6eba8) 
thrown [./src/hotspot/share/interpreter/linkResolver.cpp, line 758]
Event: 0.526 Thread 0x000000003ada6a60 Exception <a 'java/lang/NoSuchMethodError'{0x00000000c1eb1770}: 'java.lang.Object java.lang.invoke.DirectMethodHandle$Holder.invokeStatic(java.lang.Object, java.lang.Object, int, java.lang.Object, java.lang.Object)'> (0x00000000c1eb1770) 
thrown [./src/hotspot/share/interpreter/linkResolver.cpp, line 758]
Event: 0.526 Thread 0x000000003ada6a60 Exception <a 'java/lang/NoSuchMethodError'{0x00000000c1ebb7f0}: 'java.lang.Object java.lang.invoke.DirectMethodHandle$Holder.newInvokeSpecial(java.lang.Object, java.lang.Object, int, java.lang.Object)'> (0x00000000c1ebb7f0) 
thrown [./src/hotspot/share/interpreter/linkResolver.cpp, line 758]
Event: 0.527 Thread 0x000000003ada6a60 Exception <a 'java/lang/NoSuchMethodError'{0x00000000c1ebf668}: 'java.lang.Object java.lang.invoke.DirectMethodHandle$Holder.invokeSpecial(java.lang.Object, java.lang.Object, java.lang.Object, int, java.lang.Object)'> (0x00000000c1ebf668) 
thrown [./src/hotspot/share/interpreter/linkResolver.cpp, line 758]
Event: 0.533 Thread 0x000000003ada6a60 Exception <a 'java/lang/NoSuchMethodError'{0x00000000c1d7bc08}: 'java.lang.Object java.lang.invoke.DirectMethodHandle$Holder.invokeStaticInit(java.lang.Object, java.lang.Object, java.lang.Object, java.lang.Object)'> (0x00000000c1d7bc08) 
thrown [./src/hotspot/share/interpreter/linkResolver.cpp, line 758]
Event: 0.536 Thread 0x000000003ada6a60 Exception <a 'java/lang/NoSuchMethodError'{0x00000000c1deec40}: 'void java.lang.invoke.DirectMethodHandle$Holder.invokeStatic(java.lang.Object, java.lang.Object)'> (0x00000000c1deec40) 
thrown [./src/hotspot/share/interpreter/linkResolver.cpp, line 758]
Event: 0.637 Thread 0x000000003ada6a60 Exception <a 'java/lang/NoSuchMethodError'{0x00000000d08543c0}: 'java.lang.Object java.lang.invoke.DirectMethodHandle$Holder.invokeStatic(java.lang.Object, java.lang.Object, int, java.lang.Object)'> (0x00000000d08543c0) 
thrown [./src/hotspot/share/interpreter/linkResolver.cpp, line 758]
Event: 0.637 Thread 0x000000003ada6a60 Exception <a 'java/lang/NoSuchMethodError'{0x00000000d085cd10}: 'java.lang.Object java.lang.invoke.DirectMethodHandle$Holder.newInvokeSpecial(java.lang.Object, java.lang.Object, int)'> (0x00000000d085cd10) 
thrown [./src/hotspot/share/interpreter/linkResolver.cpp, line 758]
Event: 0.640 Thread 0x000000003ada6a60 Exception <a 'java/lang/NoSuchMethodError'{0x00000000d0882740}: 'java.lang.Object java.lang.invoke.DirectMethodHandle$Holder.invokeStatic(java.lang.Object, int, java.lang.Object)'> (0x00000000d0882740) 
thrown [./src/hotspot/share/interpreter/linkResolver.cpp, line 758]
Event: 0.954 Thread 0x000000003ada6a60 Exception <a 'java/lang/NoSuchMethodError'{0x00000000c9b598d0}: 'java.lang.Object java.lang.invoke.DirectMethodHandle$Holder.newInvokeSpecial(java.lang.Object, java.lang.Object, java.lang.Object, java.lang.Object, java.lang.Object, int)'> (0x00000000c9b598d0) 
thrown [./src/hotspot/share/interpreter/linkResolver.cpp, line 758]
Event: 0.955 Thread 0x000000003ada6a60 Exception <a 'java/lang/NoSuchMethodError'{0x00000000c9b5df38}: 'java.lang.Object java.lang.invoke.DirectMethodHandle$Holder.invokeSpecial(java.lang.Object, java.lang.Object, java.lang.Object, java.lang.Object, java.lang.Object, java.lang.Object, int)'> (0x00000000c9b5df38) 
thrown [./src/hotspot/share/interpreter/linkResolver.cpp, line 758]
Event: 0.965 Thread 0x000000003ada6a60 Exception <a 'java/lang/NoSuchMethodError'{0x00000000c9a952b8}: 'java.lang.Object java.lang.invoke.DirectMethodHandle$Holder.newInvokeSpecial(java.lang.Object, java.lang.Object, java.lang.Object, java.lang.Object, int, java.lang.Object)'> (0x00000000c9a952b8) 
thrown [./src/hotspot/share/interpreter/linkResolver.cpp, line 758]
Event: 0.965 Thread 0x000000003ada6a60 Exception <a 'java/lang/NoSuchMethodError'{0x00000000c9a99590}: 'java.lang.Object java.lang.invoke.DirectMethodHandle$Holder.invokeSpecial(java.lang.Object, java.lang.Object, java.lang.Object, java.lang.Object, java.lang.Object, int, java.lang.Object)'> (0x00000000c9a99590) 
thrown [./src/hotspot/share/interpreter/linkResolver.cpp, line 758]
Event: 0.972 Thread 0x000000003ada6a60 Exception <a 'java/lang/NoSuchMethodError'{0x00000000c9ad9780}: 'java.lang.Object java.lang.invoke.DirectMethodHandle$Holder.invokeStaticInit(java.lang.Object, java.lang.Object, java.lang.Object, java.lang.Object, java.lang.Object)'> (0x00000000c9ad9780) 
thrown [./src/hotspot/share/interpreter/linkResolver.cpp, line 758]
Event: 0.972 Thread 0x000000003ada6a60 Exception <a 'java/lang/NoSuchMethodError'{0x00000000c9ae0748}: 'java.lang.Object java.lang.invoke.Invokers$Holder.invoke_MT(java.lang.Object, java.lang.Object, java.lang.Object, java.lang.Object, java.lang.Object, java.lang.Object)'> (0x00000000c9ae0748) 
thrown [./src/hotspot/share/interpreter/linkResolver.cpp, line 758]
Event: 0.973 Thread 0x000000003ada6a60 Exception <a 'java/lang/NoSuchMethodError'{0x00000000c9ae94f8}: 'java.lang.Object java.lang.invoke.Invokers$Holder.invoker(java.lang.Object, java.lang.Object, java.lang.Object)'> (0x00000000c9ae94f8) 
thrown [./src/hotspot/share/interpreter/linkResolver.cpp, line 758]
Event: 0.973 Thread 0x000000003ada6a60 Exception <a 'java/lang/NoSuchMethodError'{0x00000000c9af2318}: 'java.lang.Object java.lang.invoke.Invokers$Holder.invokeExact_MT(java.lang.Object, java.lang.Object, java.lang.Object, java.lang.Object)'> (0x00000000c9af2318) 
thrown [./src/hotspot/share/interpreter/linkResolver.cpp, line 758]
Event: 219.420 Thread 0x000000003ada6a60 Exception <a 'java/lang/InterruptedException'{0x00000000d09180d0}: sleep interrupted> (0x00000000d09180d0) 
thrown [./src/hotspot/share/prims/jvm.cpp, line 3038]

VM Operations (20 events):
Event: 217.618 Executing VM operation: G1CollectForAllocation
Event: 217.618 Executing VM operation: G1CollectForAllocation done
Event: 217.828 Executing VM operation: G1CollectForAllocation
Event: 217.829 Executing VM operation: G1CollectForAllocation done
Event: 218.046 Executing VM operation: G1CollectForAllocation
Event: 218.047 Executing VM operation: G1CollectForAllocation done
Event: 218.264 Executing VM operation: G1CollectForAllocation
Event: 218.265 Executing VM operation: G1CollectForAllocation done
Event: 218.464 Executing VM operation: G1CollectForAllocation
Event: 218.465 Executing VM operation: G1CollectForAllocation done
Event: 218.677 Executing VM operation: G1CollectForAllocation
Event: 218.678 Executing VM operation: G1CollectForAllocation done
Event: 218.889 Executing VM operation: G1CollectForAllocation
Event: 218.890 Executing VM operation: G1CollectForAllocation done
Event: 219.094 Executing VM operation: G1CollectForAllocation
Event: 219.095 Executing VM operation: G1CollectForAllocation done
Event: 219.299 Executing VM operation: G1CollectForAllocation
Event: 219.300 Executing VM operation: G1CollectForAllocation done
Event: 220.300 Executing VM operation: Cleanup
Event: 220.300 Executing VM operation: Cleanup done

Memory protections (20 events):
Event: 0.004 Protecting memory [0x00007fffc0824000,0x00007fffc0828000] with protection modes 0
Event: 0.016 Protecting memory [0x000077d907100000,0x000077d907104000] with protection modes 0
Event: 0.016 Protecting memory [0x000077d907000000,0x000077d907004000] with protection modes 0
Event: 0.017 Protecting memory [0x000077d906d00000,0x000077d906d04000] with protection modes 0
Event: 0.018 Protecting memory [0x000077d906c00000,0x000077d906c04000] with protection modes 0
Event: 0.018 Protecting memory [0x000077d906b00000,0x000077d906b04000] with protection modes 0
Event: 0.018 Protecting memory [0x000077d906a00000,0x000077d906a04000] with protection modes 0
Event: 0.018 Protecting memory [0x000077d906900000,0x000077d906904000] with protection modes 0
Event: 0.018 Protecting memory [0x000077d906800000,0x000077d906804000] with protection modes 0
Event: 0.020 Protecting memory [0x000077d905fe9000,0x000077d905fed000] with protection modes 0
Event: 0.022 Protecting memory [0x000077d905de8000,0x000077d905dec000] with protection modes 0
Event: 0.048 Protecting memory [0x000077d9e79fc000,0x000077d9e79fd000] with protection modes 1
Event: 0.054 Protecting memory [0x000077d905ce8000,0x000077d905cec000] with protection modes 0
Event: 0.177 Protecting memory [0x000077d904d21000,0x000077d904d25000] with protection modes 0
Event: 0.188 Protecting memory [0x000077d904c21000,0x000077d904c25000] with protection modes 0
Event: 2.733 Protecting memory [0x000077d904d21000,0x000077d904d25000] with protection modes 0
Event: 2.794 Protecting memory [0x000077d904c21000,0x000077d904c25000] with protection modes 0
Event: 4.736 Protecting memory [0x000077d904d21000,0x000077d904d25000] with protection modes 0
Event: 219.316 Protecting memory [0x000077d904d21000,0x000077d904d25000] with protection modes 0
Event: 763.088 Protecting memory [0x000077d904d21000,0x000077d904d25000] with protection modes 0

Nmethod flushes (20 events):
Event: 2.921 Thread 0x00000000485a4160 flushing  nmethod 0x000077d87599ab10
Event: 2.921 Thread 0x00000000485a4160 flushing  nmethod 0x000077d87599d390
Event: 2.921 Thread 0x00000000485a4160 flushing  nmethod 0x000077d87599d710
Event: 2.921 Thread 0x00000000485a4160 flushing  nmethod 0x000077d8759a1b10
Event: 2.921 Thread 0x00000000485a4160 flushing  nmethod 0x000077d8759a2410
Event: 2.921 Thread 0x00000000485a4160 flushing  nmethod 0x000077d8759a5310
Event: 2.921 Thread 0x00000000485a4160 flushing  nmethod 0x000077d8759a6990
Event: 2.921 Thread 0x00000000485a4160 flushing osr nmethod 0x000077d8759a9290
Event: 2.921 Thread 0x00000000485a4160 flushing  nmethod 0x000077d8759a9910
Event: 2.921 Thread 0x00000000485a4160 flushing  nmethod 0x000077d8759ac490
Event: 2.921 Thread 0x00000000485a4160 flushing  nmethod 0x000077d8759acf10
Event: 2.921 Thread 0x00000000485a4160 flushing  nmethod 0x000077d8759bd510
Event: 2.921 Thread 0x00000000485a4160 flushing  nmethod 0x000077d8759bd890
Event: 2.921 Thread 0x00000000485a4160 flushing  nmethod 0x000077d8759be990
Event: 2.921 Thread 0x00000000485a4160 flushing  nmethod 0x000077d8759e7410
Event: 2.921 Thread 0x00000000485a4160 flushing  nmethod 0x000077d8759e9d10
Event: 2.921 Thread 0x00000000485a4160 flushing  nmethod 0x000077d8759ee110
Event: 2.921 Thread 0x00000000485a4160 flushing  nmethod 0x000077d8759f9a90
Event: 2.921 Thread 0x00000000485a4160 flushing  nmethod 0x000077d8759fda10
Event: 2.921 Thread 0x00000000485a4160 flushing  nmethod 0x000077d875a01e10

Events (20 events):
Event: 0.018 Thread 0x000000003ada6a60 Thread added: 0x00000000485975d0
Event: 0.018 Thread 0x000000003ada6a60 Thread added: 0x00000000485991d0
Event: 0.018 Thread 0x000000003ada6a60 Thread added: 0x000000004859aa00
Event: 0.018 Thread 0x000000003ada6a60 Thread added: 0x00000000485a4160
Event: 0.020 Thread 0x000000003ada6a60 Thread added: 0x00000000485aaf60
Event: 0.022 Thread 0x000000003ada6a60 Thread added: 0x00000000485ae6c0
Event: 0.054 Thread 0x000000003ada6a60 Thread added: 0x00000000486afb80
Event: 0.177 Thread 0x000000004859aa00 Thread added: 0x000077d8001d6ce0
Event: 0.188 Thread 0x000000004859aa00 Thread added: 0x000077d8001eace0
Event: 2.157 Thread 0x000077d8001eace0 Thread exited: 0x000077d8001eace0
Event: 2.288 Thread 0x000077d8001d6ce0 Thread exited: 0x000077d8001d6ce0
Event: 2.733 Thread 0x000000004859aa00 Thread added: 0x000077d8006382b0
Event: 2.794 Thread 0x000000004859aa00 Thread added: 0x000077d8006528e0
Event: 3.391 Thread 0x000077d8006528e0 Thread exited: 0x000077d8006528e0
Event: 3.391 Thread 0x000077d8006382b0 Thread exited: 0x000077d8006382b0
Event: 4.736 Thread 0x00000000485991d0 Thread added: 0x000077d7fc0e42b0
Event: 4.937 Thread 0x000077d7fc0e42b0 Thread exited: 0x000077d7fc0e42b0
Event: 219.316 Thread 0x0000000048594810 Thread added: 0x000077d8100011d0
Event: 219.316 Thread 0x000077d8100011d0 Thread exited: 0x000077d8100011d0
Event: 763.088 Thread 0x0000000048594810 Thread added: 0x000077d8100011b0


Dynamic libraries:
00400000-0041f000 r--p 00000000 08:30 58062                              /usr/bin/python3.10
0041f000-00689000 r-xp 0001f000 08:30 58062                              /usr/bin/python3.10
00689000-008bd000 r--p 00289000 08:30 58062                              /usr/bin/python3.10
008bd000-008be000 r--p 004bc000 08:30 58062                              /usr/bin/python3.10
008be000-008fe000 rw-p 004bd000 08:30 58062                              /usr/bin/python3.10
008fe000-00906000 rw-p 00000000 00:00 0 
2d02b000-496e3000 rw-p 00000000 00:00 0                                  [heap]
c0000000-d0c00000 rw-p 00000000 00:00 0 
d0c00000-ffe00000 ---p 00000000 00:00 0 
ffe00000-ffe75000 rw-p 00c77000 08:30 259095                             /usr/lib/jvm/java-17-openjdk-amd64/lib/server/classes.jsa
ffe75000-fff00000 rw-p 00000000 00:00 0 
fff00000-fff78000 rw-p 00bff000 08:30 259095                             /usr/lib/jvm/java-17-openjdk-amd64/lib/server/classes.jsa
fff78000-100000000 rw-p 00000000 00:00 0 
200000000-200600000 rw-s 00000000 00:01 1106                             /dev/zero (deleted)
200600000-202a00000 ---p 00000000 00:00 0 
202a00000-202c00000 rw-s 00000000 00:01 1112                             /dev/zero (deleted)
202c00000-203c00000 ---p 00000000 00:00 0 
203c00000-203e00000 rw-s 00000000 00:01 1145                             /dev/zero (deleted)
203e00000-204000000 ---p 00000000 00:00 0 
204000000-204200000 rw-s 00000000 00:01 1147                             /dev/zero (deleted)
204200000-204400000 rw-s 00000000 00:01 1148                             /dev/zero (deleted)
204400000-204800000 ---p 00000000 00:00 0 
204800000-204a00000 rw-s 00000000 00:01 1150                             /dev/zero (deleted)
204a00000-204c00000 rw-s 00000000 00:01 1151                             /dev/zero (deleted)
204c00000-204e00000 rw-s 00000000 00:01 13                               /dev/zero (deleted)
204e00000-205000000 rw-s 00000000 00:01 14                               /dev/zero (deleted)
205000000-205400000 rw-s 00000000 00:01 15                               /dev/zero (deleted)
205400000-f00000000 ---p 00000000 00:00 0 
77d7ac000000-77d7ac021000 rw-p 00000000 00:00 0 
77d7ac021000-77d7b0000000 ---p 00000000 00:00 0 
77d7b0000000-77d7b0021000 rw-p 00000000 00:00 0 
77d7b0021000-77d7b4000000 ---p 00000000 00:00 0 
77d7b4000000-77d7b4021000 rw-p 00000000 00:00 0 
77d7b4021000-77d7b8000000 ---p 00000000 00:00 0 
77d7b8000000-77d7b8021000 rw-p 00000000 00:00 0 
77d7b8021000-77d7bc000000 ---p 00000000 00:00 0 
77d7bc000000-77d7bc021000 rw-p 00000000 00:00 0 
77d7bc021000-77d7c0000000 ---p 00000000 00:00 0 
77d7c0000000-77d7c0021000 rw-p 00000000 00:00 0 
77d7c0021000-77d7c4000000 ---p 00000000 00:00 0 
77d7c4000000-77d7c5726000 rw-p 00000000 00:00 0 
77d7c5726000-77d7c8000000 ---p 00000000 00:00 0 
77d7c8000000-77d7c8021000 rw-p 00000000 00:00 0 
77d7c8021000-77d7cc000000 ---p 00000000 00:00 0 
77d7cc000000-77d7cc021000 rw-p 00000000 00:00 0 
77d7cc021000-77d7d0000000 ---p 00000000 00:00 0 
77d7d0000000-77d7d1142000 rw-p 00000000 00:00 0 
77d7d1142000-77d7d4000000 ---p 00000000 00:00 0 
77d7d4000000-77d7d4021000 rw-p 00000000 00:00 0 
77d7d4021000-77d7d8000000 ---p 00000000 00:00 0 
77d7d8000000-77d7d8021000 rw-p 00000000 00:00 0 
77d7d8021000-77d7dc000000 ---p 00000000 00:00 0 
77d7dc000000-77d7dc021000 rw-p 00000000 00:00 0 
77d7dc021000-77d7e0000000 ---p 00000000 00:00 0 
77d7e0000000-77d7e0021000 rw-p 00000000 00:00 0 
77d7e0021000-77d7e4000000 ---p 00000000 00:00 0 
77d7e4000000-77d7e4021000 rw-p 00000000 00:00 0 
77d7e4021000-77d7e8000000 ---p 00000000 00:00 0 
77d7e8000000-77d7e8021000 rw-p 00000000 00:00 0 
77d7e8021000-77d7ec000000 ---p 00000000 00:00 0 
77d7ec000000-77d7ec021000 rw-p 00000000 00:00 0 
77d7ec021000-77d7f0000000 ---p 00000000 00:00 0 
77d7f0000000-77d7f0021000 rw-p 00000000 00:00 0 
77d7f0021000-77d7f4000000 ---p 00000000 00:00 0 
77d7f4000000-77d7f4021000 rw-p 00000000 00:00 0 
77d7f4021000-77d7f8000000 ---p 00000000 00:00 0 
77d7f8000000-77d7f8021000 rw-p 00000000 00:00 0 
77d7f8021000-77d7fc000000 ---p 00000000 00:00 0 
77d7fc000000-77d7fe434000 rw-p 00000000 00:00 0 
77d7fe434000-77d800000000 ---p 00000000 00:00 0 
77d800000000-77d800655000 rw-p 00000000 00:00 0 
77d800655000-77d804000000 ---p 00000000 00:00 0 
77d804000000-77d804021000 rw-p 00000000 00:00 0 
77d804021000-77d808000000 ---p 00000000 00:00 0 
77d808000000-77d808021000 rw-p 00000000 00:00 0 
77d808021000-77d80c000000 ---p 00000000 00:00 0 
77d80c000000-77d80c021000 rw-p 00000000 00:00 0 
77d80c021000-77d810000000 ---p 00000000 00:00 0 
77d810000000-77d810021000 rw-p 00000000 00:00 0 
77d810021000-77d814000000 ---p 00000000 00:00 0 
77d814000000-77d814021000 rw-p 00000000 00:00 0 
77d814021000-77d818000000 ---p 00000000 00:00 0 
77d81b000000-77d81b2c0000 rw-p 00000000 00:00 0 
77d81b2c0000-77d81b400000 ---p 00000000 00:00 0 
77d81b400000-77d81ba00000 rw-p 00000000 00:00 0 
77d81ba00000-77d81f000000 ---p 00000000 00:00 0 
77d81f000000-77d81fbc7000 rw-p 00001000 08:30 259095                     /usr/lib/jvm/java-17-openjdk-amd64/lib/server/classes.jsa
77d81fbc7000-77d820000000 ---p 00000000 00:00 0 
77d820000000-77d820040000 rw-p 00000000 00:00 0 
77d820040000-77d820080000 rw-p 00000000 00:00 0 
77d820080000-77d820190000 rw-p 00000000 00:00 0 
77d820190000-77d860000000 ---p 00000000 00:00 0 
77d860000000-77d860021000 rw-p 00000000 00:00 0 
77d860021000-77d864000000 ---p 00000000 00:00 0 
77d864000000-77d865d33000 rw-p 00000000 00:00 0 
77d865d33000-77d868000000 ---p 00000000 00:00 0 
77d868000000-77d868021000 rw-p 00000000 00:00 0 
77d868021000-77d86c000000 ---p 00000000 00:00 0 
77d86c000000-77d86c021000 rw-p 00000000 00:00 0 
77d86c021000-77d870000000 ---p 00000000 00:00 0 
77d870000000-77d870021000 rw-p 00000000 00:00 0 
77d870021000-77d874000000 ---p 00000000 00:00 0 
77d875400000-77d875a10000 rwxp 00000000 00:00 0 
77d875a10000-77d87c937000 ---p 00000000 00:00 0 
77d87c937000-77d87cba7000 rwxp 00000000 00:00 0 
77d87cba7000-77d87cec9000 ---p 00000000 00:00 0 
77d87cec9000-77d87d1f9000 rwxp 00000000 00:00 0 
77d87d1f9000-77d884400000 ---p 00000000 00:00 0 
77d884400000-77d88beea000 r--s 00000000 08:30 259092                     /usr/lib/jvm/java-17-openjdk-amd64/lib/modules
77d88c000000-77d88e306000 rw-p 00000000 00:00 0 
77d88e306000-77d890000000 ---p 00000000 00:00 0 
77d890000000-77d890021000 rw-p 00000000 00:00 0 
77d890021000-77d894000000 ---p 00000000 00:00 0 
77d894000000-77d897ffc000 rw-p 00000000 00:00 0 
77d897ffc000-77d898000000 ---p 00000000 00:00 0 
77d89a800000-77d8a1b75000 r-xp 00000000 08:30 269532                     /home/thkim0/venv/v1/lib/python3.10/site-packages/torch/lib/libcudnn_adv_train.so.8
77d8a1b75000-77d8a1d75000 ---p 07375000 08:30 269532                     /home/thkim0/venv/v1/lib/python3.10/site-packages/torch/lib/libcudnn_adv_train.so.8
77d8a1d75000-77d8a1d7b000 r--p 07375000 08:30 269532                     /home/thkim0/venv/v1/lib/python3.10/site-packages/torch/lib/libcudnn_adv_train.so.8
77d8a1d7b000-77d8a1d7c000 rw-p 0737b000 08:30 269532                     /home/thkim0/venv/v1/lib/python3.10/site-packages/torch/lib/libcudnn_adv_train.so.8
77d8a1d7c000-77d8a1e1e000 rw-p 00000000 00:00 0 
77d8a1e1e000-77d8a1e22000 rw-p 0737d000 08:30 269532                     /home/thkim0/venv/v1/lib/python3.10/site-packages/torch/lib/libcudnn_adv_train.so.8
77d8a2000000-77d8a9c50000 r-xp 00000000 08:30 269531                     /home/thkim0/venv/v1/lib/python3.10/site-packages/torch/lib/libcudnn_adv_infer.so.8
77d8a9c50000-77d8a9e50000 ---p 07c50000 08:30 269531                     /home/thkim0/venv/v1/lib/python3.10/site-packages/torch/lib/libcudnn_adv_infer.so.8
77d8a9e50000-77d8a9e56000 r--p 07c50000 08:30 269531                     /home/thkim0/venv/v1/lib/python3.10/site-packages/torch/lib/libcudnn_adv_infer.so.8
77d8a9e56000-77d8a9e57000 rw-p 07c56000 08:30 269531                     /home/thkim0/venv/v1/lib/python3.10/site-packages/torch/lib/libcudnn_adv_infer.so.8
77d8a9e57000-77d8a9ec4000 rw-p 00000000 00:00 0 
77d8a9ec4000-77d8a9ec9000 rw-p 07c58000 08:30 269531                     /home/thkim0/venv/v1/lib/python3.10/site-packages/torch/lib/libcudnn_adv_infer.so.8
77d8aa000000-77d8afcef000 r-xp 00000000 08:30 269535                     /home/thkim0/venv/v1/lib/python3.10/site-packages/torch/lib/libcudnn_ops_infer.so.8
77d8afcef000-77d8afeef000 ---p 05cef000 08:30 269535                     /home/thkim0/venv/v1/lib/python3.10/site-packages/torch/lib/libcudnn_ops_infer.so.8
77d8afeef000-77d8afef8000 r--p 05cef000 08:30 269535                     /home/thkim0/venv/v1/lib/python3.10/site-packages/torch/lib/libcudnn_ops_infer.so.8
77d8afef8000-77d8afef9000 rw-p 05cf8000 08:30 269535                     /home/thkim0/venv/v1/lib/python3.10/site-packages/torch/lib/libcudnn_ops_infer.so.8
77d8afef9000-77d8aff32000 rw-p 00000000 00:00 0 
77d8aff32000-77d8aff3b000 rw-p 05cfa000 08:30 269535                     /home/thkim0/venv/v1/lib/python3.10/site-packages/torch/lib/libcudnn_ops_infer.so.8
77d8b0000000-77d8b0021000 rw-p 00000000 00:00 0 
77d8b0021000-77d8b4000000 ---p 00000000 00:00 0 
77d8b4000000-77d8b4021000 rw-p 00000000 00:00 0 
77d8b4021000-77d8b8000000 ---p 00000000 00:00 0 
77d8b8000000-77d8b8021000 rw-p 00000000 00:00 0 
77d8b8021000-77d8bc000000 ---p 00000000 00:00 0 
77d8c0000000-77d8c0021000 rw-p 00000000 00:00 0 
77d8c0021000-77d8c4000000 ---p 00000000 00:00 0 
77d8c8000000-77d8c8021000 rw-p 00000000 00:00 0 
77d8c8021000-77d8cc000000 ---p 00000000 00:00 0 
77d8d0000000-77d8d0021000 rw-p 00000000 00:00 0 
77d8d0021000-77d8d4000000 ---p 00000000 00:00 0 
77d8d8000000-77d8d8021000 rw-p 00000000 00:00 0 
77d8d8021000-77d8dc000000 ---p 00000000 00:00 0 
77d8df400000-77d8e0021000 rw-p 00000000 00:00 0 
77d8e0021000-77d8e4000000 ---p 00000000 00:00 0 
77d8e4000000-77d8e8021000 rw-p 00000000 00:00 0 
77d8e8021000-77d8ec000000 ---p 00000000 00:00 0 
77d8ec000000-77d8f0021000 rw-p 00000000 00:00 0 
77d8f0021000-77d8f4000000 ---p 00000000 00:00 0 
77d8f4000000-77d8f6400000 rw-p 00000000 00:00 0 
77d8f64f9000-77d8f65f9000 rw-p 00000000 00:00 0 
77d8f65f9000-77d8f65fa000 ---p 00000000 00:00 0 
77d8f65fa000-77d8f6dfa000 rw-p 00000000 00:00 0 
77d8f6dfa000-77d8f6dfb000 ---p 00000000 00:00 0 
77d8f6dfb000-77d8f75fb000 rw-p 00000000 00:00 0 
77d8f75fb000-77d8f75fc000 ---p 00000000 00:00 0 
77d8f75fc000-77d8f7dfc000 rw-p 00000000 00:00 0 
77d8f7dfc000-77d8f7dfd000 ---p 00000000 00:00 0 
77d8f7dfd000-77d8f85fd000 rw-p 00000000 00:00 0 
77d8f85fd000-77d8f85fe000 ---p 00000000 00:00 0 
77d8f85fe000-77d8f8dfe000 rw-p 00000000 00:00 0 
77d8f8dfe000-77d8f8dff000 ---p 00000000 00:00 0 
77d8f8dff000-77d8f95ff000 rw-p 00000000 00:00 0 
77d8f95ff000-77d8f9600000 ---p 00000000 00:00 0 
77d8f9600000-77d8f9e00000 rw-p 00000000 00:00 0 
77d8f9e00000-77d8f9e01000 ---p 00000000 00:00 0 
77d8f9e01000-77d8fa601000 rw-p 00000000 00:00 0 
77d8fa700000-77d8fca30000 rw-p 00000000 00:00 0 
77d8fca30000-77d8fd5f8000 ---p 00000000 00:00 0 
77d8fd5f8000-77d8fda30000 rw-p 00000000 00:00 0 
77d8fda30000-77d8fe5f8000 ---p 00000000 00:00 0 
77d8fe5f8000-77d901200000 rw-p 00000000 00:00 0 
77d901200000-77d901400000 rw-p 00000000 00:00 0 
77d901400000-77d901651000 r--p 00000000 08:30 259098                     /usr/lib/jvm/java-17-openjdk-amd64/lib/server/libjvm.so
77d901651000-77d9023c3000 r-xp 00251000 08:30 259098                     /usr/lib/jvm/java-17-openjdk-amd64/lib/server/libjvm.so
77d9023c3000-77d902644000 r--p 00fc3000 08:30 259098                     /usr/lib/jvm/java-17-openjdk-amd64/lib/server/libjvm.so
77d902644000-77d9026fc000 r--p 01244000 08:30 259098                     /usr/lib/jvm/java-17-openjdk-amd64/lib/server/libjvm.so
77d9026fc000-77d902731000 rw-p 012fc000 08:30 259098                     /usr/lib/jvm/java-17-openjdk-amd64/lib/server/libjvm.so
77d902731000-77d90278b000 rw-p 00000000 00:00 0 
77d902822000-77d903281000 rw-p 00000000 00:00 0 
77d9032b9000-77d903ab9000 rw-p 00000000 00:00 0 
77d903ab9000-77d903aba000 ---p 00000000 00:00 0 
77d903aba000-77d903bba000 rw-p 00000000 00:00 0 
77d903bba000-77d903bbb000 ---p 00000000 00:00 0 
77d903bbb000-77d903cbb000 rw-p 00000000 00:00 0 
77d903cbb000-77d9046fc000 rw-p 00000000 00:00 0 
77d90471c000-77d90471d000 ---p 00000000 00:00 0 
77d90471d000-77d90481d000 rw-p 00000000 00:00 0 
77d90481d000-77d90481e000 ---p 00000000 00:00 0 
77d90481e000-77d90491e000 rw-p 00000000 00:00 0 
77d90491e000-77d90491f000 ---p 00000000 00:00 0 
77d90491f000-77d904a1f000 rw-p 00000000 00:00 0 
77d904a1f000-77d904a20000 ---p 00000000 00:00 0 
77d904a20000-77d904b20000 rw-p 00000000 00:00 0 
77d904b20000-77d904b21000 ---p 00000000 00:00 0 
77d904b21000-77d904c21000 rw-p 00000000 00:00 0 
77d904c21000-77d904c25000 ---p 00000000 00:00 0 
77d904c25000-77d904d21000 rw-p 00000000 00:00 0 
77d904d21000-77d904d25000 ---p 00000000 00:00 0 
77d904d25000-77d904e21000 rw-p 00000000 00:00 0 
77d904e21000-77d904e22000 ---p 00000000 00:00 0 
77d904e22000-77d904f22000 rw-p 00000000 00:00 0 
77d904f22000-77d904f23000 ---p 00000000 00:00 0 
77d904f23000-77d905023000 rw-p 00000000 00:00 0 
77d905023000-77d905024000 ---p 00000000 00:00 0 
77d905024000-77d905124000 rw-p 00000000 00:00 0 
77d905124000-77d905913000 rw-p 00000000 00:00 0 
77d9059e5000-77d9059e6000 ---p 00000000 00:00 0 
77d9059e6000-77d905ae6000 rw-p 00000000 00:00 0 
77d905ae6000-77d905ae7000 ---p 00000000 00:00 0 
77d905ae7000-77d905be7000 rw-p 00000000 00:00 0 
77d905be7000-77d905be8000 ---p 00000000 00:00 0 
77d905be8000-77d905ce8000 rw-p 00000000 00:00 0 
77d905ce8000-77d905cec000 ---p 00000000 00:00 0 
77d905cec000-77d905de8000 rw-p 00000000 00:00 0 
77d905de8000-77d905dec000 ---p 00000000 00:00 0 
77d905dec000-77d905ee8000 rw-p 00000000 00:00 0 
77d905ee8000-77d905ee9000 ---p 00000000 00:00 0 
77d905ee9000-77d905fe9000 rw-p 00000000 00:00 0 
77d905fe9000-77d905fed000 ---p 00000000 00:00 0 
77d905fed000-77d9060e9000 rw-p 00000000 00:00 0 
77d9060e9000-77d906785000 rw-p 00000000 00:00 0 
77d906800000-77d906804000 ---p 00000000 00:00 0 
77d906804000-77d906900000 rw-p 00000000 00:00 0 
77d906900000-77d906904000 ---p 00000000 00:00 0 
77d906904000-77d906a00000 rw-p 00000000 00:00 0 
77d906a00000-77d906a04000 ---p 00000000 00:00 0 
77d906a04000-77d906b00000 rw-p 00000000 00:00 0 
77d906b00000-77d906b04000 ---p 00000000 00:00 0 
77d906b04000-77d906c00000 rw-p 00000000 00:00 0 
77d906c00000-77d906c04000 ---p 00000000 00:00 0 
77d906c04000-77d906d00000 rw-p 00000000 00:00 0 
77d906d00000-77d906d04000 ---p 00000000 00:00 0 
77d906d04000-77d906e00000 rw-p 00000000 00:00 0 
77d906e00000-77d907000000 rw-p 00000000 00:00 0 
77d907000000-77d907004000 ---p 00000000 00:00 0 
77d907004000-77d907100000 rw-p 00000000 00:00 0 
77d907100000-77d907104000 ---p 00000000 00:00 0 
77d907104000-77d907200000 rw-p 00000000 00:00 0 
77d907200000-77d907286000 rw-p 00000000 00:00 0 
77d907286000-77d9073ff000 ---p 00000000 00:00 0 
77d9073ff000-77d907486000 rw-p 00000000 00:00 0 
77d907486000-77d9075ff000 ---p 00000000 00:00 0 
77d9075ff000-77d907600000 rw-p 00000000 00:00 0 
77d907600000-77d90bd38000 r-xp 00000000 08:30 269536                     /home/thkim0/venv/v1/lib/python3.10/site-packages/torch/lib/libcudnn_ops_train.so.8
77d90bd38000-77d90bf38000 ---p 04738000 08:30 269536                     /home/thkim0/venv/v1/lib/python3.10/site-packages/torch/lib/libcudnn_ops_train.so.8
77d90bf38000-77d90bf3d000 r--p 04738000 08:30 269536                     /home/thkim0/venv/v1/lib/python3.10/site-packages/torch/lib/libcudnn_ops_train.so.8
77d90bf3d000-77d90bf3e000 rw-p 0473d000 08:30 269536                     /home/thkim0/venv/v1/lib/python3.10/site-packages/torch/lib/libcudnn_ops_train.so.8
77d90bf3e000-77d90bf75000 rw-p 00000000 00:00 0 
77d90bf75000-77d90bf77000 rw-p 0473f000 08:30 269536                     /home/thkim0/venv/v1/lib/python3.10/site-packages/torch/lib/libcudnn_ops_train.so.8
77d90c000000-77d90c021000 rw-p 00000000 00:00 0 
77d90c021000-77d910000000 ---p 00000000 00:00 0 
77d910082000-77d910083000 ---p 00000000 00:00 0 
77d910083000-77d910183000 rw-p 00000000 00:00 0 
77d910183000-77d910184000 ---p 00000000 00:00 0 
77d910184000-77d910284000 rw-p 00000000 00:00 0 
77d910284000-77d910285000 ---p 00000000 00:00 0 
77d910285000-77d910385000 rw-p 00000000 00:00 0 
77d910385000-77d910386000 ---p 00000000 00:00 0 
77d910386000-77d910b86000 rw-p 00000000 00:00 0 
77d910b86000-77d911032000 rw-p 00000000 00:00 0 
77d9110ff000-77d911100000 ---p 00000000 00:00 0 
77d911100000-77d911200000 rw-p 00000000 00:00 0 
77d911200000-77d911286000 rw-p 00000000 00:00 0 
77d911286000-77d9113ff000 ---p 00000000 00:00 0 
77d9113ff000-77d911400000 rw-p 00000000 00:00 0 
77d9114bd000-77d911dfe000 rw-p 00000000 00:00 0 
77d911dfe000-77d911dff000 ---p 00000000 00:00 0 
77d911dff000-77d9125ff000 rw-p 00000000 00:00 0 
77d9125ff000-77d9127ff000 rw-s 00000000 00:01 1149                       /dev/zero (deleted)
77d9127ff000-77d9129ff000 rw-s 00000000 00:01 1146                       /dev/zero (deleted)
77d9129ff000-77d912bff000 rw-s 00000000 00:01 1141                       /dev/zero (deleted)
77d912bff000-77d912dff000 rw-s 00000000 00:01 1137                       /dev/zero (deleted)
77d912dff000-77d912fff000 rw-s 00000000 00:01 1133                       /dev/zero (deleted)
77d912fff000-77d9131ff000 rw-s 00000000 00:01 1129                       /dev/zero (deleted)
77d9131ff000-77d9133ff000 rw-s 00000000 00:01 1125                       /dev/zero (deleted)
77d9133ff000-77d9135ff000 rw-s 00000000 00:01 1121                       /dev/zero (deleted)
77d9135ff000-77d9157ff000 rw-s 00000000 00:01 1108                       /dev/zero (deleted)
77d9157ff000-77d915800000 ---p 00000000 00:00 0 
77d915800000-77d916000000 rw-p 00000000 00:00 0 
77d916000000-77d9161b9000 r-xp 00000000 00:24 4785074605086115           /usr/lib/wsl/drivers/nv_dispig.inf_amd64_f4c7a2fd13e0f763/libnvidia-ml.so.1
77d9161b9000-77d9163b8000 ---p 001b9000 00:24 4785074605086115           /usr/lib/wsl/drivers/nv_dispig.inf_amd64_f4c7a2fd13e0f763/libnvidia-ml.so.1
77d9163b8000-77d9163f4000 r--p 001b8000 00:24 4785074605086115           /usr/lib/wsl/drivers/nv_dispig.inf_amd64_f4c7a2fd13e0f763/libnvidia-ml.so.1
77d9163f4000-77d9163f7000 rw-p 001f4000 00:24 4785074605086115           /usr/lib/wsl/drivers/nv_dispig.inf_amd64_f4c7a2fd13e0f763/libnvidia-ml.so.1
77d9163f7000-77d917151000 rw-p 00000000 00:00 0 
77d9171f9000-77d9171fa000 ---p 00000000 00:00 0 
77d9171fa000-77d9172fa000 rw-p 00000000 00:00 0 
77d9172fa000-77d9175fa000 rw-p 00000000 00:00 0 
77d917600000-77d917800000 rw-s 00000000 00:01 1117                       /dev/zero (deleted)
77d917800000-77d917a00000 rw-s 00000000 00:01 1113                       /dev/zero (deleted)
77d917a00000-77d917a2d000 r-xp 00000000 00:39 3940649674954149           /usr/lib/wsl/lib/libnvidia-ml.so.1
77d917a2d000-77d917c2c000 ---p 0002d000 00:39 3940649674954149           /usr/lib/wsl/lib/libnvidia-ml.so.1
77d917c2c000-77d917c31000 r--p 0002c000 00:39 3940649674954149           /usr/lib/wsl/lib/libnvidia-ml.so.1
77d917c31000-77d917c33000 rw-p 00031000 00:39 3940649674954149           /usr/lib/wsl/lib/libnvidia-ml.so.1
77d917cfb000-77d917cfc000 ---p 00000000 00:00 0 
77d917cfc000-77d917dfc000 rw-p 00000000 00:00 0 
77d917dfc000-77d9181fc000 rw-p 00000000 00:00 0 
77d918200000-77d918400000 rw-s 00000000 00:01 1107                       /dev/zero (deleted)
77d918400000-77d918600000 rw-p 00000000 00:00 0 
77d918615000-77d91861c000 rw-p 00000000 00:00 0 
77d91861c000-77d918700000 ---p 00000000 00:00 0 
77d918700000-77d91a000000 rw-p 00000000 00:00 0 
77d91a000000-77d920000000 ---p 00000000 00:00 0 
77d920000000-77d920021000 rw-p 00000000 00:00 0 
77d920021000-77d924000000 ---p 00000000 00:00 0 
77d9240ce000-77d924fff000 rw-p 00000000 00:00 0 
77d924fff000-77d925000000 ---p 00000000 00:00 0 
77d925000000-77d925800000 rw-p 00000000 00:00 0 
77d925800000-77d92580e000 r-xp 00000000 00:24 5066549581796767           /usr/lib/wsl/drivers/nv_dispig.inf_amd64_f4c7a2fd13e0f763/libnvdxgdmal.so.1
77d92580e000-77d925a0e000 ---p 0000e000 00:24 5066549581796767           /usr/lib/wsl/drivers/nv_dispig.inf_amd64_f4c7a2fd13e0f763/libnvdxgdmal.so.1
77d925a0e000-77d925a10000 r--p 0000e000 00:24 5066549581796767           /usr/lib/wsl/drivers/nv_dispig.inf_amd64_f4c7a2fd13e0f763/libnvdxgdmal.so.1
77d925a10000-77d925a11000 rw-p 00010000 00:24 5066549581796767           /usr/lib/wsl/drivers/nv_dispig.inf_amd64_f4c7a2fd13e0f763/libnvdxgdmal.so.1
77d925a14000-77d925a21000 rw-p 00000000 00:00 0 
77d925a21000-77d925aff000 ---p 00000000 00:00 0 
77d925aff000-77d925bff000 rw-p 00000000 00:00 0 
77d925bff000-77d925c00000 ---p 00000000 00:00 0 
77d925c00000-77d926400000 rw-p 00000000 00:00 0 
77d926400000-77d927986000 r-xp 00000000 00:24 7599824372192665           /usr/lib/wsl/drivers/nv_dispig.inf_amd64_f4c7a2fd13e0f763/libcuda.so.1.1
77d927986000-77d927b85000 ---p 01586000 00:24 7599824372192665           /usr/lib/wsl/drivers/nv_dispig.inf_amd64_f4c7a2fd13e0f763/libcuda.so.1.1
77d927b85000-77d927ea9000 r--p 01585000 00:24 7599824372192665           /usr/lib/wsl/drivers/nv_dispig.inf_amd64_f4c7a2fd13e0f763/libcuda.so.1.1
77d927ea9000-77d927ead000 rw-p 018a9000 00:24 7599824372192665           /usr/lib/wsl/drivers/nv_dispig.inf_amd64_f4c7a2fd13e0f763/libcuda.so.1.1
77d927ead000-77d927f03000 rw-p 00000000 00:00 0 
77d927f13000-77d928013000 rw-p 00000000 00:00 0 
77d928013000-77d928076000 r--p 00000000 00:39 1407374883645667           /usr/lib/wsl/lib/libdxcore.so
77d928076000-77d9280f3000 r-xp 00062000 00:39 1407374883645667           /usr/lib/wsl/lib/libdxcore.so
77d9280f3000-77d9280fb000 r--p 000de000 00:39 1407374883645667           /usr/lib/wsl/lib/libdxcore.so
77d9280fb000-77d9280fc000 rw-p 000e5000 00:39 1407374883645667           /usr/lib/wsl/lib/libdxcore.so
77d9280fc000-77d928400000 rw-p 00000000 00:00 0 
77d928400000-77d928425000 r-xp 00000000 08:30 223212                     /home/thkim0/venv/v1/lib/python3.10/site-packages/scikit_learn.libs/libgomp-a34b3233.so.1.0.0
77d928425000-77d928624000 ---p 00025000 08:30 223212                     /home/thkim0/venv/v1/lib/python3.10/site-packages/scikit_learn.libs/libgomp-a34b3233.so.1.0.0
77d928624000-77d928625000 r--p 00024000 08:30 223212                     /home/thkim0/venv/v1/lib/python3.10/site-packages/scikit_learn.libs/libgomp-a34b3233.so.1.0.0
77d928625000-77d92862a000 rw-p 00025000 08:30 223212                     /home/thkim0/venv/v1/lib/python3.10/site-packages/scikit_learn.libs/libgomp-a34b3233.so.1.0.0
77d928636000-77d92863b000 r--p 00000000 08:30 259077                     /usr/lib/jvm/java-17-openjdk-amd64/lib/libjsvml.so
77d92863b000-77d92867c000 r-xp 00005000 08:30 259077                     /usr/lib/jvm/java-17-openjdk-amd64/lib/libjsvml.so
77d92867c000-77d928705000 r--p 00046000 08:30 259077                     /usr/lib/jvm/java-17-openjdk-amd64/lib/libjsvml.so
77d928705000-77d928706000 r--p 000ce000 08:30 259077                     /usr/lib/jvm/java-17-openjdk-amd64/lib/libjsvml.so
77d928706000-77d928707000 rw-p 000cf000 08:30 259077                     /usr/lib/jvm/java-17-openjdk-amd64/lib/libjsvml.so
77d928707000-77d929f07000 rw-p 00000000 00:00 0 
77d929f07000-77d929f29000 r--p 00000000 08:30 256436                     /home/thkim0/venv/v1/lib/python3.10/site-packages/nvfuser/_C.cpython-310-x86_64-linux-gnu.so
77d929f29000-77d929fcd000 r-xp 00022000 08:30 256436                     /home/thkim0/venv/v1/lib/python3.10/site-packages/nvfuser/_C.cpython-310-x86_64-linux-gnu.so
77d929fcd000-77d929ff7000 r--p 000c6000 08:30 256436                     /home/thkim0/venv/v1/lib/python3.10/site-packages/nvfuser/_C.cpython-310-x86_64-linux-gnu.so
77d929ff7000-77d929ff8000 ---p 000f0000 08:30 256436                     /home/thkim0/venv/v1/lib/python3.10/site-packages/nvfuser/_C.cpython-310-x86_64-linux-gnu.so
77d929ff8000-77d929ffe000 r--p 000f0000 08:30 256436                     /home/thkim0/venv/v1/lib/python3.10/site-packages/nvfuser/_C.cpython-310-x86_64-linux-gnu.so
77d929ffe000-77d929fff000 rw-p 000f6000 08:30 256436                     /home/thkim0/venv/v1/lib/python3.10/site-packages/nvfuser/_C.cpython-310-x86_64-linux-gnu.so
77d929fff000-77d92ae00000 rw-p 00000000 00:00 0 
77d92ae00000-77d92da5a000 r-xp 00000000 08:30 269542                     /home/thkim0/venv/v1/lib/python3.10/site-packages/torch/lib/libnvrtc-672ee683.so.11.2
77d92da5a000-77d92dc59000 ---p 02c5a000 08:30 269542                     /home/thkim0/venv/v1/lib/python3.10/site-packages/torch/lib/libnvrtc-672ee683.so.11.2
77d92dc59000-77d92e31c000 r--p 02c59000 08:30 269542                     /home/thkim0/venv/v1/lib/python3.10/site-packages/torch/lib/libnvrtc-672ee683.so.11.2
77d92e31c000-77d92e3e4000 rw-p 0331c000 08:30 269542                     /home/thkim0/venv/v1/lib/python3.10/site-packages/torch/lib/libnvrtc-672ee683.so.11.2
77d92e3e4000-77d92e4e4000 rw-p 00000000 00:00 0 
77d92e4e4000-77d92e4e6000 rw-p 033e4000 08:30 269542                     /home/thkim0/venv/v1/lib/python3.10/site-packages/torch/lib/libnvrtc-672ee683.so.11.2
77d92e500000-77d92e600000 rw-p 00000000 00:00 0 
77d92e600000-77d92e701000 r--p 00000000 08:30 269521                     /home/thkim0/venv/v1/lib/python3.10/site-packages/torch/lib/libnvfuser_codegen.so
77d92e701000-77d92eaeb000 r-xp 00101000 08:30 269521                     /home/thkim0/venv/v1/lib/python3.10/site-packages/torch/lib/libnvfuser_codegen.so
77d92eaeb000-77d92ec47000 r--p 004eb000 08:30 269521                     /home/thkim0/venv/v1/lib/python3.10/site-packages/torch/lib/libnvfuser_codegen.so
77d92ec47000-77d92ec48000 ---p 00647000 08:30 269521                     /home/thkim0/venv/v1/lib/python3.10/site-packages/torch/lib/libnvfuser_codegen.so
77d92ec48000-77d92ec65000 r--p 00647000 08:30 269521                     /home/thkim0/venv/v1/lib/python3.10/site-packages/torch/lib/libnvfuser_codegen.so
77d92ec65000-77d92ec6b000 rw-p 00664000 08:30 269521                     /home/thkim0/venv/v1/lib/python3.10/site-packages/torch/lib/libnvfuser_codegen.so
77d92ec6b000-77d92ec6e000 rw-p 00000000 00:00 0 
77d92ec6e000-77d92ed70000 rw-p 0080d000 08:30 269521                     /home/thkim0/venv/v1/lib/python3.10/site-packages/torch/lib/libnvfuser_codegen.so
77d92ee00000-77d92eea0000 r-xp 00000000 08:30 269540                     /home/thkim0/venv/v1/lib/python3.10/site-packages/torch/lib/libcudart-d0da41ae.so.11.0
77d92eea0000-77d92f0a0000 ---p 000a0000 08:30 269540                     /home/thkim0/venv/v1/lib/python3.10/site-packages/torch/lib/libcudart-d0da41ae.so.11.0
77d92f0a0000-77d92f0a5000 r--p 000a0000 08:30 269540                     /home/thkim0/venv/v1/lib/python3.10/site-packages/torch/lib/libcudart-d0da41ae.so.11.0
77d92f0a5000-77d92f0a6000 rw-p 000a5000 08:30 269540                     /home/thkim0/venv/v1/lib/python3.10/site-packages/torch/lib/libcudart-d0da41ae.so.11.0
77d92f0a6000-77d92f0a7000 rw-p 00000000 00:00 0 
77d92f0a7000-77d92f0ab000 rw-p 000a6000 08:30 269540                     /home/thkim0/venv/v1/lib/python3.10/site-packages/torch/lib/libcudart-d0da41ae.so.11.0
77d92f100000-77d92f200000 rw-p 00000000 00:00 0 
77d92f200000-77d92f224000 r-xp 00000000 08:30 269537                     /home/thkim0/venv/v1/lib/python3.10/site-packages/torch/lib/libcudnn.so.8
77d92f224000-77d92f423000 ---p 00024000 08:30 269537                     /home/thkim0/venv/v1/lib/python3.10/site-packages/torch/lib/libcudnn.so.8
77d92f423000-77d92f424000 r--p 00023000 08:30 269537                     /home/thkim0/venv/v1/lib/python3.10/site-packages/torch/lib/libcudnn.so.8
77d92f424000-77d92f425000 rw-p 00024000 08:30 269537                     /home/thkim0/venv/v1/lib/python3.10/site-packages/torch/lib/libcudnn.so.8
77d92f425000-77d92f426000 rw-p 00000000 00:00 0 
77d92f426000-77d92f445000 r--p 00000000 08:30 296868                     /home/thkim0/venv/v1/lib/python3.10/site-packages/mecab_python3.libs/libmecab-eada4a80.so.2.0.0
77d92f445000-77d92f4d5000 r-xp 0001f000 08:30 296868                     /home/thkim0/venv/v1/lib/python3.10/site-packages/mecab_python3.libs/libmecab-eada4a80.so.2.0.0
77d92f4d5000-77d92f4ec000 r--p 000af000 08:30 296868                     /home/thkim0/venv/v1/lib/python3.10/site-packages/mecab_python3.libs/libmecab-eada4a80.so.2.0.0
77d92f4ec000-77d92f4ef000 r--p 000c5000 08:30 296868                     /home/thkim0/venv/v1/lib/python3.10/site-packages/mecab_python3.libs/libmecab-eada4a80.so.2.0.0
77d92f4ef000-77d92f4f0000 rw-p 000c8000 08:30 296868                     /home/thkim0/venv/v1/lib/python3.10/site-packages/mecab_python3.libs/libmecab-eada4a80.so.2.0.0
77d92f4f0000-77d92f500000 rw-p 000e8000 08:30 296868                     /home/thkim0/venv/v1/lib/python3.10/site-packages/mecab_python3.libs/libmecab-eada4a80.so.2.0.0
77d92f500000-77d92f600000 rw-p 00000000 00:00 0 
77d92f600000-77d9305d6000 r--p 00000000 08:30 269525                     /home/thkim0/venv/v1/lib/python3.10/site-packages/torch/lib/libtorch_cuda.so
77d9305d6000-77d93346f000 r-xp 00fd6000 08:30 269525                     /home/thkim0/venv/v1/lib/python3.10/site-packages/torch/lib/libtorch_cuda.so
77d93346f000-77d96cc7c000 r--p 03e6f000 08:30 269525                     /home/thkim0/venv/v1/lib/python3.10/site-packages/torch/lib/libtorch_cuda.so
77d96cc7c000-77d96cc7d000 ---p 3d67c000 08:30 269525                     /home/thkim0/venv/v1/lib/python3.10/site-packages/torch/lib/libtorch_cuda.so
77d96cc7d000-77d96cd83000 r--p 3d67c000 08:30 269525                     /home/thkim0/venv/v1/lib/python3.10/site-packages/torch/lib/libtorch_cuda.so
77d96cd83000-77d97a8ef000 rw-p 3d782000 08:30 269525                     /home/thkim0/venv/v1/lib/python3.10/site-packages/torch/lib/libtorch_cuda.so
77d97a8ef000-77d97ae7f000 rw-p 00000000 00:00 0 
77d97ae7f000-77d97c475000 rw-p 4dac6000 08:30 269525                     /home/thkim0/venv/v1/lib/python3.10/site-packages/torch/lib/libtorch_cuda.so
77d97c500000-77d97c600000 rw-p 00000000 00:00 0 
77d97c600000-77d97d6fd000 r--p 00000000 08:30 269524                     /home/thkim0/venv/v1/lib/python3.10/site-packages/torch/lib/libtorch_cpu.so
77d97d6fd000-77d990bc8000 r-xp 010fd000 08:30 269524                     /home/thkim0/venv/v1/lib/python3.10/site-packages/torch/lib/libtorch_cpu.so
77d990bc8000-77d994c08000 r--p 145c8000 08:30 269524                     /home/thkim0/venv/v1/lib/python3.10/site-packages/torch/lib/libtorch_cpu.so
77d994c08000-77d994c09000 ---p 18608000 08:30 269524                     /home/thkim0/venv/v1/lib/python3.10/site-packages/torch/lib/libtorch_cpu.so
77d994c09000-77d995000000 r--p 18608000 08:30 269524                     /home/thkim0/venv/v1/lib/python3.10/site-packages/torch/lib/libtorch_cpu.so
77d995000000-77d9951a6000 rw-p 189ff000 08:30 269524                     /home/thkim0/venv/v1/lib/python3.10/site-packages/torch/lib/libtorch_cpu.so
77d9951a6000-77d99555e000 rw-p 00000000 00:00 0 
77d99555e000-77d995b55000 rw-p 1e556000 08:30 269524                     /home/thkim0/venv/v1/lib/python3.10/site-packages/torch/lib/libtorch_cpu.so
77d995c00000-77d995dec000 r--p 00000000 08:30 269529                     /home/thkim0/venv/v1/lib/python3.10/site-packages/torch/lib/libtorch_python.so
77d995dec000-77d996860000 r-xp 001ec000 08:30 269529                     /home/thkim0/venv/v1/lib/python3.10/site-packages/torch/lib/libtorch_python.so
77d996860000-77d996b94000 r--p 00c60000 08:30 269529                     /home/thkim0/venv/v1/lib/python3.10/site-packages/torch/lib/libtorch_python.so
77d996b94000-77d996b95000 ---p 00f94000 08:30 269529                     /home/thkim0/venv/v1/lib/python3.10/site-packages/torch/lib/libtorch_python.so
77d996b95000-77d996bb4000 r--p 00f94000 08:30 269529                     /home/thkim0/venv/v1/lib/python3.10/site-packages/torch/lib/libtorch_python.so
77d996bb4000-77d996c05000 rw-p 00fb3000 08:30 269529                     /home/thkim0/venv/v1/lib/python3.10/site-packages/torch/lib/libtorch_python.so
77d996c05000-77d996c66000 rw-p 00000000 00:00 0 
77d996c66000-77d996d5d000 rw-p 01584000 08:30 269529                     /home/thkim0/venv/v1/lib/python3.10/site-packages/torch/lib/libtorch_python.so
77d996e00000-77d996e29000 r-xp 00000000 00:39 1407374884558236           /usr/lib/wsl/lib/libcuda.so.1
77d996e29000-77d997028000 ---p 00029000 00:39 1407374884558236           /usr/lib/wsl/lib/libcuda.so.1
77d997028000-77d997029000 r--p 00028000 00:39 1407374884558236           /usr/lib/wsl/lib/libcuda.so.1
77d997029000-77d99702b000 rw-p 00029000 00:39 1407374884558236           /usr/lib/wsl/lib/libcuda.so.1
77d99707c000-77d9970bf000 rw-p 00000000 00:00 0 
77d9970bf000-77d9970c6000 r--p 00000000 08:30 222652                     /home/thkim0/venv/v1/lib/python3.10/site-packages/sklearn/metrics/_pairwise_fast.cpython-310-x86_64-linux-gnu.so
77d9970c6000-77d9970f0000 r-xp 00007000 08:30 222652                     /home/thkim0/venv/v1/lib/python3.10/site-packages/sklearn/metrics/_pairwise_fast.cpython-310-x86_64-linux-gnu.so
77d9970f0000-77d9970f8000 r--p 00031000 08:30 222652                     /home/thkim0/venv/v1/lib/python3.10/site-packages/sklearn/metrics/_pairwise_fast.cpython-310-x86_64-linux-gnu.so
77d9970f8000-77d9970f9000 r--p 00038000 08:30 222652                     /home/thkim0/venv/v1/lib/python3.10/site-packages/sklearn/metrics/_pairwise_fast.cpython-310-x86_64-linux-gnu.so
77d9970f9000-77d9970fd000 rw-p 00039000 08:30 222652                     /home/thkim0/venv/v1/lib/python3.10/site-packages/sklearn/metrics/_pairwise_fast.cpython-310-x86_64-linux-gnu.so
77d9970fd000-77d997100000 rw-p 0018e000 08:30 222652                     /home/thkim0/venv/v1/lib/python3.10/site-packages/sklearn/metrics/_pairwise_fast.cpython-310-x86_64-linux-gnu.so
77d997100000-77d997200000 rw-p 00000000 00:00 0 
77d997200000-77d997225000 r-xp 00000000 08:30 269530                     /home/thkim0/venv/v1/lib/python3.10/site-packages/torch/lib/libgomp-a34b3233.so.1
77d997225000-77d997424000 ---p 00025000 08:30 269530                     /home/thkim0/venv/v1/lib/python3.10/site-packages/torch/lib/libgomp-a34b3233.so.1
77d997424000-77d997425000 r--p 00024000 08:30 269530                     /home/thkim0/venv/v1/lib/python3.10/site-packages/torch/lib/libgomp-a34b3233.so.1
77d997425000-77d99742a000 rw-p 00025000 08:30 269530                     /home/thkim0/venv/v1/lib/python3.10/site-packages/torch/lib/libgomp-a34b3233.so.1
77d997437000-77d99743b000 r--p 00000000 08:30 259090                     /usr/lib/jvm/java-17-openjdk-amd64/lib/libverify.so
77d99743b000-77d997442000 r-xp 00004000 08:30 259090                     /usr/lib/jvm/java-17-openjdk-amd64/lib/libverify.so
77d997442000-77d997444000 r--p 0000b000 08:30 259090                     /usr/lib/jvm/java-17-openjdk-amd64/lib/libverify.so
77d997444000-77d997446000 r--p 0000c000 08:30 259090                     /usr/lib/jvm/java-17-openjdk-amd64/lib/libverify.so
77d997446000-77d997447000 rw-p 0000e000 08:30 259090                     /usr/lib/jvm/java-17-openjdk-amd64/lib/libverify.so
77d997447000-77d997450000 r--p 00000000 08:30 222821                     /home/thkim0/venv/v1/lib/python3.10/site-packages/sklearn/utils/sparsefuncs_fast.cpython-310-x86_64-linux-gnu.so
77d997450000-77d9974ea000 r-xp 00009000 08:30 222821                     /home/thkim0/venv/v1/lib/python3.10/site-packages/sklearn/utils/sparsefuncs_fast.cpython-310-x86_64-linux-gnu.so
77d9974ea000-77d9974f5000 r--p 000a3000 08:30 222821                     /home/thkim0/venv/v1/lib/python3.10/site-packages/sklearn/utils/sparsefuncs_fast.cpython-310-x86_64-linux-gnu.so
77d9974f5000-77d9974f6000 r--p 000ad000 08:30 222821                     /home/thkim0/venv/v1/lib/python3.10/site-packages/sklearn/utils/sparsefuncs_fast.cpython-310-x86_64-linux-gnu.so
77d9974f6000-77d9974fc000 rw-p 000ae000 08:30 222821                     /home/thkim0/venv/v1/lib/python3.10/site-packages/sklearn/utils/sparsefuncs_fast.cpython-310-x86_64-linux-gnu.so
77d9974fc000-77d9974fd000 rw-p 00000000 00:00 0 
77d9974fd000-77d997500000 rw-p 00520000 08:30 222821                     /home/thkim0/venv/v1/lib/python3.10/site-packages/sklearn/utils/sparsefuncs_fast.cpython-310-x86_64-linux-gnu.so
77d997500000-77d997600000 rw-p 00000000 00:00 0 
77d997600000-77d997608000 r-xp 00000000 08:30 269541                     /home/thkim0/venv/v1/lib/python3.10/site-packages/torch/lib/libnvToolsExt-847d78f2.so.1
77d997608000-77d997808000 ---p 00008000 08:30 269541                     /home/thkim0/venv/v1/lib/python3.10/site-packages/torch/lib/libnvToolsExt-847d78f2.so.1
77d997808000-77d997809000 r--p 00008000 08:30 269541                     /home/thkim0/venv/v1/lib/python3.10/site-packages/torch/lib/libnvToolsExt-847d78f2.so.1
77d997809000-77d99780b000 rw-p 00009000 08:30 269541                     /home/thkim0/venv/v1/lib/python3.10/site-packages/torch/lib/libnvToolsExt-847d78f2.so.1
77d99780b000-77d99780f000 r--p 00000000 08:30 259083                     /usr/lib/jvm/java-17-openjdk-amd64/lib/libnet.so
77d99780f000-77d99781d000 r-xp 00004000 08:30 259083                     /usr/lib/jvm/java-17-openjdk-amd64/lib/libnet.so
77d99781d000-77d997821000 r--p 00012000 08:30 259083                     /usr/lib/jvm/java-17-openjdk-amd64/lib/libnet.so
77d997821000-77d997822000 r--p 00015000 08:30 259083                     /usr/lib/jvm/java-17-openjdk-amd64/lib/libnet.so
77d997822000-77d997823000 rw-p 00016000 08:30 259083                     /usr/lib/jvm/java-17-openjdk-amd64/lib/libnet.so
77d997823000-77d99782f000 r--p 00000000 08:30 259070                     /usr/lib/jvm/java-17-openjdk-amd64/lib/libjava.so
77d99782f000-77d997841000 r-xp 0000c000 08:30 259070                     /usr/lib/jvm/java-17-openjdk-amd64/lib/libjava.so
77d997841000-77d997847000 r--p 0001e000 08:30 259070                     /usr/lib/jvm/java-17-openjdk-amd64/lib/libjava.so
77d997847000-77d997848000 r--p 00023000 08:30 259070                     /usr/lib/jvm/java-17-openjdk-amd64/lib/libjava.so
77d997848000-77d997849000 rw-p 00024000 08:30 259070                     /usr/lib/jvm/java-17-openjdk-amd64/lib/libjava.so
77d997849000-77d99784a000 rw-p 00000000 00:00 0 
77d99784a000-77d99787e000 r--p 00000000 08:30 221435                     /home/thkim0/venv/v1/lib/python3.10/site-packages/_jpype.so
77d99787e000-77d9978d2000 r-xp 00034000 08:30 221435                     /home/thkim0/venv/v1/lib/python3.10/site-packages/_jpype.so
77d9978d2000-77d9978f7000 r--p 00088000 08:30 221435                     /home/thkim0/venv/v1/lib/python3.10/site-packages/_jpype.so
77d9978f7000-77d9978fc000 r--p 000ac000 08:30 221435                     /home/thkim0/venv/v1/lib/python3.10/site-packages/_jpype.so
77d9978fc000-77d997900000 rw-p 000b1000 08:30 221435                     /home/thkim0/venv/v1/lib/python3.10/site-packages/_jpype.so
77d997900000-77d997a00000 rw-p 00000000 00:00 0 
77d997a00000-77d9b8cfc000 r-xp 00000000 08:30 269539                     /home/thkim0/venv/v1/lib/python3.10/site-packages/torch/lib/libcublasLt.so.11
77d9b8cfc000-77d9b8efc000 ---p 212fc000 08:30 269539                     /home/thkim0/venv/v1/lib/python3.10/site-packages/torch/lib/libcublasLt.so.11
77d9b8efc000-77d9b9182000 r--p 212fc000 08:30 269539                     /home/thkim0/venv/v1/lib/python3.10/site-packages/torch/lib/libcublasLt.so.11
77d9b9182000-77d9b9ff3000 rw-p 21582000 08:30 269539                     /home/thkim0/venv/v1/lib/python3.10/site-packages/torch/lib/libcublasLt.so.11
77d9b9ff3000-77d9bbf86000 rw-p 00000000 00:00 0 
77d9bbf90000-77d9bbf93000 r--p 00000000 08:30 222816                     /home/thkim0/venv/v1/lib/python3.10/site-packages/sklearn/utils/_random.cpython-310-x86_64-linux-gnu.so
77d9bbf93000-77d9bbfa2000 r-xp 00003000 08:30 222816                     /home/thkim0/venv/v1/lib/python3.10/site-packages/sklearn/utils/_random.cpython-310-x86_64-linux-gnu.so
77d9bbfa2000-77d9bbfa5000 r--p 00012000 08:30 222816                     /home/thkim0/venv/v1/lib/python3.10/site-packages/sklearn/utils/_random.cpython-310-x86_64-linux-gnu.so
77d9bbfa5000-77d9bbfa6000 ---p 00015000 08:30 222816                     /home/thkim0/venv/v1/lib/python3.10/site-packages/sklearn/utils/_random.cpython-310-x86_64-linux-gnu.so
77d9bbfa6000-77d9bbfa7000 r--p 00015000 08:30 222816                     /home/thkim0/venv/v1/lib/python3.10/site-packages/sklearn/utils/_random.cpython-310-x86_64-linux-gnu.so
77d9bbfa7000-77d9bbfaa000 rw-p 00016000 08:30 222816                     /home/thkim0/venv/v1/lib/python3.10/site-packages/sklearn/utils/_random.cpython-310-x86_64-linux-gnu.so
77d9bbfaa000-77d9bbfad000 rw-p 000a4000 08:30 222816                     /home/thkim0/venv/v1/lib/python3.10/site-packages/sklearn/utils/_random.cpython-310-x86_64-linux-gnu.so
77d9bbfad000-77d9bbfb5000 r--p 00000000 08:30 222654                     /home/thkim0/venv/v1/lib/python3.10/site-packages/sklearn/metrics/_dist_metrics.cpython-310-x86_64-linux-gnu.so
77d9bbfb5000-77d9bbfe7000 r-xp 00008000 08:30 222654                     /home/thkim0/venv/v1/lib/python3.10/site-packages/sklearn/metrics/_dist_metrics.cpython-310-x86_64-linux-gnu.so
77d9bbfe7000-77d9bbff3000 r--p 0003a000 08:30 222654                     /home/thkim0/venv/v1/lib/python3.10/site-packages/sklearn/metrics/_dist_metrics.cpython-310-x86_64-linux-gnu.so
77d9bbff3000-77d9bbff4000 ---p 00046000 08:30 222654                     /home/thkim0/venv/v1/lib/python3.10/site-packages/sklearn/metrics/_dist_metrics.cpython-310-x86_64-linux-gnu.so
77d9bbff4000-77d9bbff5000 r--p 00046000 08:30 222654                     /home/thkim0/venv/v1/lib/python3.10/site-packages/sklearn/metrics/_dist_metrics.cpython-310-x86_64-linux-gnu.so
77d9bbff5000-77d9bbffc000 rw-p 00047000 08:30 222654                     /home/thkim0/venv/v1/lib/python3.10/site-packages/sklearn/metrics/_dist_metrics.cpython-310-x86_64-linux-gnu.so
77d9bbffc000-77d9bbffd000 rw-p 00000000 00:00 0 
77d9bbffd000-77d9bc000000 rw-p 001f7000 08:30 222654                     /home/thkim0/venv/v1/lib/python3.10/site-packages/sklearn/metrics/_dist_metrics.cpython-310-x86_64-linux-gnu.so
77d9bc000000-77d9c1a4b000 r-xp 00000000 08:30 269538                     /home/thkim0/venv/v1/lib/python3.10/site-packages/torch/lib/libcublas.so.11
77d9c1a4b000-77d9c1c4b000 ---p 05a4b000 08:30 269538                     /home/thkim0/venv/v1/lib/python3.10/site-packages/torch/lib/libcublas.so.11
77d9c1c4b000-77d9c1c52000 r--p 05a4b000 08:30 269538                     /home/thkim0/venv/v1/lib/python3.10/site-packages/torch/lib/libcublas.so.11
77d9c1c52000-77d9c1c57000 rw-p 05a52000 08:30 269538                     /home/thkim0/venv/v1/lib/python3.10/site-packages/torch/lib/libcublas.so.11
77d9c1c57000-77d9c1c5e000 rw-p 00000000 00:00 0 
77d9c1c5f000-77d9c1c66000 r--p 00000000 08:30 259084                     /usr/lib/jvm/java-17-openjdk-amd64/lib/libnio.so
77d9c1c66000-77d9c1c6f000 r-xp 00007000 08:30 259084                     /usr/lib/jvm/java-17-openjdk-amd64/lib/libnio.so
77d9c1c6f000-77d9c1c73000 r--p 00010000 08:30 259084                     /usr/lib/jvm/java-17-openjdk-amd64/lib/libnio.so
77d9c1c73000-77d9c1c74000 r--p 00014000 08:30 259084                     /usr/lib/jvm/java-17-openjdk-amd64/lib/libnio.so
77d9c1c74000-77d9c1c75000 rw-p 00015000 08:30 259084                     /usr/lib/jvm/java-17-openjdk-amd64/lib/libnio.so
77d9c1c75000-77d9c1c7b000 r--p 00000000 08:30 222835                     /home/thkim0/venv/v1/lib/python3.10/site-packages/sklearn/utils/_readonly_array_wrapper.cpython-310-x86_64-linux-gnu.so
77d9c1c7b000-77d9c1c9f000 r-xp 00006000 08:30 222835                     /home/thkim0/venv/v1/lib/python3.10/site-packages/sklearn/utils/_readonly_array_wrapper.cpython-310-x86_64-linux-gnu.so
77d9c1c9f000-77d9c1ca7000 r--p 0002a000 08:30 222835                     /home/thkim0/venv/v1/lib/python3.10/site-packages/sklearn/utils/_readonly_array_wrapper.cpython-310-x86_64-linux-gnu.so
77d9c1ca7000-77d9c1ca8000 r--p 00031000 08:30 222835                     /home/thkim0/venv/v1/lib/python3.10/site-packages/sklearn/utils/_readonly_array_wrapper.cpython-310-x86_64-linux-gnu.so
77d9c1ca8000-77d9c1cac000 rw-p 00032000 08:30 222835                     /home/thkim0/venv/v1/lib/python3.10/site-packages/sklearn/utils/_readonly_array_wrapper.cpython-310-x86_64-linux-gnu.so
77d9c1cac000-77d9c1caf000 rw-p 00176000 08:30 222835                     /home/thkim0/venv/v1/lib/python3.10/site-packages/sklearn/utils/_readonly_array_wrapper.cpython-310-x86_64-linux-gnu.so
77d9c1caf000-77d9c1cb6000 r--p 00000000 08:30 223035                     /home/thkim0/venv/v1/lib/python3.10/site-packages/sklearn/preprocessing/_csr_polynomial_expansion.cpython-310-x86_64-linux-gnu.so
77d9c1cb6000-77d9c1ce3000 r-xp 00007000 08:30 223035                     /home/thkim0/venv/v1/lib/python3.10/site-packages/sklearn/preprocessing/_csr_polynomial_expansion.cpython-310-x86_64-linux-gnu.so
77d9c1ce3000-77d9c1ceb000 r--p 00034000 08:30 223035                     /home/thkim0/venv/v1/lib/python3.10/site-packages/sklearn/preprocessing/_csr_polynomial_expansion.cpython-310-x86_64-linux-gnu.so
77d9c1ceb000-77d9c1cec000 r--p 0003b000 08:30 223035                     /home/thkim0/venv/v1/lib/python3.10/site-packages/sklearn/preprocessing/_csr_polynomial_expansion.cpython-310-x86_64-linux-gnu.so
77d9c1cec000-77d9c1cf0000 rw-p 0003c000 08:30 223035                     /home/thkim0/venv/v1/lib/python3.10/site-packages/sklearn/preprocessing/_csr_polynomial_expansion.cpython-310-x86_64-linux-gnu.so
77d9c1cf0000-77d9c1cf1000 rw-p 00000000 00:00 0 
77d9c1cf1000-77d9c1cf4000 rw-p 001b5000 08:30 223035                     /home/thkim0/venv/v1/lib/python3.10/site-packages/sklearn/preprocessing/_csr_polynomial_expansion.cpython-310-x86_64-linux-gnu.so
77d9c1cf4000-77d9c1d0b000 r--p 00000000 08:30 269519                     /home/thkim0/venv/v1/lib/python3.10/site-packages/torch/lib/libc10_cuda.so
77d9c1d0b000-77d9c1dbe000 r-xp 00017000 08:30 269519                     /home/thkim0/venv/v1/lib/python3.10/site-packages/torch/lib/libc10_cuda.so
77d9c1dbe000-77d9c1df4000 r--p 000ca000 08:30 269519                     /home/thkim0/venv/v1/lib/python3.10/site-packages/torch/lib/libc10_cuda.so
77d9c1df4000-77d9c1df5000 ---p 00100000 08:30 269519                     /home/thkim0/venv/v1/lib/python3.10/site-packages/torch/lib/libc10_cuda.so
77d9c1df5000-77d9c1dfa000 r--p 00100000 08:30 269519                     /home/thkim0/venv/v1/lib/python3.10/site-packages/torch/lib/libc10_cuda.so
77d9c1dfa000-77d9c1dfc000 rw-p 00105000 08:30 269519                     /home/thkim0/venv/v1/lib/python3.10/site-packages/torch/lib/libc10_cuda.so
77d9c1dfc000-77d9c1e00000 rw-p 00000000 00:00 0 
77d9c1e00000-77d9c1e5b000 r--p 00000000 08:30 198026                     /home/thkim0/venv/v1/lib/python3.10/site-packages/sentencepiece/_sentencepiece.cpython-310-x86_64-linux-gnu.so
77d9c1e5b000-77d9c1f7f000 r-xp 0005b000 08:30 198026                     /home/thkim0/venv/v1/lib/python3.10/site-packages/sentencepiece/_sentencepiece.cpython-310-x86_64-linux-gnu.so
77d9c1f7f000-77d9c20b8000 r--p 0017f000 08:30 198026                     /home/thkim0/venv/v1/lib/python3.10/site-packages/sentencepiece/_sentencepiece.cpython-310-x86_64-linux-gnu.so
77d9c20b8000-77d9c20b9000 ---p 002b8000 08:30 198026                     /home/thkim0/venv/v1/lib/python3.10/site-packages/sentencepiece/_sentencepiece.cpython-310-x86_64-linux-gnu.so
77d9c20b9000-77d9c20bc000 r--p 002b8000 08:30 198026                     /home/thkim0/venv/v1/lib/python3.10/site-packages/sentencepiece/_sentencepiece.cpython-310-x86_64-linux-gnu.so
77d9c20bc000-77d9c20c0000 rw-p 002bb000 08:30 198026                     /home/thkim0/venv/v1/lib/python3.10/site-packages/sentencepiece/_sentencepiece.cpython-310-x86_64-linux-gnu.so
77d9c20c0000-77d9c20c1000 rw-p 00000000 00:00 0 
77d9c20c1000-77d9c20c3000 r--p 00000000 08:30 259091                     /usr/lib/jvm/java-17-openjdk-amd64/lib/libzip.so
77d9c20c3000-77d9c20c8000 r-xp 00002000 08:30 259091                     /usr/lib/jvm/java-17-openjdk-amd64/lib/libzip.so
77d9c20c8000-77d9c20ca000 r--p 00007000 08:30 259091                     /usr/lib/jvm/java-17-openjdk-amd64/lib/libzip.so
77d9c20ca000-77d9c20cb000 r--p 00008000 08:30 259091                     /usr/lib/jvm/java-17-openjdk-amd64/lib/libzip.so
77d9c20cb000-77d9c20cc000 rw-p 00009000 08:30 259091                     /usr/lib/jvm/java-17-openjdk-amd64/lib/libzip.so
77d9c20cc000-77d9c20d1000 rw-p 00000000 00:00 0 
77d9c20d1000-77d9c20d8000 ---p 00000000 00:00 0 
77d9c20d8000-77d9c20dd000 r--p 00000000 08:30 222822                     /home/thkim0/venv/v1/lib/python3.10/site-packages/sklearn/utils/_logistic_sigmoid.cpython-310-x86_64-linux-gnu.so
77d9c20dd000-77d9c20fa000 r-xp 00005000 08:30 222822                     /home/thkim0/venv/v1/lib/python3.10/site-packages/sklearn/utils/_logistic_sigmoid.cpython-310-x86_64-linux-gnu.so
77d9c20fa000-77d9c2100000 r--p 00022000 08:30 222822                     /home/thkim0/venv/v1/lib/python3.10/site-packages/sklearn/utils/_logistic_sigmoid.cpython-310-x86_64-linux-gnu.so
77d9c2100000-77d9c2101000 r--p 00027000 08:30 222822                     /home/thkim0/venv/v1/lib/python3.10/site-packages/sklearn/utils/_logistic_sigmoid.cpython-310-x86_64-linux-gnu.so
77d9c2101000-77d9c2104000 rw-p 00028000 08:30 222822                     /home/thkim0/venv/v1/lib/python3.10/site-packages/sklearn/utils/_logistic_sigmoid.cpython-310-x86_64-linux-gnu.so
77d9c2104000-77d9c2107000 rw-p 00125000 08:30 222822                     /home/thkim0/venv/v1/lib/python3.10/site-packages/sklearn/utils/_logistic_sigmoid.cpython-310-x86_64-linux-gnu.so
77d9c2107000-77d9c2126000 r--p 00000000 08:30 269518                     /home/thkim0/venv/v1/lib/python3.10/site-packages/torch/lib/libc10.so
77d9c2126000-77d9c2187000 r-xp 0001f000 08:30 269518                     /home/thkim0/venv/v1/lib/python3.10/site-packages/torch/lib/libc10.so
77d9c2187000-77d9c21a6000 r--p 00080000 08:30 269518                     /home/thkim0/venv/v1/lib/python3.10/site-packages/torch/lib/libc10.so
77d9c21a6000-77d9c21a7000 ---p 0009f000 08:30 269518                     /home/thkim0/venv/v1/lib/python3.10/site-packages/torch/lib/libc10.so
77d9c21a7000-77d9c21a9000 r--p 0009f000 08:30 269518                     /home/thkim0/venv/v1/lib/python3.10/site-packages/torch/lib/libc10.so
77d9c21a9000-77d9c21af000 rw-p 000a1000 08:30 269518                     /home/thkim0/venv/v1/lib/python3.10/site-packages/torch/lib/libc10.so
77d9c21af000-77d9c21b1000 rw-p 00000000 00:00 0 
77d9c21b1000-77d9c21bd000 r--p 00000000 08:30 269523                     /home/thkim0/venv/v1/lib/python3.10/site-packages/torch/lib/libtorch.so
77d9c21bd000-77d9c21c8000 r-xp 0000c000 08:30 269523                     /home/thkim0/venv/v1/lib/python3.10/site-packages/torch/lib/libtorch.so
77d9c21c8000-77d9c21cd000 r--p 00017000 08:30 269523                     /home/thkim0/venv/v1/lib/python3.10/site-packages/torch/lib/libtorch.so
77d9c21cd000-77d9c21ce000 ---p 0001c000 08:30 269523                     /home/thkim0/venv/v1/lib/python3.10/site-packages/torch/lib/libtorch.so
77d9c21ce000-77d9c21cf000 r--p 0001c000 08:30 269523                     /home/thkim0/venv/v1/lib/python3.10/site-packages/torch/lib/libtorch.so
77d9c21cf000-77d9c21d0000 rw-p 0001d000 08:30 269523                     /home/thkim0/venv/v1/lib/python3.10/site-packages/torch/lib/libtorch.so
77d9c21d0000-77d9c22d0000 rw-p 00000000 00:00 0 
77d9c22d0000-77d9c22d5000 r--p 00000000 08:30 207380                     /home/thkim0/venv/v1/lib/python3.10/site-packages/scipy/cluster/_optimal_leaf_ordering.cpython-310-x86_64-linux-gnu.so
77d9c22d5000-77d9c2313000 r-xp 00005000 08:30 207380                     /home/thkim0/venv/v1/lib/python3.10/site-packages/scipy/cluster/_optimal_leaf_ordering.cpython-310-x86_64-linux-gnu.so
77d9c2313000-77d9c231c000 r--p 00043000 08:30 207380                     /home/thkim0/venv/v1/lib/python3.10/site-packages/scipy/cluster/_optimal_leaf_ordering.cpython-310-x86_64-linux-gnu.so
77d9c231c000-77d9c231d000 r--p 0004b000 08:30 207380                     /home/thkim0/venv/v1/lib/python3.10/site-packages/scipy/cluster/_optimal_leaf_ordering.cpython-310-x86_64-linux-gnu.so
77d9c231d000-77d9c231f000 rw-p 0004c000 08:30 207380                     /home/thkim0/venv/v1/lib/python3.10/site-packages/scipy/cluster/_optimal_leaf_ordering.cpython-310-x86_64-linux-gnu.so
77d9c231f000-77d9c2320000 rw-p 00000000 00:00 0 
77d9c2320000-77d9c2325000 r--p 00000000 08:30 207379                     /home/thkim0/venv/v1/lib/python3.10/site-packages/scipy/cluster/_hierarchy.cpython-310-x86_64-linux-gnu.so
77d9c2325000-77d9c236c000 r-xp 00005000 08:30 207379                     /home/thkim0/venv/v1/lib/python3.10/site-packages/scipy/cluster/_hierarchy.cpython-310-x86_64-linux-gnu.so
77d9c236c000-77d9c2379000 r--p 0004c000 08:30 207379                     /home/thkim0/venv/v1/lib/python3.10/site-packages/scipy/cluster/_hierarchy.cpython-310-x86_64-linux-gnu.so
77d9c2379000-77d9c237a000 r--p 00058000 08:30 207379                     /home/thkim0/venv/v1/lib/python3.10/site-packages/scipy/cluster/_hierarchy.cpython-310-x86_64-linux-gnu.so
77d9c237a000-77d9c237d000 rw-p 00059000 08:30 207379                     /home/thkim0/venv/v1/lib/python3.10/site-packages/scipy/cluster/_hierarchy.cpython-310-x86_64-linux-gnu.so
77d9c237d000-77d9c237e000 rw-p 00000000 00:00 0 
77d9c237e000-77d9c2381000 r--p 00000000 08:30 207377                     /home/thkim0/venv/v1/lib/python3.10/site-packages/scipy/cluster/_vq.cpython-310-x86_64-linux-gnu.so
77d9c2381000-77d9c2394000 r-xp 00003000 08:30 207377                     /home/thkim0/venv/v1/lib/python3.10/site-packages/scipy/cluster/_vq.cpython-310-x86_64-linux-gnu.so
77d9c2394000-77d9c2398000 r--p 00016000 08:30 207377                     /home/thkim0/venv/v1/lib/python3.10/site-packages/scipy/cluster/_vq.cpython-310-x86_64-linux-gnu.so
77d9c2398000-77d9c2399000 r--p 00019000 08:30 207377                     /home/thkim0/venv/v1/lib/python3.10/site-packages/scipy/cluster/_vq.cpython-310-x86_64-linux-gnu.so
77d9c2399000-77d9c239a000 rw-p 0001a000 08:30 207377                     /home/thkim0/venv/v1/lib/python3.10/site-packages/scipy/cluster/_vq.cpython-310-x86_64-linux-gnu.so
77d9c239a000-77d9c249b000 rw-p 00000000 00:00 0 
77d9c249b000-77d9c24a3000 r--p 00000000 08:30 208285                     /home/thkim0/venv/v1/lib/python3.10/site-packages/scipy/stats/_unuran/unuran_wrapper.cpython-310-x86_64-linux-gnu.so
77d9c24a3000-77d9c25b9000 r-xp 00008000 08:30 208285                     /home/thkim0/venv/v1/lib/python3.10/site-packages/scipy/stats/_unuran/unuran_wrapper.cpython-310-x86_64-linux-gnu.so
77d9c25b9000-77d9c25f5000 r--p 0011e000 08:30 208285                     /home/thkim0/venv/v1/lib/python3.10/site-packages/scipy/stats/_unuran/unuran_wrapper.cpython-310-x86_64-linux-gnu.so
77d9c25f5000-77d9c25f6000 ---p 0015a000 08:30 208285                     /home/thkim0/venv/v1/lib/python3.10/site-packages/scipy/stats/_unuran/unuran_wrapper.cpython-310-x86_64-linux-gnu.so
77d9c25f6000-77d9c25f7000 r--p 0015a000 08:30 208285                     /home/thkim0/venv/v1/lib/python3.10/site-packages/scipy/stats/_unuran/unuran_wrapper.cpython-310-x86_64-linux-gnu.so
77d9c25f7000-77d9c25fc000 rw-p 0015b000 08:30 208285                     /home/thkim0/venv/v1/lib/python3.10/site-packages/scipy/stats/_unuran/unuran_wrapper.cpython-310-x86_64-linux-gnu.so
77d9c25fc000-77d9c25fe000 rw-p 00000000 00:00 0 
77d9c25fe000-77d9c2604000 r--p 00000000 08:30 208282                     /home/thkim0/venv/v1/lib/python3.10/site-packages/scipy/stats/_rcont/rcont.cpython-310-x86_64-linux-gnu.so
77d9c2604000-77d9c2632000 r-xp 00006000 08:30 208282                     /home/thkim0/venv/v1/lib/python3.10/site-packages/scipy/stats/_rcont/rcont.cpython-310-x86_64-linux-gnu.so
77d9c2632000-77d9c2641000 r--p 00034000 08:30 208282                     /home/thkim0/venv/v1/lib/python3.10/site-packages/scipy/stats/_rcont/rcont.cpython-310-x86_64-linux-gnu.so
77d9c2641000-77d9c2642000 r--p 00042000 08:30 208282                     /home/thkim0/venv/v1/lib/python3.10/site-packages/scipy/stats/_rcont/rcont.cpython-310-x86_64-linux-gnu.so
77d9c2642000-77d9c2644000 rw-p 00043000 08:30 208282                     /home/thkim0/venv/v1/lib/python3.10/site-packages/scipy/stats/_rcont/rcont.cpython-310-x86_64-linux-gnu.so
77d9c2644000-77d9c2645000 rw-p 00000000 00:00 0 
77d9c2645000-77d9c2647000 r--p 00000000 08:30 208261                     /home/thkim0/venv/v1/lib/python3.10/site-packages/scipy/stats/_mvn.cpython-310-x86_64-linux-gnu.so
77d9c2647000-77d9c2650000 r-xp 00002000 08:30 208261                     /home/thkim0/venv/v1/lib/python3.10/site-packages/scipy/stats/_mvn.cpython-310-x86_64-linux-gnu.so
77d9c2650000-77d9c2656000 r--p 0000b000 08:30 208261                     /home/thkim0/venv/v1/lib/python3.10/site-packages/scipy/stats/_mvn.cpython-310-x86_64-linux-gnu.so
77d9c2656000-77d9c2657000 r--p 00010000 08:30 208261                     /home/thkim0/venv/v1/lib/python3.10/site-packages/scipy/stats/_mvn.cpython-310-x86_64-linux-gnu.so
77d9c2657000-77d9c2659000 rw-p 00011000 08:30 208261                     /home/thkim0/venv/v1/lib/python3.10/site-packages/scipy/stats/_mvn.cpython-310-x86_64-linux-gnu.so
77d9c2659000-77d9c2750000 rw-p 00000000 00:00 0 
77d9c2750000-77d9c2755000 r--p 00000000 08:30 208251                     /home/thkim0/venv/v1/lib/python3.10/site-packages/scipy/stats/_qmc_cy.cpython-310-x86_64-linux-gnu.so
77d9c2755000-77d9c2780000 r-xp 00005000 08:30 208251                     /home/thkim0/venv/v1/lib/python3.10/site-packages/scipy/stats/_qmc_cy.cpython-310-x86_64-linux-gnu.so
77d9c2780000-77d9c2789000 r--p 00030000 08:30 208251                     /home/thkim0/venv/v1/lib/python3.10/site-packages/scipy/stats/_qmc_cy.cpython-310-x86_64-linux-gnu.so
77d9c2789000-77d9c278a000 r--p 00038000 08:30 208251                     /home/thkim0/venv/v1/lib/python3.10/site-packages/scipy/stats/_qmc_cy.cpython-310-x86_64-linux-gnu.so
77d9c278a000-77d9c278c000 rw-p 00039000 08:30 208251                     /home/thkim0/venv/v1/lib/python3.10/site-packages/scipy/stats/_qmc_cy.cpython-310-x86_64-linux-gnu.so
77d9c278c000-77d9c278d000 rw-p 00000000 00:00 0 
77d9c278d000-77d9c2792000 r--p 00000000 08:30 208272                     /home/thkim0/venv/v1/lib/python3.10/site-packages/scipy/stats/_sobol.cpython-310-x86_64-linux-gnu.so
77d9c2792000-77d9c27d9000 r-xp 00005000 08:30 208272                     /home/thkim0/venv/v1/lib/python3.10/site-packages/scipy/stats/_sobol.cpython-310-x86_64-linux-gnu.so
77d9c27d9000-77d9c27e3000 r--p 0004c000 08:30 208272                     /home/thkim0/venv/v1/lib/python3.10/site-packages/scipy/stats/_sobol.cpython-310-x86_64-linux-gnu.so
77d9c27e3000-77d9c27e4000 r--p 00055000 08:30 208272                     /home/thkim0/venv/v1/lib/python3.10/site-packages/scipy/stats/_sobol.cpython-310-x86_64-linux-gnu.so
77d9c27e4000-77d9c27e6000 rw-p 00056000 08:30 208272                     /home/thkim0/venv/v1/lib/python3.10/site-packages/scipy/stats/_sobol.cpython-310-x86_64-linux-gnu.so
77d9c27e6000-77d9c28e7000 rw-p 00000000 00:00 0 
77d9c28e7000-77d9c28ec000 r--p 00000000 08:30 208264                     /home/thkim0/venv/v1/lib/python3.10/site-packages/scipy/stats/_ansari_swilk_statistics.cpython-310-x86_64-linux-gnu.so
77d9c28ec000-77d9c2919000 r-xp 00005000 08:30 208264                     /home/thkim0/venv/v1/lib/python3.10/site-packages/scipy/stats/_ansari_swilk_statistics.cpython-310-x86_64-linux-gnu.so
77d9c2919000-77d9c2921000 r--p 00032000 08:30 208264                     /home/thkim0/venv/v1/lib/python3.10/site-packages/scipy/stats/_ansari_swilk_statistics.cpython-310-x86_64-linux-gnu.so
77d9c2921000-77d9c2922000 r--p 00039000 08:30 208264                     /home/thkim0/venv/v1/lib/python3.10/site-packages/scipy/stats/_ansari_swilk_statistics.cpython-310-x86_64-linux-gnu.so
77d9c2922000-77d9c2924000 rw-p 0003a000 08:30 208264                     /home/thkim0/venv/v1/lib/python3.10/site-packages/scipy/stats/_ansari_swilk_statistics.cpython-310-x86_64-linux-gnu.so
77d9c2924000-77d9c2925000 rw-p 00000000 00:00 0 
77d9c2925000-77d9c292c000 r--p 00000000 08:30 207312                     /home/thkim0/venv/v1/lib/python3.10/site-packages/scipy/fft/_pocketfft/pypocketfft.cpython-310-x86_64-linux-gnu.so
77d9c292c000-77d9c2a03000 r-xp 00007000 08:30 207312                     /home/thkim0/venv/v1/lib/python3.10/site-packages/scipy/fft/_pocketfft/pypocketfft.cpython-310-x86_64-linux-gnu.so
77d9c2a03000-77d9c2a1d000 r--p 000de000 08:30 207312                     /home/thkim0/venv/v1/lib/python3.10/site-packages/scipy/fft/_pocketfft/pypocketfft.cpython-310-x86_64-linux-gnu.so
77d9c2a1d000-77d9c2a1e000 ---p 000f8000 08:30 207312                     /home/thkim0/venv/v1/lib/python3.10/site-packages/scipy/fft/_pocketfft/pypocketfft.cpython-310-x86_64-linux-gnu.so
77d9c2a1e000-77d9c2a1f000 r--p 000f8000 08:30 207312                     /home/thkim0/venv/v1/lib/python3.10/site-packages/scipy/fft/_pocketfft/pypocketfft.cpython-310-x86_64-linux-gnu.so
77d9c2a1f000-77d9c2a20000 rw-p 000f9000 08:30 207312                     /home/thkim0/venv/v1/lib/python3.10/site-packages/scipy/fft/_pocketfft/pypocketfft.cpython-310-x86_64-linux-gnu.so
77d9c2a20000-77d9c2a22000 rw-p 00000000 00:00 0 
77d9c2a22000-77d9c2a26000 r--p 00000000 08:30 220169                     /home/thkim0/venv/v1/lib/python3.10/site-packages/scipy/_lib/_uarray/_uarray.cpython-310-x86_64-linux-gnu.so
77d9c2a26000-77d9c2a38000 r-xp 00004000 08:30 220169                     /home/thkim0/venv/v1/lib/python3.10/site-packages/scipy/_lib/_uarray/_uarray.cpython-310-x86_64-linux-gnu.so
77d9c2a38000-77d9c2a3e000 r--p 00016000 08:30 220169                     /home/thkim0/venv/v1/lib/python3.10/site-packages/scipy/_lib/_uarray/_uarray.cpython-310-x86_64-linux-gnu.so
77d9c2a3e000-77d9c2a3f000 r--p 0001b000 08:30 220169                     /home/thkim0/venv/v1/lib/python3.10/site-packages/scipy/_lib/_uarray/_uarray.cpython-310-x86_64-linux-gnu.so
77d9c2a3f000-77d9c2a40000 rw-p 0001c000 08:30 220169                     /home/thkim0/venv/v1/lib/python3.10/site-packages/scipy/_lib/_uarray/_uarray.cpython-310-x86_64-linux-gnu.so
77d9c2a40000-77d9c2a44000 r--p 00000000 08:30 208247                     /home/thkim0/venv/v1/lib/python3.10/site-packages/scipy/stats/_stats_pythran.cpython-310-x86_64-linux-gnu.so
77d9c2a44000-77d9c2a59000 r-xp 00004000 08:30 208247                     /home/thkim0/venv/v1/lib/python3.10/site-packages/scipy/stats/_stats_pythran.cpython-310-x86_64-linux-gnu.so
77d9c2a59000-77d9c2a5e000 r--p 00019000 08:30 208247                     /home/thkim0/venv/v1/lib/python3.10/site-packages/scipy/stats/_stats_pythran.cpython-310-x86_64-linux-gnu.so
77d9c2a5e000-77d9c2a5f000 r--p 0001d000 08:30 208247                     /home/thkim0/venv/v1/lib/python3.10/site-packages/scipy/stats/_stats_pythran.cpython-310-x86_64-linux-gnu.so
77d9c2a5f000-77d9c2a60000 rw-p 0001e000 08:30 208247                     /home/thkim0/venv/v1/lib/python3.10/site-packages/scipy/stats/_stats_pythran.cpython-310-x86_64-linux-gnu.so
77d9c2a60000-77d9c2b60000 rw-p 00000000 00:00 0 
77d9c2b60000-77d9c2b66000 r--p 00000000 08:30 208239                     /home/thkim0/venv/v1/lib/python3.10/site-packages/scipy/stats/_biasedurn.cpython-310-x86_64-linux-gnu.so
77d9c2b66000-77d9c2b96000 r-xp 00006000 08:30 208239                     /home/thkim0/venv/v1/lib/python3.10/site-packages/scipy/stats/_biasedurn.cpython-310-x86_64-linux-gnu.so
77d9c2b96000-77d9c2ba7000 r--p 00036000 08:30 208239                     /home/thkim0/venv/v1/lib/python3.10/site-packages/scipy/stats/_biasedurn.cpython-310-x86_64-linux-gnu.so
77d9c2ba7000-77d9c2ba8000 r--p 00046000 08:30 208239                     /home/thkim0/venv/v1/lib/python3.10/site-packages/scipy/stats/_biasedurn.cpython-310-x86_64-linux-gnu.so
77d9c2ba8000-77d9c2bab000 rw-p 00047000 08:30 208239                     /home/thkim0/venv/v1/lib/python3.10/site-packages/scipy/stats/_biasedurn.cpython-310-x86_64-linux-gnu.so
77d9c2bab000-77d9c2bae000 rw-p 00000000 00:00 0 
77d9c2bae000-77d9c2bb3000 r--p 00000000 08:30 208437                     /home/thkim0/venv/v1/lib/python3.10/site-packages/scipy/interpolate/_rgi_cython.cpython-310-x86_64-linux-gnu.so
77d9c2bb3000-77d9c2be4000 r-xp 00005000 08:30 208437                     /home/thkim0/venv/v1/lib/python3.10/site-packages/scipy/interpolate/_rgi_cython.cpython-310-x86_64-linux-gnu.so
77d9c2be4000-77d9c2bec000 r--p 00036000 08:30 208437                     /home/thkim0/venv/v1/lib/python3.10/site-packages/scipy/interpolate/_rgi_cython.cpython-310-x86_64-linux-gnu.so
77d9c2bec000-77d9c2bed000 r--p 0003d000 08:30 208437                     /home/thkim0/venv/v1/lib/python3.10/site-packages/scipy/interpolate/_rgi_cython.cpython-310-x86_64-linux-gnu.so
77d9c2bed000-77d9c2bef000 rw-p 0003e000 08:30 208437                     /home/thkim0/venv/v1/lib/python3.10/site-packages/scipy/interpolate/_rgi_cython.cpython-310-x86_64-linux-gnu.so
77d9c2bef000-77d9c2bf0000 rw-p 00000000 00:00 0 
77d9c2bf0000-77d9c2bf4000 r--p 00000000 08:30 208425                     /home/thkim0/venv/v1/lib/python3.10/site-packages/scipy/interpolate/_rbfinterp_pythran.cpython-310-x86_64-linux-gnu.so
77d9c2bf4000-77d9c2c1f000 r-xp 00004000 08:30 208425                     /home/thkim0/venv/v1/lib/python3.10/site-packages/scipy/interpolate/_rbfinterp_pythran.cpython-310-x86_64-linux-gnu.so
77d9c2c1f000-77d9c2c25000 r--p 0002f000 08:30 208425                     /home/thkim0/venv/v1/lib/python3.10/site-packages/scipy/interpolate/_rbfinterp_pythran.cpython-310-x86_64-linux-gnu.so
77d9c2c25000-77d9c2c26000 r--p 00034000 08:30 208425                     /home/thkim0/venv/v1/lib/python3.10/site-packages/scipy/interpolate/_rbfinterp_pythran.cpython-310-x86_64-linux-gnu.so
77d9c2c26000-77d9c2c27000 rw-p 00035000 08:30 208425                     /home/thkim0/venv/v1/lib/python3.10/site-packages/scipy/interpolate/_rbfinterp_pythran.cpython-310-x86_64-linux-gnu.so
77d9c2c27000-77d9c2c2d000 r--p 00000000 08:30 208428                     /home/thkim0/venv/v1/lib/python3.10/site-packages/scipy/interpolate/interpnd.cpython-310-x86_64-linux-gnu.so
77d9c2c2d000-77d9c2c82000 r-xp 00006000 08:30 208428                     /home/thkim0/venv/v1/lib/python3.10/site-packages/scipy/interpolate/interpnd.cpython-310-x86_64-linux-gnu.so
77d9c2c82000-77d9c2c8f000 r--p 0005b000 08:30 208428                     /home/thkim0/venv/v1/lib/python3.10/site-packages/scipy/interpolate/interpnd.cpython-310-x86_64-linux-gnu.so
77d9c2c8f000-77d9c2c90000 r--p 00067000 08:30 208428                     /home/thkim0/venv/v1/lib/python3.10/site-packages/scipy/interpolate/interpnd.cpython-310-x86_64-linux-gnu.so
77d9c2c90000-77d9c2c93000 rw-p 00068000 08:30 208428                     /home/thkim0/venv/v1/lib/python3.10/site-packages/scipy/interpolate/interpnd.cpython-310-x86_64-linux-gnu.so
77d9c2c93000-77d9c2c94000 rw-p 00000000 00:00 0 
77d9c2c94000-77d9c2c99000 r--p 00000000 08:30 208438                     /home/thkim0/venv/v1/lib/python3.10/site-packages/scipy/interpolate/_ppoly.cpython-310-x86_64-linux-gnu.so
77d9c2c99000-77d9c2cf0000 r-xp 00005000 08:30 208438                     /home/thkim0/venv/v1/lib/python3.10/site-packages/scipy/interpolate/_ppoly.cpython-310-x86_64-linux-gnu.so
77d9c2cf0000-77d9c2cfb000 r--p 0005c000 08:30 208438                     /home/thkim0/venv/v1/lib/python3.10/site-packages/scipy/interpolate/_ppoly.cpython-310-x86_64-linux-gnu.so
77d9c2cfb000-77d9c2cfc000 r--p 00066000 08:30 208438                     /home/thkim0/venv/v1/lib/python3.10/site-packages/scipy/interpolate/_ppoly.cpython-310-x86_64-linux-gnu.so
77d9c2cfc000-77d9c2cfe000 rw-p 00067000 08:30 208438                     /home/thkim0/venv/v1/lib/python3.10/site-packages/scipy/interpolate/_ppoly.cpython-310-x86_64-linux-gnu.so
77d9c2cfe000-77d9c2cff000 rw-p 00000000 00:00 0 
77d9c2cff000-77d9c2d04000 r--p 00000000 08:30 208441                     /home/thkim0/venv/v1/lib/python3.10/site-packages/scipy/interpolate/_bspl.cpython-310-x86_64-linux-gnu.so
77d9c2d04000-77d9c2d59000 r-xp 00005000 08:30 208441                     /home/thkim0/venv/v1/lib/python3.10/site-packages/scipy/interpolate/_bspl.cpython-310-x86_64-linux-gnu.so
77d9c2d59000-77d9c2d66000 r--p 0005a000 08:30 208441                     /home/thkim0/venv/v1/lib/python3.10/site-packages/scipy/interpolate/_bspl.cpython-310-x86_64-linux-gnu.so
77d9c2d66000-77d9c2d67000 ---p 00067000 08:30 208441                     /home/thkim0/venv/v1/lib/python3.10/site-packages/scipy/interpolate/_bspl.cpython-310-x86_64-linux-gnu.so
77d9c2d67000-77d9c2d68000 r--p 00067000 08:30 208441                     /home/thkim0/venv/v1/lib/python3.10/site-packages/scipy/interpolate/_bspl.cpython-310-x86_64-linux-gnu.so
77d9c2d68000-77d9c2d6b000 rw-p 00068000 08:30 208441                     /home/thkim0/venv/v1/lib/python3.10/site-packages/scipy/interpolate/_bspl.cpython-310-x86_64-linux-gnu.so
77d9c2d6b000-77d9c2d6f000 r--p 00000000 08:30 208444                     /home/thkim0/venv/v1/lib/python3.10/site-packages/scipy/interpolate/dfitpack.cpython-310-x86_64-linux-gnu.so
77d9c2d6f000-77d9c2dab000 r-xp 00004000 08:30 208444                     /home/thkim0/venv/v1/lib/python3.10/site-packages/scipy/interpolate/dfitpack.cpython-310-x86_64-linux-gnu.so
77d9c2dab000-77d9c2db6000 r--p 00040000 08:30 208444                     /home/thkim0/venv/v1/lib/python3.10/site-packages/scipy/interpolate/dfitpack.cpython-310-x86_64-linux-gnu.so
77d9c2db6000-77d9c2db7000 ---p 0004b000 08:30 208444                     /home/thkim0/venv/v1/lib/python3.10/site-packages/scipy/interpolate/dfitpack.cpython-310-x86_64-linux-gnu.so
77d9c2db7000-77d9c2db8000 r--p 0004b000 08:30 208444                     /home/thkim0/venv/v1/lib/python3.10/site-packages/scipy/interpolate/dfitpack.cpython-310-x86_64-linux-gnu.so
77d9c2db8000-77d9c2dc0000 rw-p 0004c000 08:30 208444                     /home/thkim0/venv/v1/lib/python3.10/site-packages/scipy/interpolate/dfitpack.cpython-310-x86_64-linux-gnu.so
77d9c2dc0000-77d9c2dc2000 rw-p 00057000 08:30 208444                     /home/thkim0/venv/v1/lib/python3.10/site-packages/scipy/interpolate/dfitpack.cpython-310-x86_64-linux-gnu.so
77d9c2dc2000-77d9c2dc3000 r--p 00000000 08:30 208430                     /home/thkim0/venv/v1/lib/python3.10/site-packages/scipy/interpolate/_fitpack.cpython-310-x86_64-linux-gnu.so
77d9c2dc3000-77d9c2dd3000 r-xp 00001000 08:30 208430                     /home/thkim0/venv/v1/lib/python3.10/site-packages/scipy/interpolate/_fitpack.cpython-310-x86_64-linux-gnu.so
77d9c2dd3000-77d9c2dd5000 r--p 00011000 08:30 208430                     /home/thkim0/venv/v1/lib/python3.10/site-packages/scipy/interpolate/_fitpack.cpython-310-x86_64-linux-gnu.so
77d9c2dd5000-77d9c2dd6000 r--p 00012000 08:30 208430                     /home/thkim0/venv/v1/lib/python3.10/site-packages/scipy/interpolate/_fitpack.cpython-310-x86_64-linux-gnu.so
77d9c2dd6000-77d9c2dd7000 rw-p 00013000 08:30 208430                     /home/thkim0/venv/v1/lib/python3.10/site-packages/scipy/interpolate/_fitpack.cpython-310-x86_64-linux-gnu.so
77d9c2dd7000-77d9c2dd9000 rw-p 00015000 08:30 208430                     /home/thkim0/venv/v1/lib/python3.10/site-packages/scipy/interpolate/_fitpack.cpython-310-x86_64-linux-gnu.so
77d9c2dd9000-77d9c2ed9000 rw-p 00000000 00:00 0 
77d9c2ed9000-77d9c2edc000 r--p 00000000 08:30 208299                     /home/thkim0/venv/v1/lib/python3.10/site-packages/scipy/stats/_boost/invgauss_ufunc.cpython-310-x86_64-linux-gnu.so
77d9c2edc000-77d9c2ef5000 r-xp 00003000 08:30 208299                     /home/thkim0/venv/v1/lib/python3.10/site-packages/scipy/stats/_boost/invgauss_ufunc.cpython-310-x86_64-linux-gnu.so
77d9c2ef5000-77d9c2efa000 r--p 0001c000 08:30 208299                     /home/thkim0/venv/v1/lib/python3.10/site-packages/scipy/stats/_boost/invgauss_ufunc.cpython-310-x86_64-linux-gnu.so
77d9c2efa000-77d9c2efb000 r--p 00020000 08:30 208299                     /home/thkim0/venv/v1/lib/python3.10/site-packages/scipy/stats/_boost/invgauss_ufunc.cpython-310-x86_64-linux-gnu.so
77d9c2efb000-77d9c2efc000 rw-p 00021000 08:30 208299                     /home/thkim0/venv/v1/lib/python3.10/site-packages/scipy/stats/_boost/invgauss_ufunc.cpython-310-x86_64-linux-gnu.so
77d9c2efc000-77d9c2eff000 r--p 00000000 08:30 208295                     /home/thkim0/venv/v1/lib/python3.10/site-packages/scipy/stats/_boost/skewnorm_ufunc.cpython-310-x86_64-linux-gnu.so
77d9c2eff000-77d9c2f0e000 r-xp 00003000 08:30 208295                     /home/thkim0/venv/v1/lib/python3.10/site-packages/scipy/stats/_boost/skewnorm_ufunc.cpython-310-x86_64-linux-gnu.so
77d9c2f0e000-77d9c2f11000 r--p 00012000 08:30 208295                     /home/thkim0/venv/v1/lib/python3.10/site-packages/scipy/stats/_boost/skewnorm_ufunc.cpython-310-x86_64-linux-gnu.so
77d9c2f11000-77d9c2f12000 r--p 00014000 08:30 208295                     /home/thkim0/venv/v1/lib/python3.10/site-packages/scipy/stats/_boost/skewnorm_ufunc.cpython-310-x86_64-linux-gnu.so
77d9c2f12000-77d9c2f13000 rw-p 00015000 08:30 208295                     /home/thkim0/venv/v1/lib/python3.10/site-packages/scipy/stats/_boost/skewnorm_ufunc.cpython-310-x86_64-linux-gnu.so
77d9c2f13000-77d9c2f16000 r--p 00000000 08:30 208298                     /home/thkim0/venv/v1/lib/python3.10/site-packages/scipy/stats/_boost/nct_ufunc.cpython-310-x86_64-linux-gnu.so
77d9c2f16000-77d9c2f3b000 r-xp 00003000 08:30 208298                     /home/thkim0/venv/v1/lib/python3.10/site-packages/scipy/stats/_boost/nct_ufunc.cpython-310-x86_64-linux-gnu.so
77d9c2f3b000-77d9c2f40000 r--p 00028000 08:30 208298                     /home/thkim0/venv/v1/lib/python3.10/site-packages/scipy/stats/_boost/nct_ufunc.cpython-310-x86_64-linux-gnu.so
77d9c2f40000-77d9c2f41000 r--p 0002c000 08:30 208298                     /home/thkim0/venv/v1/lib/python3.10/site-packages/scipy/stats/_boost/nct_ufunc.cpython-310-x86_64-linux-gnu.so
77d9c2f41000-77d9c2f42000 rw-p 0002d000 08:30 208298                     /home/thkim0/venv/v1/lib/python3.10/site-packages/scipy/stats/_boost/nct_ufunc.cpython-310-x86_64-linux-gnu.so
77d9c2f42000-77d9c2f45000 r--p 00000000 08:30 208294                     /home/thkim0/venv/v1/lib/python3.10/site-packages/scipy/stats/_boost/ncx2_ufunc.cpython-310-x86_64-linux-gnu.so
77d9c2f45000-77d9c2f5f000 r-xp 00003000 08:30 208294                     /home/thkim0/venv/v1/lib/python3.10/site-packages/scipy/stats/_boost/ncx2_ufunc.cpython-310-x86_64-linux-gnu.so
77d9c2f5f000-77d9c2f64000 r--p 0001d000 08:30 208294                     /home/thkim0/venv/v1/lib/python3.10/site-packages/scipy/stats/_boost/ncx2_ufunc.cpython-310-x86_64-linux-gnu.so
77d9c2f64000-77d9c2f65000 r--p 00021000 08:30 208294                     /home/thkim0/venv/v1/lib/python3.10/site-packages/scipy/stats/_boost/ncx2_ufunc.cpython-310-x86_64-linux-gnu.so
77d9c2f65000-77d9c2f66000 rw-p 00022000 08:30 208294                     /home/thkim0/venv/v1/lib/python3.10/site-packages/scipy/stats/_boost/ncx2_ufunc.cpython-310-x86_64-linux-gnu.so
77d9c2f66000-77d9c2f69000 r--p 00000000 08:30 208302                     /home/thkim0/venv/v1/lib/python3.10/site-packages/scipy/stats/_boost/ncf_ufunc.cpython-310-x86_64-linux-gnu.so
77d9c2f69000-77d9c2f84000 r-xp 00003000 08:30 208302                     /home/thkim0/venv/v1/lib/python3.10/site-packages/scipy/stats/_boost/ncf_ufunc.cpython-310-x86_64-linux-gnu.so
77d9c2f84000-77d9c2f89000 r--p 0001e000 08:30 208302                     /home/thkim0/venv/v1/lib/python3.10/site-packages/scipy/stats/_boost/ncf_ufunc.cpython-310-x86_64-linux-gnu.so
77d9c2f89000-77d9c2f8a000 r--p 00022000 08:30 208302                     /home/thkim0/venv/v1/lib/python3.10/site-packages/scipy/stats/_boost/ncf_ufunc.cpython-310-x86_64-linux-gnu.so
77d9c2f8a000-77d9c2f8b000 rw-p 00023000 08:30 208302                     /home/thkim0/venv/v1/lib/python3.10/site-packages/scipy/stats/_boost/ncf_ufunc.cpython-310-x86_64-linux-gnu.so
77d9c2f8b000-77d9c2f8e000 r--p 00000000 08:30 208296                     /home/thkim0/venv/v1/lib/python3.10/site-packages/scipy/stats/_boost/nbinom_ufunc.cpython-310-x86_64-linux-gnu.so
77d9c2f8e000-77d9c2fa9000 r-xp 00003000 08:30 208296                     /home/thkim0/venv/v1/lib/python3.10/site-packages/scipy/stats/_boost/nbinom_ufunc.cpython-310-x86_64-linux-gnu.so
77d9c2fa9000-77d9c2fae000 r--p 0001e000 08:30 208296                     /home/thkim0/venv/v1/lib/python3.10/site-packages/scipy/stats/_boost/nbinom_ufunc.cpython-310-x86_64-linux-gnu.so
77d9c2fae000-77d9c2faf000 r--p 00022000 08:30 208296                     /home/thkim0/venv/v1/lib/python3.10/site-packages/scipy/stats/_boost/nbinom_ufunc.cpython-310-x86_64-linux-gnu.so
77d9c2faf000-77d9c2fb0000 rw-p 00023000 08:30 208296                     /home/thkim0/venv/v1/lib/python3.10/site-packages/scipy/stats/_boost/nbinom_ufunc.cpython-310-x86_64-linux-gnu.so
77d9c2fb0000-77d9c2fb3000 r--p 00000000 08:30 208297                     /home/thkim0/venv/v1/lib/python3.10/site-packages/scipy/stats/_boost/binom_ufunc.cpython-310-x86_64-linux-gnu.so
77d9c2fb3000-77d9c2fce000 r-xp 00003000 08:30 208297                     /home/thkim0/venv/v1/lib/python3.10/site-packages/scipy/stats/_boost/binom_ufunc.cpython-310-x86_64-linux-gnu.so
77d9c2fce000-77d9c2fd3000 r--p 0001e000 08:30 208297                     /home/thkim0/venv/v1/lib/python3.10/site-packages/scipy/stats/_boost/binom_ufunc.cpython-310-x86_64-linux-gnu.so
77d9c2fd3000-77d9c2fd4000 r--p 00022000 08:30 208297                     /home/thkim0/venv/v1/lib/python3.10/site-packages/scipy/stats/_boost/binom_ufunc.cpython-310-x86_64-linux-gnu.so
77d9c2fd4000-77d9c2fd5000 rw-p 00023000 08:30 208297                     /home/thkim0/venv/v1/lib/python3.10/site-packages/scipy/stats/_boost/binom_ufunc.cpython-310-x86_64-linux-gnu.so
77d9c2fd5000-77d9c2fd8000 r--p 00000000 08:30 208292                     /home/thkim0/venv/v1/lib/python3.10/site-packages/scipy/stats/_boost/beta_ufunc.cpython-310-x86_64-linux-gnu.so
77d9c2fd8000-77d9c2ff8000 r-xp 00003000 08:30 208292                     /home/thkim0/venv/v1/lib/python3.10/site-packages/scipy/stats/_boost/beta_ufunc.cpython-310-x86_64-linux-gnu.so
77d9c2ff8000-77d9c2ffe000 r--p 00023000 08:30 208292                     /home/thkim0/venv/v1/lib/python3.10/site-packages/scipy/stats/_boost/beta_ufunc.cpython-310-x86_64-linux-gnu.so
77d9c2ffe000-77d9c2fff000 r--p 00028000 08:30 208292                     /home/thkim0/venv/v1/lib/python3.10/site-packages/scipy/stats/_boost/beta_ufunc.cpython-310-x86_64-linux-gnu.so
77d9c2fff000-77d9c3000000 rw-p 00029000 08:30 208292                     /home/thkim0/venv/v1/lib/python3.10/site-packages/scipy/stats/_boost/beta_ufunc.cpython-310-x86_64-linux-gnu.so
77d9c3000000-77d9c300d000 r--p 00000000 08:30 207416                     /home/thkim0/venv/v1/lib/python3.10/site-packages/scipy/special/cython_special.cpython-310-x86_64-linux-gnu.so
77d9c300d000-77d9c32c1000 r-xp 0000d000 08:30 207416                     /home/thkim0/venv/v1/lib/python3.10/site-packages/scipy/special/cython_special.cpython-310-x86_64-linux-gnu.so
77d9c32c1000-77d9c3308000 r--p 002c1000 08:30 207416                     /home/thkim0/venv/v1/lib/python3.10/site-packages/scipy/special/cython_special.cpython-310-x86_64-linux-gnu.so
77d9c3308000-77d9c3309000 r--p 00307000 08:30 207416                     /home/thkim0/venv/v1/lib/python3.10/site-packages/scipy/special/cython_special.cpython-310-x86_64-linux-gnu.so
77d9c3309000-77d9c3311000 rw-p 00308000 08:30 207416                     /home/thkim0/venv/v1/lib/python3.10/site-packages/scipy/special/cython_special.cpython-310-x86_64-linux-gnu.so
77d9c3311000-77d9c3313000 rw-p 00000000 00:00 0 
77d9c3313000-77d9c3317000 rw-p 00377000 08:30 207416                     /home/thkim0/venv/v1/lib/python3.10/site-packages/scipy/special/cython_special.cpython-310-x86_64-linux-gnu.so
77d9c331d000-77d9c3320000 r--p 00000000 08:30 208301                     /home/thkim0/venv/v1/lib/python3.10/site-packages/scipy/stats/_boost/hypergeom_ufunc.cpython-310-x86_64-linux-gnu.so
77d9c3320000-77d9c332d000 r-xp 00003000 08:30 208301                     /home/thkim0/venv/v1/lib/python3.10/site-packages/scipy/stats/_boost/hypergeom_ufunc.cpython-310-x86_64-linux-gnu.so
77d9c332d000-77d9c3335000 r--p 00010000 08:30 208301                     /home/thkim0/venv/v1/lib/python3.10/site-packages/scipy/stats/_boost/hypergeom_ufunc.cpython-310-x86_64-linux-gnu.so
77d9c3335000-77d9c3336000 r--p 00017000 08:30 208301                     /home/thkim0/venv/v1/lib/python3.10/site-packages/scipy/stats/_boost/hypergeom_ufunc.cpython-310-x86_64-linux-gnu.so
77d9c3336000-77d9c3337000 rw-p 00018000 08:30 208301                     /home/thkim0/venv/v1/lib/python3.10/site-packages/scipy/stats/_boost/hypergeom_ufunc.cpython-310-x86_64-linux-gnu.so
77d9c3337000-77d9c3437000 rw-p 00000000 00:00 0 
77d9c3437000-77d9c343d000 r--p 00000000 08:30 208215                     /home/thkim0/venv/v1/lib/python3.10/site-packages/scipy/stats/_stats.cpython-310-x86_64-linux-gnu.so
77d9c343d000-77d9c34d2000 r-xp 00006000 08:30 208215                     /home/thkim0/venv/v1/lib/python3.10/site-packages/scipy/stats/_stats.cpython-310-x86_64-linux-gnu.so
77d9c34d2000-77d9c34e0000 r--p 0009b000 08:30 208215                     /home/thkim0/venv/v1/lib/python3.10/site-packages/scipy/stats/_stats.cpython-310-x86_64-linux-gnu.so
77d9c34e0000-77d9c34e1000 r--p 000a8000 08:30 208215                     /home/thkim0/venv/v1/lib/python3.10/site-packages/scipy/stats/_stats.cpython-310-x86_64-linux-gnu.so
77d9c34e1000-77d9c34e4000 rw-p 000a9000 08:30 208215                     /home/thkim0/venv/v1/lib/python3.10/site-packages/scipy/stats/_stats.cpython-310-x86_64-linux-gnu.so
77d9c34e4000-77d9c35e6000 rw-p 00000000 00:00 0 
77d9c35e6000-77d9c35e9000 r--p 00000000 08:30 208376                     /home/thkim0/venv/v1/lib/python3.10/site-packages/scipy/integrate/_lsoda.cpython-310-x86_64-linux-gnu.so
77d9c35e9000-77d9c35f6000 r-xp 00003000 08:30 208376                     /home/thkim0/venv/v1/lib/python3.10/site-packages/scipy/integrate/_lsoda.cpython-310-x86_64-linux-gnu.so
77d9c35f6000-77d9c35fa000 r--p 00010000 08:30 208376                     /home/thkim0/venv/v1/lib/python3.10/site-packages/scipy/integrate/_lsoda.cpython-310-x86_64-linux-gnu.so
77d9c35fa000-77d9c35fb000 r--p 00013000 08:30 208376                     /home/thkim0/venv/v1/lib/python3.10/site-packages/scipy/integrate/_lsoda.cpython-310-x86_64-linux-gnu.so
77d9c35fb000-77d9c35fd000 rw-p 00014000 08:30 208376                     /home/thkim0/venv/v1/lib/python3.10/site-packages/scipy/integrate/_lsoda.cpython-310-x86_64-linux-gnu.so
77d9c35fd000-77d9c3600000 rw-p 00018000 08:30 208376                     /home/thkim0/venv/v1/lib/python3.10/site-packages/scipy/integrate/_lsoda.cpython-310-x86_64-linux-gnu.so
77d9c3600000-77d9c360d000 r--p 00000000 08:30 217616                     /home/thkim0/venv/v1/lib/python3.10/site-packages/scipy/optimize/_highs/_highs_wrapper.cpython-310-x86_64-linux-gnu.so
77d9c360d000-77d9c38f5000 r-xp 0000d000 08:30 217616                     /home/thkim0/venv/v1/lib/python3.10/site-packages/scipy/optimize/_highs/_highs_wrapper.cpython-310-x86_64-linux-gnu.so
77d9c38f5000-77d9c3962000 r--p 002f5000 08:30 217616                     /home/thkim0/venv/v1/lib/python3.10/site-packages/scipy/optimize/_highs/_highs_wrapper.cpython-310-x86_64-linux-gnu.so
77d9c3962000-77d9c3963000 ---p 00362000 08:30 217616                     /home/thkim0/venv/v1/lib/python3.10/site-packages/scipy/optimize/_highs/_highs_wrapper.cpython-310-x86_64-linux-gnu.so
77d9c3963000-77d9c3965000 r--p 00362000 08:30 217616                     /home/thkim0/venv/v1/lib/python3.10/site-packages/scipy/optimize/_highs/_highs_wrapper.cpython-310-x86_64-linux-gnu.so
77d9c3965000-77d9c3967000 rw-p 00364000 08:30 217616                     /home/thkim0/venv/v1/lib/python3.10/site-packages/scipy/optimize/_highs/_highs_wrapper.cpython-310-x86_64-linux-gnu.so
77d9c3967000-77d9c396b000 rw-p 00000000 00:00 0 
77d9c396d000-77d9c3970000 r--p 00000000 08:30 208373                     /home/thkim0/venv/v1/lib/python3.10/site-packages/scipy/integrate/_dop.cpython-310-x86_64-linux-gnu.so
77d9c3970000-77d9c397e000 r-xp 00003000 08:30 208373                     /home/thkim0/venv/v1/lib/python3.10/site-packages/scipy/integrate/_dop.cpython-310-x86_64-linux-gnu.so
77d9c397e000-77d9c3982000 r--p 00011000 08:30 208373                     /home/thkim0/venv/v1/lib/python3.10/site-packages/scipy/integrate/_dop.cpython-310-x86_64-linux-gnu.so
77d9c3982000-77d9c3983000 r--p 00014000 08:30 208373                     /home/thkim0/venv/v1/lib/python3.10/site-packages/scipy/integrate/_dop.cpython-310-x86_64-linux-gnu.so
77d9c3983000-77d9c3985000 rw-p 00015000 08:30 208373                     /home/thkim0/venv/v1/lib/python3.10/site-packages/scipy/integrate/_dop.cpython-310-x86_64-linux-gnu.so
77d9c3985000-77d9c3988000 rw-p 00019000 08:30 208373                     /home/thkim0/venv/v1/lib/python3.10/site-packages/scipy/integrate/_dop.cpython-310-x86_64-linux-gnu.so
77d9c3988000-77d9c398b000 r--p 00000000 08:30 208370                     /home/thkim0/venv/v1/lib/python3.10/site-packages/scipy/integrate/_vode.cpython-310-x86_64-linux-gnu.so
77d9c398b000-77d9c39a3000 r-xp 00003000 08:30 208370                     /home/thkim0/venv/v1/lib/python3.10/site-packages/scipy/integrate/_vode.cpython-310-x86_64-linux-gnu.so
77d9c39a3000-77d9c39a9000 r--p 0001b000 08:30 208370                     /home/thkim0/venv/v1/lib/python3.10/site-packages/scipy/integrate/_vode.cpython-310-x86_64-linux-gnu.so
77d9c39a9000-77d9c39aa000 r--p 00020000 08:30 208370                     /home/thkim0/venv/v1/lib/python3.10/site-packages/scipy/integrate/_vode.cpython-310-x86_64-linux-gnu.so
77d9c39aa000-77d9c39ac000 rw-p 00021000 08:30 208370                     /home/thkim0/venv/v1/lib/python3.10/site-packages/scipy/integrate/_vode.cpython-310-x86_64-linux-gnu.so
77d9c39ac000-77d9c39af000 rw-p 00026000 08:30 208370                     /home/thkim0/venv/v1/lib/python3.10/site-packages/scipy/integrate/_vode.cpython-310-x86_64-linux-gnu.so
77d9c39af000-77d9c39b1000 r--p 00000000 08:30 208380                     /home/thkim0/venv/v1/lib/python3.10/site-packages/scipy/integrate/_quadpack.cpython-310-x86_64-linux-gnu.so
77d9c39b1000-77d9c39c4000 r-xp 00002000 08:30 208380                     /home/thkim0/venv/v1/lib/python3.10/site-packages/scipy/integrate/_quadpack.cpython-310-x86_64-linux-gnu.so
77d9c39c4000-77d9c39c7000 r--p 00015000 08:30 208380                     /home/thkim0/venv/v1/lib/python3.10/site-packages/scipy/integrate/_quadpack.cpython-310-x86_64-linux-gnu.so
77d9c39c7000-77d9c39c8000 r--p 00017000 08:30 208380                     /home/thkim0/venv/v1/lib/python3.10/site-packages/scipy/integrate/_quadpack.cpython-310-x86_64-linux-gnu.so
77d9c39c8000-77d9c39c9000 rw-p 00018000 08:30 208380                     /home/thkim0/venv/v1/lib/python3.10/site-packages/scipy/integrate/_quadpack.cpython-310-x86_64-linux-gnu.so
77d9c39c9000-77d9c39cb000 rw-p 0001b000 08:30 208380                     /home/thkim0/venv/v1/lib/python3.10/site-packages/scipy/integrate/_quadpack.cpython-310-x86_64-linux-gnu.so
77d9c39cb000-77d9c39cd000 r--p 00000000 08:30 208382                     /home/thkim0/venv/v1/lib/python3.10/site-packages/scipy/integrate/_odepack.cpython-310-x86_64-linux-gnu.so
77d9c39cd000-77d9c39d8000 r-xp 00002000 08:30 208382                     /home/thkim0/venv/v1/lib/python3.10/site-packages/scipy/integrate/_odepack.cpython-310-x86_64-linux-gnu.so
77d9c39d8000-77d9c39db000 r--p 0000d000 08:30 208382                     /home/thkim0/venv/v1/lib/python3.10/site-packages/scipy/integrate/_odepack.cpython-310-x86_64-linux-gnu.so
77d9c39db000-77d9c39dc000 r--p 0000f000 08:30 208382                     /home/thkim0/venv/v1/lib/python3.10/site-packages/scipy/integrate/_odepack.cpython-310-x86_64-linux-gnu.so
77d9c39dc000-77d9c39dd000 rw-p 00010000 08:30 208382                     /home/thkim0/venv/v1/lib/python3.10/site-packages/scipy/integrate/_odepack.cpython-310-x86_64-linux-gnu.so
77d9c39dd000-77d9c39df000 rw-p 00013000 08:30 208382                     /home/thkim0/venv/v1/lib/python3.10/site-packages/scipy/integrate/_odepack.cpython-310-x86_64-linux-gnu.so
77d9c39df000-77d9c39e4000 r--p 00000000 08:30 217591                     /home/thkim0/venv/v1/lib/python3.10/site-packages/scipy/optimize/_pava_pybind.cpython-310-x86_64-linux-gnu.so
77d9c39e4000-77d9c39fc000 r-xp 00005000 08:30 217591                     /home/thkim0/venv/v1/lib/python3.10/site-packages/scipy/optimize/_pava_pybind.cpython-310-x86_64-linux-gnu.so
77d9c39fc000-77d9c3a04000 r--p 0001d000 08:30 217591                     /home/thkim0/venv/v1/lib/python3.10/site-packages/scipy/optimize/_pava_pybind.cpython-310-x86_64-linux-gnu.so
77d9c3a04000-77d9c3a05000 r--p 00024000 08:30 217591                     /home/thkim0/venv/v1/lib/python3.10/site-packages/scipy/optimize/_pava_pybind.cpython-310-x86_64-linux-gnu.so
77d9c3a05000-77d9c3a06000 rw-p 00025000 08:30 217591                     /home/thkim0/venv/v1/lib/python3.10/site-packages/scipy/optimize/_pava_pybind.cpython-310-x86_64-linux-gnu.so
77d9c3a06000-77d9c3a0c000 r--p 00000000 08:30 208511                     /home/thkim0/venv/v1/lib/python3.10/site-packages/scipy/optimize/_bglu_dense.cpython-310-x86_64-linux-gnu.so
77d9c3a0c000-77d9c3a47000 r-xp 00006000 08:30 208511                     /home/thkim0/venv/v1/lib/python3.10/site-packages/scipy/optimize/_bglu_dense.cpython-310-x86_64-linux-gnu.so
77d9c3a47000-77d9c3a51000 r--p 00041000 08:30 208511                     /home/thkim0/venv/v1/lib/python3.10/site-packages/scipy/optimize/_bglu_dense.cpython-310-x86_64-linux-gnu.so
77d9c3a51000-77d9c3a52000 ---p 0004b000 08:30 208511                     /home/thkim0/venv/v1/lib/python3.10/site-packages/scipy/optimize/_bglu_dense.cpython-310-x86_64-linux-gnu.so
77d9c3a52000-77d9c3a53000 r--p 0004b000 08:30 208511                     /home/thkim0/venv/v1/lib/python3.10/site-packages/scipy/optimize/_bglu_dense.cpython-310-x86_64-linux-gnu.so
77d9c3a53000-77d9c3a56000 rw-p 0004c000 08:30 208511                     /home/thkim0/venv/v1/lib/python3.10/site-packages/scipy/optimize/_bglu_dense.cpython-310-x86_64-linux-gnu.so
77d9c3a56000-77d9c3a57000 rw-p 00000000 00:00 0 
77d9c3a57000-77d9c3a5d000 r--p 00000000 08:30 208163                     /home/thkim0/venv/v1/lib/python3.10/site-packages/scipy/linalg/_interpolative.cpython-310-x86_64-linux-gnu.so
77d9c3a5d000-77d9c3aa0000 r-xp 00006000 08:30 208163                     /home/thkim0/venv/v1/lib/python3.10/site-packages/scipy/linalg/_interpolative.cpython-310-x86_64-linux-gnu.so
77d9c3aa0000-77d9c3ab2000 r--p 00049000 08:30 208163                     /home/thkim0/venv/v1/lib/python3.10/site-packages/scipy/linalg/_interpolative.cpython-310-x86_64-linux-gnu.so
77d9c3ab2000-77d9c3ab3000 r--p 0005a000 08:30 208163                     /home/thkim0/venv/v1/lib/python3.10/site-packages/scipy/linalg/_interpolative.cpython-310-x86_64-linux-gnu.so
77d9c3ab3000-77d9c3ac3000 rw-p 0005b000 08:30 208163                     /home/thkim0/venv/v1/lib/python3.10/site-packages/scipy/linalg/_interpolative.cpython-310-x86_64-linux-gnu.so
77d9c3ac3000-77d9c3ac6000 rw-p 00072000 08:30 208163                     /home/thkim0/venv/v1/lib/python3.10/site-packages/scipy/linalg/_interpolative.cpython-310-x86_64-linux-gnu.so
77d9c3ac6000-77d9c3acb000 r--p 00000000 08:30 217634                     /home/thkim0/venv/v1/lib/python3.10/site-packages/scipy/optimize/_lsq/givens_elimination.cpython-310-x86_64-linux-gnu.so
77d9c3acb000-77d9c3aef000 r-xp 00005000 08:30 217634                     /home/thkim0/venv/v1/lib/python3.10/site-packages/scipy/optimize/_lsq/givens_elimination.cpython-310-x86_64-linux-gnu.so
77d9c3aef000-77d9c3af6000 r--p 00029000 08:30 217634                     /home/thkim0/venv/v1/lib/python3.10/site-packages/scipy/optimize/_lsq/givens_elimination.cpython-310-x86_64-linux-gnu.so
77d9c3af6000-77d9c3af7000 ---p 00030000 08:30 217634                     /home/thkim0/venv/v1/lib/python3.10/site-packages/scipy/optimize/_lsq/givens_elimination.cpython-310-x86_64-linux-gnu.so
77d9c3af7000-77d9c3af8000 r--p 00030000 08:30 217634                     /home/thkim0/venv/v1/lib/python3.10/site-packages/scipy/optimize/_lsq/givens_elimination.cpython-310-x86_64-linux-gnu.so
77d9c3af8000-77d9c3afa000 rw-p 00031000 08:30 217634                     /home/thkim0/venv/v1/lib/python3.10/site-packages/scipy/optimize/_lsq/givens_elimination.cpython-310-x86_64-linux-gnu.so
77d9c3afa000-77d9c3bfa000 rw-p 00000000 00:00 0 
77d9c3bfa000-77d9c3bfc000 r--p 00000000 08:30 208519                     /home/thkim0/venv/v1/lib/python3.10/site-packages/scipy/optimize/_minpack.cpython-310-x86_64-linux-gnu.so
77d9c3bfc000-77d9c3c09000 r-xp 00002000 08:30 208519                     /home/thkim0/venv/v1/lib/python3.10/site-packages/scipy/optimize/_minpack.cpython-310-x86_64-linux-gnu.so
77d9c3c09000-77d9c3c0b000 r--p 0000f000 08:30 208519                     /home/thkim0/venv/v1/lib/python3.10/site-packages/scipy/optimize/_minpack.cpython-310-x86_64-linux-gnu.so
77d9c3c0b000-77d9c3c0c000 r--p 00010000 08:30 208519                     /home/thkim0/venv/v1/lib/python3.10/site-packages/scipy/optimize/_minpack.cpython-310-x86_64-linux-gnu.so
77d9c3c0c000-77d9c3c0d000 rw-p 00011000 08:30 208519                     /home/thkim0/venv/v1/lib/python3.10/site-packages/scipy/optimize/_minpack.cpython-310-x86_64-linux-gnu.so
77d9c3c0d000-77d9c3c0f000 r--p 00000000 08:30 208503                     /home/thkim0/venv/v1/lib/python3.10/site-packages/scipy/optimize/_slsqp.cpython-310-x86_64-linux-gnu.so
77d9c3c0f000-77d9c3c1b000 r-xp 00002000 08:30 208503                     /home/thkim0/venv/v1/lib/python3.10/site-packages/scipy/optimize/_slsqp.cpython-310-x86_64-linux-gnu.so
77d9c3c1b000-77d9c3c1e000 r--p 0000e000 08:30 208503                     /home/thkim0/venv/v1/lib/python3.10/site-packages/scipy/optimize/_slsqp.cpython-310-x86_64-linux-gnu.so
77d9c3c1e000-77d9c3c1f000 r--p 00010000 08:30 208503                     /home/thkim0/venv/v1/lib/python3.10/site-packages/scipy/optimize/_slsqp.cpython-310-x86_64-linux-gnu.so
77d9c3c1f000-77d9c3c20000 rw-p 00011000 08:30 208503                     /home/thkim0/venv/v1/lib/python3.10/site-packages/scipy/optimize/_slsqp.cpython-310-x86_64-linux-gnu.so
77d9c3c20000-77d9c3d20000 rw-p 00000000 00:00 0 
77d9c3d20000-77d9c3d27000 r--p 00000000 08:30 208052                     /home/thkim0/venv/v1/lib/python3.10/site-packages/scipy/spatial/transform/_rotation.cpython-310-x86_64-linux-gnu.so
77d9c3d27000-77d9c3dc8000 r-xp 00007000 08:30 208052                     /home/thkim0/venv/v1/lib/python3.10/site-packages/scipy/spatial/transform/_rotation.cpython-310-x86_64-linux-gnu.so
77d9c3dc8000-77d9c3df9000 r--p 000a8000 08:30 208052                     /home/thkim0/venv/v1/lib/python3.10/site-packages/scipy/spatial/transform/_rotation.cpython-310-x86_64-linux-gnu.so
77d9c3df9000-77d9c3dfa000 r--p 000d8000 08:30 208052                     /home/thkim0/venv/v1/lib/python3.10/site-packages/scipy/spatial/transform/_rotation.cpython-310-x86_64-linux-gnu.so
77d9c3dfa000-77d9c3dfe000 rw-p 000d9000 08:30 208052                     /home/thkim0/venv/v1/lib/python3.10/site-packages/scipy/spatial/transform/_rotation.cpython-310-x86_64-linux-gnu.so
77d9c3dfe000-77d9c3e00000 rw-p 00000000 00:00 0 
77d9c3e00000-77d9c7e00000 rw-p 00000000 00:00 0 
77d9c7e04000-77d9c7e0a000 r--p 00000000 08:30 208043                     /home/thkim0/venv/v1/lib/python3.10/site-packages/scipy/spatial/_distance_pybind.cpython-310-x86_64-linux-gnu.so
77d9c7e0a000-77d9c7e6f000 r-xp 00006000 08:30 208043                     /home/thkim0/venv/v1/lib/python3.10/site-packages/scipy/spatial/_distance_pybind.cpython-310-x86_64-linux-gnu.so
77d9c7e6f000-77d9c7e7f000 r--p 0006b000 08:30 208043                     /home/thkim0/venv/v1/lib/python3.10/site-packages/scipy/spatial/_distance_pybind.cpython-310-x86_64-linux-gnu.so
77d9c7e7f000-77d9c7e80000 ---p 0007b000 08:30 208043                     /home/thkim0/venv/v1/lib/python3.10/site-packages/scipy/spatial/_distance_pybind.cpython-310-x86_64-linux-gnu.so
77d9c7e80000-77d9c7e81000 r--p 0007b000 08:30 208043                     /home/thkim0/venv/v1/lib/python3.10/site-packages/scipy/spatial/_distance_pybind.cpython-310-x86_64-linux-gnu.so
77d9c7e81000-77d9c7e82000 rw-p 0007c000 08:30 208043                     /home/thkim0/venv/v1/lib/python3.10/site-packages/scipy/spatial/_distance_pybind.cpython-310-x86_64-linux-gnu.so
77d9c7e82000-77d9c7e85000 r--p 00000000 08:30 207411                     /home/thkim0/venv/v1/lib/python3.10/site-packages/scipy/special/_specfun.cpython-310-x86_64-linux-gnu.so
77d9c7e85000-77d9c7eec000 r-xp 00003000 08:30 207411                     /home/thkim0/venv/v1/lib/python3.10/site-packages/scipy/special/_specfun.cpython-310-x86_64-linux-gnu.so
77d9c7eec000-77d9c7ef7000 r--p 0006a000 08:30 207411                     /home/thkim0/venv/v1/lib/python3.10/site-packages/scipy/special/_specfun.cpython-310-x86_64-linux-gnu.so
77d9c7ef7000-77d9c7ef8000 r--p 00074000 08:30 207411                     /home/thkim0/venv/v1/lib/python3.10/site-packages/scipy/special/_specfun.cpython-310-x86_64-linux-gnu.so
77d9c7ef8000-77d9c7efd000 rw-p 00075000 08:30 207411                     /home/thkim0/venv/v1/lib/python3.10/site-packages/scipy/special/_specfun.cpython-310-x86_64-linux-gnu.so
77d9c7efd000-77d9c7eff000 rw-p 0007e000 08:30 207411                     /home/thkim0/venv/v1/lib/python3.10/site-packages/scipy/special/_specfun.cpython-310-x86_64-linux-gnu.so
77d9c7eff000-77d9c7fff000 rw-p 00000000 00:00 0 
77d9c7fff000-77d9c8000000 ---p 00000000 00:00 0 
77d9c8000000-77d9c8800000 rw-p 00000000 00:00 0 
77d9c8800000-77d9ca800000 rw-p 00000000 00:00 0 
77d9ca800000-77d9ca808000 rw-s 00000000 08:30 431726                     /tmp/hsperfdata_thkim0/855864
77d9ca808000-77d9ca80d000 r--p 00000000 08:30 217652                     /home/thkim0/venv/v1/lib/python3.10/site-packages/scipy/optimize/_trlib/_trlib.cpython-310-x86_64-linux-gnu.so
77d9ca80d000-77d9ca84c000 r-xp 00005000 08:30 217652                     /home/thkim0/venv/v1/lib/python3.10/site-packages/scipy/optimize/_trlib/_trlib.cpython-310-x86_64-linux-gnu.so
77d9ca84c000-77d9ca856000 r--p 00044000 08:30 217652                     /home/thkim0/venv/v1/lib/python3.10/site-packages/scipy/optimize/_trlib/_trlib.cpython-310-x86_64-linux-gnu.so
77d9ca856000-77d9ca857000 r--p 0004d000 08:30 217652                     /home/thkim0/venv/v1/lib/python3.10/site-packages/scipy/optimize/_trlib/_trlib.cpython-310-x86_64-linux-gnu.so
77d9ca857000-77d9ca859000 rw-p 0004e000 08:30 217652                     /home/thkim0/venv/v1/lib/python3.10/site-packages/scipy/optimize/_trlib/_trlib.cpython-310-x86_64-linux-gnu.so
77d9ca859000-77d9ca85a000 rw-p 00000000 00:00 0 
77d9ca85a000-77d9ca85e000 rw-p 00059000 08:30 217652                     /home/thkim0/venv/v1/lib/python3.10/site-packages/scipy/optimize/_trlib/_trlib.cpython-310-x86_64-linux-gnu.so
77d9ca85e000-77d9ca864000 r--p 00000000 08:30 207410                     /home/thkim0/venv/v1/lib/python3.10/site-packages/scipy/special/_ufuncs.cpython-310-x86_64-linux-gnu.so
77d9ca864000-77d9ca975000 r-xp 00006000 08:30 207410                     /home/thkim0/venv/v1/lib/python3.10/site-packages/scipy/special/_ufuncs.cpython-310-x86_64-linux-gnu.so
77d9ca975000-77d9ca9ec000 r--p 00117000 08:30 207410                     /home/thkim0/venv/v1/lib/python3.10/site-packages/scipy/special/_ufuncs.cpython-310-x86_64-linux-gnu.so
77d9ca9ec000-77d9ca9ed000 r--p 0018d000 08:30 207410                     /home/thkim0/venv/v1/lib/python3.10/site-packages/scipy/special/_ufuncs.cpython-310-x86_64-linux-gnu.so
77d9ca9ed000-77d9ca9f1000 rw-p 0018e000 08:30 207410                     /home/thkim0/venv/v1/lib/python3.10/site-packages/scipy/special/_ufuncs.cpython-310-x86_64-linux-gnu.so
77d9ca9f1000-77d9ca9fa000 rw-p 00000000 00:00 0 
77d9ca9fa000-77d9ca9ff000 rw-p 001f0000 08:30 207410                     /home/thkim0/venv/v1/lib/python3.10/site-packages/scipy/special/_ufuncs.cpython-310-x86_64-linux-gnu.so
77d9ca9ff000-77d9caa00000 ---p 00000000 00:00 0 
77d9caa00000-77d9cb200000 rw-p 00000000 00:00 0 
77d9cb200000-77d9d1200000 rw-p 00000000 00:00 0 
77d9d1201000-77d9d1206000 r--p 00000000 08:30 207350                     /home/thkim0/venv/v1/lib/python3.10/site-packages/scipy/ndimage/_ni_label.cpython-310-x86_64-linux-gnu.so
77d9d1206000-77d9d1253000 r-xp 00005000 08:30 207350                     /home/thkim0/venv/v1/lib/python3.10/site-packages/scipy/ndimage/_ni_label.cpython-310-x86_64-linux-gnu.so
77d9d1253000-77d9d125c000 r--p 00052000 08:30 207350                     /home/thkim0/venv/v1/lib/python3.10/site-packages/scipy/ndimage/_ni_label.cpython-310-x86_64-linux-gnu.so
77d9d125c000-77d9d125d000 ---p 0005b000 08:30 207350                     /home/thkim0/venv/v1/lib/python3.10/site-packages/scipy/ndimage/_ni_label.cpython-310-x86_64-linux-gnu.so
77d9d125d000-77d9d125e000 r--p 0005b000 08:30 207350                     /home/thkim0/venv/v1/lib/python3.10/site-packages/scipy/ndimage/_ni_label.cpython-310-x86_64-linux-gnu.so
77d9d125e000-77d9d1261000 rw-p 0005c000 08:30 207350                     /home/thkim0/venv/v1/lib/python3.10/site-packages/scipy/ndimage/_ni_label.cpython-310-x86_64-linux-gnu.so
77d9d1261000-77d9d1265000 r--p 00000000 08:30 207422                     /home/thkim0/venv/v1/lib/python3.10/site-packages/scipy/special/_ufuncs_cxx.cpython-310-x86_64-linux-gnu.so
77d9d1265000-77d9d12da000 r-xp 00004000 08:30 207422                     /home/thkim0/venv/v1/lib/python3.10/site-packages/scipy/special/_ufuncs_cxx.cpython-310-x86_64-linux-gnu.so
77d9d12da000-77d9d12eb000 r--p 00079000 08:30 207422                     /home/thkim0/venv/v1/lib/python3.10/site-packages/scipy/special/_ufuncs_cxx.cpython-310-x86_64-linux-gnu.so
77d9d12eb000-77d9d12ec000 r--p 00089000 08:30 207422                     /home/thkim0/venv/v1/lib/python3.10/site-packages/scipy/special/_ufuncs_cxx.cpython-310-x86_64-linux-gnu.so
77d9d12ec000-77d9d12ed000 rw-p 0008a000 08:30 207422                     /home/thkim0/venv/v1/lib/python3.10/site-packages/scipy/special/_ufuncs_cxx.cpython-310-x86_64-linux-gnu.so
77d9d12ed000-77d9d12f4000 r--p 00000000 08:30 208047                     /home/thkim0/venv/v1/lib/python3.10/site-packages/scipy/spatial/_qhull.cpython-310-x86_64-linux-gnu.so
77d9d12f4000-77d9d13ba000 r-xp 00007000 08:30 208047                     /home/thkim0/venv/v1/lib/python3.10/site-packages/scipy/spatial/_qhull.cpython-310-x86_64-linux-gnu.so
77d9d13ba000-77d9d13f2000 r--p 000cd000 08:30 208047                     /home/thkim0/venv/v1/lib/python3.10/site-packages/scipy/spatial/_qhull.cpython-310-x86_64-linux-gnu.so
77d9d13f2000-77d9d13f3000 r--p 00104000 08:30 208047                     /home/thkim0/venv/v1/lib/python3.10/site-packages/scipy/spatial/_qhull.cpython-310-x86_64-linux-gnu.so
77d9d13f3000-77d9d13f6000 rw-p 00105000 08:30 208047                     /home/thkim0/venv/v1/lib/python3.10/site-packages/scipy/spatial/_qhull.cpython-310-x86_64-linux-gnu.so
77d9d13f6000-77d9d13f8000 rw-p 00000000 00:00 0 
77d9d13f8000-77d9d13fd000 rw-p 0011e000 08:30 208047                     /home/thkim0/venv/v1/lib/python3.10/site-packages/scipy/spatial/_qhull.cpython-310-x86_64-linux-gnu.so
77d9d13fd000-77d9d13fe000 ---p 00000000 00:00 0 
77d9d13fe000-77d9d1bfe000 rw-p 00000000 00:00 0 
77d9d1bfe000-77d9d1bff000 ---p 00000000 00:00 0 
77d9d1bff000-77d9d23ff000 rw-p 00000000 00:00 0 
77d9d23ff000-77d9d2400000 ---p 00000000 00:00 0 
77d9d2400000-77d9d2c00000 rw-p 00000000 00:00 0 
77d9d2c00000-77d9d4c00000 rw-p 00000000 00:00 0 
77d9d4c05000-77d9d4c08000 r--p 00000000 08:30 208510                     /home/thkim0/venv/v1/lib/python3.10/site-packages/scipy/optimize/_moduleTNC.cpython-310-x86_64-linux-gnu.so
77d9d4c08000-77d9d4c21000 r-xp 00003000 08:30 208510                     /home/thkim0/venv/v1/lib/python3.10/site-packages/scipy/optimize/_moduleTNC.cpython-310-x86_64-linux-gnu.so
77d9d4c21000-77d9d4c25000 r--p 0001c000 08:30 208510                     /home/thkim0/venv/v1/lib/python3.10/site-packages/scipy/optimize/_moduleTNC.cpython-310-x86_64-linux-gnu.so
77d9d4c25000-77d9d4c26000 r--p 0001f000 08:30 208510                     /home/thkim0/venv/v1/lib/python3.10/site-packages/scipy/optimize/_moduleTNC.cpython-310-x86_64-linux-gnu.so
77d9d4c26000-77d9d4c27000 rw-p 00020000 08:30 208510                     /home/thkim0/venv/v1/lib/python3.10/site-packages/scipy/optimize/_moduleTNC.cpython-310-x86_64-linux-gnu.so
77d9d4c27000-77d9d4c29000 r--p 00000000 08:30 207346                     /home/thkim0/venv/v1/lib/python3.10/site-packages/scipy/ndimage/_nd_image.cpython-310-x86_64-linux-gnu.so
77d9d4c29000-77d9d4c46000 r-xp 00002000 08:30 207346                     /home/thkim0/venv/v1/lib/python3.10/site-packages/scipy/ndimage/_nd_image.cpython-310-x86_64-linux-gnu.so
77d9d4c46000-77d9d4c49000 r--p 0001f000 08:30 207346                     /home/thkim0/venv/v1/lib/python3.10/site-packages/scipy/ndimage/_nd_image.cpython-310-x86_64-linux-gnu.so
77d9d4c49000-77d9d4c4a000 ---p 00022000 08:30 207346                     /home/thkim0/venv/v1/lib/python3.10/site-packages/scipy/ndimage/_nd_image.cpython-310-x86_64-linux-gnu.so
77d9d4c4a000-77d9d4c4b000 r--p 00022000 08:30 207346                     /home/thkim0/venv/v1/lib/python3.10/site-packages/scipy/ndimage/_nd_image.cpython-310-x86_64-linux-gnu.so
77d9d4c4b000-77d9d4c4c000 rw-p 00023000 08:30 207346                     /home/thkim0/venv/v1/lib/python3.10/site-packages/scipy/ndimage/_nd_image.cpython-310-x86_64-linux-gnu.so
77d9d4c4c000-77d9d4c51000 r--p 00000000 08:30 208029                     /home/thkim0/venv/v1/lib/python3.10/site-packages/scipy/spatial/_hausdorff.cpython-310-x86_64-linux-gnu.so
77d9d4c51000-77d9d4c78000 r-xp 00005000 08:30 208029                     /home/thkim0/venv/v1/lib/python3.10/site-packages/scipy/spatial/_hausdorff.cpython-310-x86_64-linux-gnu.so
77d9d4c78000-77d9d4c7f000 r--p 0002c000 08:30 208029                     /home/thkim0/venv/v1/lib/python3.10/site-packages/scipy/spatial/_hausdorff.cpython-310-x86_64-linux-gnu.so
77d9d4c7f000-77d9d4c80000 ---p 00033000 08:30 208029                     /home/thkim0/venv/v1/lib/python3.10/site-packages/scipy/spatial/_hausdorff.cpython-310-x86_64-linux-gnu.so
77d9d4c80000-77d9d4c81000 r--p 00033000 08:30 208029                     /home/thkim0/venv/v1/lib/python3.10/site-packages/scipy/spatial/_hausdorff.cpython-310-x86_64-linux-gnu.so
77d9d4c81000-77d9d4c83000 rw-p 00034000 08:30 208029                     /home/thkim0/venv/v1/lib/python3.10/site-packages/scipy/spatial/_hausdorff.cpython-310-x86_64-linux-gnu.so
77d9d4c83000-77d9d4c84000 rw-p 00000000 00:00 0 
77d9d4c84000-77d9d4c89000 r--p 00000000 08:30 207937                     /home/thkim0/venv/v1/lib/python3.10/site-packages/scipy/sparse/csgraph/_reordering.cpython-310-x86_64-linux-gnu.so
77d9d4c89000-77d9d4cc0000 r-xp 00005000 08:30 207937                     /home/thkim0/venv/v1/lib/python3.10/site-packages/scipy/sparse/csgraph/_reordering.cpython-310-x86_64-linux-gnu.so
77d9d4cc0000-77d9d4cca000 r--p 0003c000 08:30 207937                     /home/thkim0/venv/v1/lib/python3.10/site-packages/scipy/sparse/csgraph/_reordering.cpython-310-x86_64-linux-gnu.so
77d9d4cca000-77d9d4ccb000 r--p 00045000 08:30 207937                     /home/thkim0/venv/v1/lib/python3.10/site-packages/scipy/sparse/csgraph/_reordering.cpython-310-x86_64-linux-gnu.so
77d9d4ccb000-77d9d4ccd000 rw-p 00046000 08:30 207937                     /home/thkim0/venv/v1/lib/python3.10/site-packages/scipy/sparse/csgraph/_reordering.cpython-310-x86_64-linux-gnu.so
77d9d4ccd000-77d9d4cce000 rw-p 00000000 00:00 0 
77d9d4cce000-77d9d4cd3000 r--p 00000000 08:30 207929                     /home/thkim0/venv/v1/lib/python3.10/site-packages/scipy/sparse/csgraph/_matching.cpython-310-x86_64-linux-gnu.so
77d9d4cd3000-77d9d4d0a000 r-xp 00005000 08:30 207929                     /home/thkim0/venv/v1/lib/python3.10/site-packages/scipy/sparse/csgraph/_matching.cpython-310-x86_64-linux-gnu.so
77d9d4d0a000-77d9d4d17000 r--p 0003c000 08:30 207929                     /home/thkim0/venv/v1/lib/python3.10/site-packages/scipy/sparse/csgraph/_matching.cpython-310-x86_64-linux-gnu.so
77d9d4d17000-77d9d4d18000 ---p 00049000 08:30 207929                     /home/thkim0/venv/v1/lib/python3.10/site-packages/scipy/sparse/csgraph/_matching.cpython-310-x86_64-linux-gnu.so
77d9d4d18000-77d9d4d19000 r--p 00049000 08:30 207929                     /home/thkim0/venv/v1/lib/python3.10/site-packages/scipy/sparse/csgraph/_matching.cpython-310-x86_64-linux-gnu.so
77d9d4d19000-77d9d4d1b000 rw-p 0004a000 08:30 207929                     /home/thkim0/venv/v1/lib/python3.10/site-packages/scipy/sparse/csgraph/_matching.cpython-310-x86_64-linux-gnu.so
77d9d4d1b000-77d9d4d1c000 rw-p 00000000 00:00 0 
77d9d4d1c000-77d9d4d21000 r--p 00000000 08:30 207932                     /home/thkim0/venv/v1/lib/python3.10/site-packages/scipy/sparse/csgraph/_flow.cpython-310-x86_64-linux-gnu.so
77d9d4d21000-77d9d4d57000 r-xp 00005000 08:30 207932                     /home/thkim0/venv/v1/lib/python3.10/site-packages/scipy/sparse/csgraph/_flow.cpython-310-x86_64-linux-gnu.so
77d9d4d57000-77d9d4d63000 r--p 0003b000 08:30 207932                     /home/thkim0/venv/v1/lib/python3.10/site-packages/scipy/sparse/csgraph/_flow.cpython-310-x86_64-linux-gnu.so
77d9d4d63000-77d9d4d64000 r--p 00046000 08:30 207932                     /home/thkim0/venv/v1/lib/python3.10/site-packages/scipy/sparse/csgraph/_flow.cpython-310-x86_64-linux-gnu.so
77d9d4d64000-77d9d4d66000 rw-p 00047000 08:30 207932                     /home/thkim0/venv/v1/lib/python3.10/site-packages/scipy/sparse/csgraph/_flow.cpython-310-x86_64-linux-gnu.so
77d9d4d66000-77d9d4d67000 rw-p 00000000 00:00 0 
77d9d4d67000-77d9d4d6c000 r--p 00000000 08:30 207930                     /home/thkim0/venv/v1/lib/python3.10/site-packages/scipy/sparse/csgraph/_traversal.cpython-310-x86_64-linux-gnu.so
77d9d4d6c000-77d9d4dea000 r-xp 00005000 08:30 207930                     /home/thkim0/venv/v1/lib/python3.10/site-packages/scipy/sparse/csgraph/_traversal.cpython-310-x86_64-linux-gnu.so
77d9d4dea000-77d9d4dfa000 r--p 00083000 08:30 207930                     /home/thkim0/venv/v1/lib/python3.10/site-packages/scipy/sparse/csgraph/_traversal.cpython-310-x86_64-linux-gnu.so
77d9d4dfa000-77d9d4dfb000 ---p 00093000 08:30 207930                     /home/thkim0/venv/v1/lib/python3.10/site-packages/scipy/sparse/csgraph/_traversal.cpython-310-x86_64-linux-gnu.so
77d9d4dfb000-77d9d4dfc000 r--p 00093000 08:30 207930                     /home/thkim0/venv/v1/lib/python3.10/site-packages/scipy/sparse/csgraph/_traversal.cpython-310-x86_64-linux-gnu.so
77d9d4dfc000-77d9d4dfe000 rw-p 00094000 08:30 207930                     /home/thkim0/venv/v1/lib/python3.10/site-packages/scipy/sparse/csgraph/_traversal.cpython-310-x86_64-linux-gnu.so
77d9d4dfe000-77d9d4dff000 rw-p 00000000 00:00 0 
77d9d4dff000-77d9d4e00000 ---p 00000000 00:00 0 
77d9d4e00000-77d9d5600000 rw-p 00000000 00:00 0 
77d9d5600000-77d9d7600000 rw-p 00000000 00:00 0 
77d9d7604000-77d9d7609000 r--p 00000000 08:30 208044                     /home/thkim0/venv/v1/lib/python3.10/site-packages/scipy/spatial/_voronoi.cpython-310-x86_64-linux-gnu.so
77d9d7609000-77d9d762e000 r-xp 00005000 08:30 208044                     /home/thkim0/venv/v1/lib/python3.10/site-packages/scipy/spatial/_voronoi.cpython-310-x86_64-linux-gnu.so
77d9d762e000-77d9d7635000 r--p 0002a000 08:30 208044                     /home/thkim0/venv/v1/lib/python3.10/site-packages/scipy/spatial/_voronoi.cpython-310-x86_64-linux-gnu.so
77d9d7635000-77d9d7636000 r--p 00030000 08:30 208044                     /home/thkim0/venv/v1/lib/python3.10/site-packages/scipy/spatial/_voronoi.cpython-310-x86_64-linux-gnu.so
77d9d7636000-77d9d7638000 rw-p 00031000 08:30 208044                     /home/thkim0/venv/v1/lib/python3.10/site-packages/scipy/spatial/_voronoi.cpython-310-x86_64-linux-gnu.so
77d9d7638000-77d9d7639000 rw-p 00000000 00:00 0 
77d9d7639000-77d9d763e000 r--p 00000000 08:30 207933                     /home/thkim0/venv/v1/lib/python3.10/site-packages/scipy/sparse/csgraph/_min_spanning_tree.cpython-310-x86_64-linux-gnu.so
77d9d763e000-77d9d7666000 r-xp 00005000 08:30 207933                     /home/thkim0/venv/v1/lib/python3.10/site-packages/scipy/sparse/csgraph/_min_spanning_tree.cpython-310-x86_64-linux-gnu.so
77d9d7666000-77d9d766f000 r--p 0002d000 08:30 207933                     /home/thkim0/venv/v1/lib/python3.10/site-packages/scipy/sparse/csgraph/_min_spanning_tree.cpython-310-x86_64-linux-gnu.so
77d9d766f000-77d9d7670000 r--p 00035000 08:30 207933                     /home/thkim0/venv/v1/lib/python3.10/site-packages/scipy/sparse/csgraph/_min_spanning_tree.cpython-310-x86_64-linux-gnu.so
77d9d7670000-77d9d7672000 rw-p 00036000 08:30 207933                     /home/thkim0/venv/v1/lib/python3.10/site-packages/scipy/sparse/csgraph/_min_spanning_tree.cpython-310-x86_64-linux-gnu.so
77d9d7672000-77d9d7673000 rw-p 00000000 00:00 0 
77d9d7673000-77d9d7678000 r--p 00000000 08:30 207935                     /home/thkim0/venv/v1/lib/python3.10/site-packages/scipy/sparse/csgraph/_shortest_path.cpython-310-x86_64-linux-gnu.so
77d9d7678000-77d9d76c9000 r-xp 00005000 08:30 207935                     /home/thkim0/venv/v1/lib/python3.10/site-packages/scipy/sparse/csgraph/_shortest_path.cpython-310-x86_64-linux-gnu.so
77d9d76c9000-77d9d76db000 r--p 00056000 08:30 207935                     /home/thkim0/venv/v1/lib/python3.10/site-packages/scipy/sparse/csgraph/_shortest_path.cpython-310-x86_64-linux-gnu.so
77d9d76db000-77d9d76dc000 r--p 00067000 08:30 207935                     /home/thkim0/venv/v1/lib/python3.10/site-packages/scipy/sparse/csgraph/_shortest_path.cpython-310-x86_64-linux-gnu.so
77d9d76dc000-77d9d76de000 rw-p 00068000 08:30 207935                     /home/thkim0/venv/v1/lib/python3.10/site-packages/scipy/sparse/csgraph/_shortest_path.cpython-310-x86_64-linux-gnu.so
77d9d76de000-77d9d76df000 rw-p 00000000 00:00 0 
77d9d76df000-77d9d76e5000 r--p 00000000 08:30 207903                     /home/thkim0/venv/v1/lib/python3.10/site-packages/scipy/sparse/linalg/_eigen/arpack/_arpack.cpython-310-x86_64-linux-gnu.so
77d9d76e5000-77d9d7731000 r-xp 00006000 08:30 207903                     /home/thkim0/venv/v1/lib/python3.10/site-packages/scipy/sparse/linalg/_eigen/arpack/_arpack.cpython-310-x86_64-linux-gnu.so
77d9d7731000-77d9d7741000 r--p 00052000 08:30 207903                     /home/thkim0/venv/v1/lib/python3.10/site-packages/scipy/sparse/linalg/_eigen/arpack/_arpack.cpython-310-x86_64-linux-gnu.so
77d9d7741000-77d9d7742000 r--p 00061000 08:30 207903                     /home/thkim0/venv/v1/lib/python3.10/site-packages/scipy/sparse/linalg/_eigen/arpack/_arpack.cpython-310-x86_64-linux-gnu.so
77d9d7742000-77d9d774d000 rw-p 00062000 08:30 207903                     /home/thkim0/venv/v1/lib/python3.10/site-packages/scipy/sparse/linalg/_eigen/arpack/_arpack.cpython-310-x86_64-linux-gnu.so
77d9d774d000-77d9d774e000 rw-p 00000000 00:00 0 
77d9d774e000-77d9d7751000 rw-p 00075000 08:30 207903                     /home/thkim0/venv/v1/lib/python3.10/site-packages/scipy/sparse/linalg/_eigen/arpack/_arpack.cpython-310-x86_64-linux-gnu.so
77d9d7751000-77d9d7754000 r--p 00000000 08:30 207867                     /home/thkim0/venv/v1/lib/python3.10/site-packages/scipy/sparse/linalg/_dsolve/_superlu.cpython-310-x86_64-linux-gnu.so
77d9d7754000-77d9d7798000 r-xp 00003000 08:30 207867                     /home/thkim0/venv/v1/lib/python3.10/site-packages/scipy/sparse/linalg/_dsolve/_superlu.cpython-310-x86_64-linux-gnu.so
77d9d7798000-77d9d77a2000 r--p 00047000 08:30 207867                     /home/thkim0/venv/v1/lib/python3.10/site-packages/scipy/sparse/linalg/_dsolve/_superlu.cpython-310-x86_64-linux-gnu.so
77d9d77a2000-77d9d77a3000 ---p 00051000 08:30 207867                     /home/thkim0/venv/v1/lib/python3.10/site-packages/scipy/sparse/linalg/_dsolve/_superlu.cpython-310-x86_64-linux-gnu.so
77d9d77a3000-77d9d77a4000 r--p 00051000 08:30 207867                     /home/thkim0/venv/v1/lib/python3.10/site-packages/scipy/sparse/linalg/_dsolve/_superlu.cpython-310-x86_64-linux-gnu.so
77d9d77a4000-77d9d77a5000 rw-p 00052000 08:30 207867                     /home/thkim0/venv/v1/lib/python3.10/site-packages/scipy/sparse/linalg/_dsolve/_superlu.cpython-310-x86_64-linux-gnu.so
77d9d77a5000-77d9d77a8000 rw-p 0005a000 08:30 207867                     /home/thkim0/venv/v1/lib/python3.10/site-packages/scipy/sparse/linalg/_dsolve/_superlu.cpython-310-x86_64-linux-gnu.so
77d9d77a8000-77d9d77ac000 r--p 00000000 08:30 208109                     /home/thkim0/venv/v1/lib/python3.10/site-packages/scipy/linalg/_decomp_update.cpython-310-x86_64-linux-gnu.so
77d9d77ac000-77d9d77ec000 r-xp 00004000 08:30 208109                     /home/thkim0/venv/v1/lib/python3.10/site-packages/scipy/linalg/_decomp_update.cpython-310-x86_64-linux-gnu.so
77d9d77ec000-77d9d77fc000 r--p 00044000 08:30 208109                     /home/thkim0/venv/v1/lib/python3.10/site-packages/scipy/linalg/_decomp_update.cpython-310-x86_64-linux-gnu.so
77d9d77fc000-77d9d77fd000 r--p 00053000 08:30 208109                     /home/thkim0/venv/v1/lib/python3.10/site-packages/scipy/linalg/_decomp_update.cpython-310-x86_64-linux-gnu.so
77d9d77fd000-77d9d77fe000 rw-p 00054000 08:30 208109                     /home/thkim0/venv/v1/lib/python3.10/site-packages/scipy/linalg/_decomp_update.cpython-310-x86_64-linux-gnu.so
77d9d77fe000-77d9d77ff000 rw-p 00000000 00:00 0 
77d9d77ff000-77d9d7800000 ---p 00000000 00:00 0 
77d9d7800000-77d9d8000000 rw-p 00000000 00:00 0 
77d9d8000000-77d9da000000 rw-p 00000000 00:00 0 
77d9da000000-77d9da0fa000 r--p 00000000 08:30 220250                     /home/thkim0/venv/v1/lib/python3.10/site-packages/scipy.libs/libopenblasp-r0-23e5df77.3.21.dev.so
77d9da0fa000-77d9da102000 r-xp 000fa000 08:30 220250                     /home/thkim0/venv/v1/lib/python3.10/site-packages/scipy.libs/libopenblasp-r0-23e5df77.3.21.dev.so
77d9da102000-77d9da108000 ---p 00102000 08:30 220250                     /home/thkim0/venv/v1/lib/python3.10/site-packages/scipy.libs/libopenblasp-r0-23e5df77.3.21.dev.so
77d9da108000-77d9dbbc0000 r-xp 00108000 08:30 220250                     /home/thkim0/venv/v1/lib/python3.10/site-packages/scipy.libs/libopenblasp-r0-23e5df77.3.21.dev.so
77d9dbbc0000-77d9dbdba000 r--p 01bc0000 08:30 220250                     /home/thkim0/venv/v1/lib/python3.10/site-packages/scipy.libs/libopenblasp-r0-23e5df77.3.21.dev.so
77d9dbdba000-77d9dbdbb000 ---p 01dba000 08:30 220250                     /home/thkim0/venv/v1/lib/python3.10/site-packages/scipy.libs/libopenblasp-r0-23e5df77.3.21.dev.so
77d9dbdbb000-77d9dbdc1000 r--p 01dba000 08:30 220250                     /home/thkim0/venv/v1/lib/python3.10/site-packages/scipy.libs/libopenblasp-r0-23e5df77.3.21.dev.so
77d9dbdc1000-77d9dbdd5000 rw-p 01dc0000 08:30 220250                     /home/thkim0/venv/v1/lib/python3.10/site-packages/scipy.libs/libopenblasp-r0-23e5df77.3.21.dev.so
77d9dbdd5000-77d9dbde2000 rw-p 00000000 00:00 0 
77d9dbde2000-77d9dbe7d000 rw-p 01ed4000 08:30 220250                     /home/thkim0/venv/v1/lib/python3.10/site-packages/scipy.libs/libopenblasp-r0-23e5df77.3.21.dev.so
77d9dbe81000-77d9dbe83000 r--p 00000000 08:30 217593                     /home/thkim0/venv/v1/lib/python3.10/site-packages/scipy/optimize/_cobyla.cpython-310-x86_64-linux-gnu.so
77d9dbe83000-77d9dbe90000 r-xp 00002000 08:30 217593                     /home/thkim0/venv/v1/lib/python3.10/site-packages/scipy/optimize/_cobyla.cpython-310-x86_64-linux-gnu.so
77d9dbe90000-77d9dbe93000 r--p 0000f000 08:30 217593                     /home/thkim0/venv/v1/lib/python3.10/site-packages/scipy/optimize/_cobyla.cpython-310-x86_64-linux-gnu.so
77d9dbe93000-77d9dbe94000 r--p 00011000 08:30 217593                     /home/thkim0/venv/v1/lib/python3.10/site-packages/scipy/optimize/_cobyla.cpython-310-x86_64-linux-gnu.so
77d9dbe94000-77d9dbe95000 rw-p 00012000 08:30 217593                     /home/thkim0/venv/v1/lib/python3.10/site-packages/scipy/optimize/_cobyla.cpython-310-x86_64-linux-gnu.so
77d9dbe95000-77d9dbe97000 rw-p 00016000 08:30 217593                     /home/thkim0/venv/v1/lib/python3.10/site-packages/scipy/optimize/_cobyla.cpython-310-x86_64-linux-gnu.so
77d9dbe97000-77d9dbf97000 rw-p 00000000 00:00 0 
77d9dbf97000-77d9dbf9c000 r--p 00000000 08:30 208164                     /home/thkim0/venv/v1/lib/python3.10/site-packages/scipy/linalg/_matfuncs_expm.cpython-310-x86_64-linux-gnu.so
77d9dbf9c000-77d9dbff0000 r-xp 00005000 08:30 208164                     /home/thkim0/venv/v1/lib/python3.10/site-packages/scipy/linalg/_matfuncs_expm.cpython-310-x86_64-linux-gnu.so
77d9dbff0000-77d9dbffc000 r--p 00059000 08:30 208164                     /home/thkim0/venv/v1/lib/python3.10/site-packages/scipy/linalg/_matfuncs_expm.cpython-310-x86_64-linux-gnu.so
77d9dbffc000-77d9dbffd000 r--p 00064000 08:30 208164                     /home/thkim0/venv/v1/lib/python3.10/site-packages/scipy/linalg/_matfuncs_expm.cpython-310-x86_64-linux-gnu.so
77d9dbffd000-77d9dbfff000 rw-p 00065000 08:30 208164                     /home/thkim0/venv/v1/lib/python3.10/site-packages/scipy/linalg/_matfuncs_expm.cpython-310-x86_64-linux-gnu.so
77d9dbfff000-77d9dc021000 rw-p 00000000 00:00 0 
77d9dc021000-77d9e0000000 ---p 00000000 00:00 0 
77d9e0005000-77d9e000c000 r--p 00000000 08:30 208138                     /home/thkim0/venv/v1/lib/python3.10/site-packages/scipy/linalg/cython_blas.cpython-310-x86_64-linux-gnu.so
77d9e000c000-77d9e0039000 r-xp 00007000 08:30 208138                     /home/thkim0/venv/v1/lib/python3.10/site-packages/scipy/linalg/cython_blas.cpython-310-x86_64-linux-gnu.so
77d9e0039000-77d9e0047000 r--p 00034000 08:30 208138                     /home/thkim0/venv/v1/lib/python3.10/site-packages/scipy/linalg/cython_blas.cpython-310-x86_64-linux-gnu.so
77d9e0047000-77d9e0048000 ---p 00042000 08:30 208138                     /home/thkim0/venv/v1/lib/python3.10/site-packages/scipy/linalg/cython_blas.cpython-310-x86_64-linux-gnu.so
77d9e0048000-77d9e0049000 r--p 00042000 08:30 208138                     /home/thkim0/venv/v1/lib/python3.10/site-packages/scipy/linalg/cython_blas.cpython-310-x86_64-linux-gnu.so
77d9e0049000-77d9e004b000 rw-p 00043000 08:30 208138                     /home/thkim0/venv/v1/lib/python3.10/site-packages/scipy/linalg/cython_blas.cpython-310-x86_64-linux-gnu.so
77d9e004b000-77d9e004c000 rw-p 00000000 00:00 0 
77d9e004c000-77d9e0051000 rw-p 00051000 08:30 208138                     /home/thkim0/venv/v1/lib/python3.10/site-packages/scipy/linalg/cython_blas.cpython-310-x86_64-linux-gnu.so
77d9e0051000-77d9e0056000 r--p 00000000 08:30 208108                     /home/thkim0/venv/v1/lib/python3.10/site-packages/scipy/linalg/_matfuncs_sqrtm_triu.cpython-310-x86_64-linux-gnu.so
77d9e0056000-77d9e0083000 r-xp 00005000 08:30 208108                     /home/thkim0/venv/v1/lib/python3.10/site-packages/scipy/linalg/_matfuncs_sqrtm_triu.cpython-310-x86_64-linux-gnu.so
77d9e0083000-77d9e008b000 r--p 00032000 08:30 208108                     /home/thkim0/venv/v1/lib/python3.10/site-packages/scipy/linalg/_matfuncs_sqrtm_triu.cpython-310-x86_64-linux-gnu.so
77d9e008b000-77d9e008c000 r--p 00039000 08:30 208108                     /home/thkim0/venv/v1/lib/python3.10/site-packages/scipy/linalg/_matfuncs_sqrtm_triu.cpython-310-x86_64-linux-gnu.so
77d9e008c000-77d9e008e000 rw-p 0003a000 08:30 208108                     /home/thkim0/venv/v1/lib/python3.10/site-packages/scipy/linalg/_matfuncs_sqrtm_triu.cpython-310-x86_64-linux-gnu.so
77d9e008e000-77d9e008f000 rw-p 00000000 00:00 0 
77d9e008f000-77d9e0094000 r--p 00000000 08:30 208130                     /home/thkim0/venv/v1/lib/python3.10/site-packages/scipy/linalg/_decomp_lu_cython.cpython-310-x86_64-linux-gnu.so
77d9e0094000-77d9e00c0000 r-xp 00005000 08:30 208130                     /home/thkim0/venv/v1/lib/python3.10/site-packages/scipy/linalg/_decomp_lu_cython.cpython-310-x86_64-linux-gnu.so
77d9e00c0000-77d9e00c8000 r--p 00031000 08:30 208130                     /home/thkim0/venv/v1/lib/python3.10/site-packages/scipy/linalg/_decomp_lu_cython.cpython-310-x86_64-linux-gnu.so
77d9e00c8000-77d9e00c9000 r--p 00038000 08:30 208130                     /home/thkim0/venv/v1/lib/python3.10/site-packages/scipy/linalg/_decomp_lu_cython.cpython-310-x86_64-linux-gnu.so
77d9e00c9000-77d9e00cb000 rw-p 00039000 08:30 208130                     /home/thkim0/venv/v1/lib/python3.10/site-packages/scipy/linalg/_decomp_lu_cython.cpython-310-x86_64-linux-gnu.so
77d9e00cb000-77d9e00cc000 rw-p 00000000 00:00 0 
77d9e00cc000-77d9e00e4000 r--p 00000000 08:30 208112                     /home/thkim0/venv/v1/lib/python3.10/site-packages/scipy/linalg/cython_lapack.cpython-310-x86_64-linux-gnu.so
77d9e00e4000-77d9e0103000 r-xp 00018000 08:30 208112                     /home/thkim0/venv/v1/lib/python3.10/site-packages/scipy/linalg/cython_lapack.cpython-310-x86_64-linux-gnu.so
77d9e0103000-77d9e015c000 r--p 00037000 08:30 208112                     /home/thkim0/venv/v1/lib/python3.10/site-packages/scipy/linalg/cython_lapack.cpython-310-x86_64-linux-gnu.so
77d9e015c000-77d9e015d000 r--p 0008f000 08:30 208112                     /home/thkim0/venv/v1/lib/python3.10/site-packages/scipy/linalg/cython_lapack.cpython-310-x86_64-linux-gnu.so
77d9e015d000-77d9e0161000 rw-p 00090000 08:30 208112                     /home/thkim0/venv/v1/lib/python3.10/site-packages/scipy/linalg/cython_lapack.cpython-310-x86_64-linux-gnu.so
77d9e0161000-77d9e0172000 rw-p 000bd000 08:30 208112                     /home/thkim0/venv/v1/lib/python3.10/site-packages/scipy/linalg/cython_lapack.cpython-310-x86_64-linux-gnu.so
77d9e0172000-77d9e0178000 r--p 00000000 08:30 208156                     /home/thkim0/venv/v1/lib/python3.10/site-packages/scipy/linalg/_cythonized_array_utils.cpython-310-x86_64-linux-gnu.so
77d9e0178000-77d9e01ec000 r-xp 00006000 08:30 208156                     /home/thkim0/venv/v1/lib/python3.10/site-packages/scipy/linalg/_cythonized_array_utils.cpython-310-x86_64-linux-gnu.so
77d9e01ec000-77d9e01fa000 r--p 0007a000 08:30 208156                     /home/thkim0/venv/v1/lib/python3.10/site-packages/scipy/linalg/_cythonized_array_utils.cpython-310-x86_64-linux-gnu.so
77d9e01fa000-77d9e01fb000 ---p 00088000 08:30 208156                     /home/thkim0/venv/v1/lib/python3.10/site-packages/scipy/linalg/_cythonized_array_utils.cpython-310-x86_64-linux-gnu.so
77d9e01fb000-77d9e01fc000 r--p 00088000 08:30 208156                     /home/thkim0/venv/v1/lib/python3.10/site-packages/scipy/linalg/_cythonized_array_utils.cpython-310-x86_64-linux-gnu.so
77d9e01fc000-77d9e01ff000 rw-p 00089000 08:30 208156                     /home/thkim0/venv/v1/lib/python3.10/site-packages/scipy/linalg/_cythonized_array_utils.cpython-310-x86_64-linux-gnu.so
77d9e01ff000-77d9e0200000 rw-p 00000000 00:00 0 
77d9e0200000-77d9e0226000 r--p 00000000 08:30 208158                     /home/thkim0/venv/v1/lib/python3.10/site-packages/scipy/linalg/_flapack.cpython-310-x86_64-linux-gnu.so
77d9e0226000-77d9e0325000 r-xp 00026000 08:30 208158                     /home/thkim0/venv/v1/lib/python3.10/site-packages/scipy/linalg/_flapack.cpython-310-x86_64-linux-gnu.so
77d9e0325000-77d9e0392000 r--p 00125000 08:30 208158                     /home/thkim0/venv/v1/lib/python3.10/site-packages/scipy/linalg/_flapack.cpython-310-x86_64-linux-gnu.so
77d9e0392000-77d9e0393000 r--p 00191000 08:30 208158                     /home/thkim0/venv/v1/lib/python3.10/site-packages/scipy/linalg/_flapack.cpython-310-x86_64-linux-gnu.so
77d9e0393000-77d9e041c000 rw-p 00192000 08:30 208158                     /home/thkim0/venv/v1/lib/python3.10/site-packages/scipy/linalg/_flapack.cpython-310-x86_64-linux-gnu.so
77d9e041c000-77d9e0423000 rw-p 00232000 08:30 208158                     /home/thkim0/venv/v1/lib/python3.10/site-packages/scipy/linalg/_flapack.cpython-310-x86_64-linux-gnu.so
77d9e0429000-77d9e042b000 r--p 00000000 08:30 259073                     /usr/lib/jvm/java-17-openjdk-amd64/lib/libjimage.so
77d9e042b000-77d9e042e000 r-xp 00002000 08:30 259073                     /usr/lib/jvm/java-17-openjdk-amd64/lib/libjimage.so
77d9e042e000-77d9e042f000 r--p 00005000 08:30 259073                     /usr/lib/jvm/java-17-openjdk-amd64/lib/libjimage.so
77d9e042f000-77d9e0430000 r--p 00006000 08:30 259073                     /usr/lib/jvm/java-17-openjdk-amd64/lib/libjimage.so
77d9e0430000-77d9e0431000 rw-p 00007000 08:30 259073                     /usr/lib/jvm/java-17-openjdk-amd64/lib/libjimage.so
77d9e0431000-77d9e0434000 r--p 00000000 08:30 207936                     /home/thkim0/venv/v1/lib/python3.10/site-packages/scipy/sparse/csgraph/_tools.cpython-310-x86_64-linux-gnu.so
77d9e0434000-77d9e0451000 r-xp 00003000 08:30 207936                     /home/thkim0/venv/v1/lib/python3.10/site-packages/scipy/sparse/csgraph/_tools.cpython-310-x86_64-linux-gnu.so
77d9e0451000-77d9e045b000 r--p 00020000 08:30 207936                     /home/thkim0/venv/v1/lib/python3.10/site-packages/scipy/sparse/csgraph/_tools.cpython-310-x86_64-linux-gnu.so
77d9e045b000-77d9e045c000 r--p 00029000 08:30 207936                     /home/thkim0/venv/v1/lib/python3.10/site-packages/scipy/sparse/csgraph/_tools.cpython-310-x86_64-linux-gnu.so
77d9e045c000-77d9e045d000 rw-p 0002a000 08:30 207936                     /home/thkim0/venv/v1/lib/python3.10/site-packages/scipy/sparse/csgraph/_tools.cpython-310-x86_64-linux-gnu.so
77d9e045d000-77d9e045e000 rw-p 00000000 00:00 0 
77d9e045e000-77d9e045f000 ---p 00000000 00:00 0 
77d9e045f000-77d9e0c5f000 rw-p 00000000 00:00 0 
77d9e0c5f000-77d9e0c60000 ---p 00000000 00:00 0 
77d9e0c60000-77d9e1460000 rw-p 00000000 00:00 0 
77d9e1460000-77d9e146e000 r--p 00000000 08:30 208166                     /home/thkim0/venv/v1/lib/python3.10/site-packages/scipy/linalg/_fblas.cpython-310-x86_64-linux-gnu.so
77d9e146e000-77d9e14b5000 r-xp 0000e000 08:30 208166                     /home/thkim0/venv/v1/lib/python3.10/site-packages/scipy/linalg/_fblas.cpython-310-x86_64-linux-gnu.so
77d9e14b5000-77d9e14d6000 r--p 00055000 08:30 208166                     /home/thkim0/venv/v1/lib/python3.10/site-packages/scipy/linalg/_fblas.cpython-310-x86_64-linux-gnu.so
77d9e14d6000-77d9e14d7000 r--p 00075000 08:30 208166                     /home/thkim0/venv/v1/lib/python3.10/site-packages/scipy/linalg/_fblas.cpython-310-x86_64-linux-gnu.so
77d9e14d7000-77d9e14fd000 rw-p 00076000 08:30 208166                     /home/thkim0/venv/v1/lib/python3.10/site-packages/scipy/linalg/_fblas.cpython-310-x86_64-linux-gnu.so
77d9e14fd000-77d9e1500000 rw-p 000a4000 08:30 208166                     /home/thkim0/venv/v1/lib/python3.10/site-packages/scipy/linalg/_fblas.cpython-310-x86_64-linux-gnu.so
77d9e1500000-77d9e1600000 rw-p 00000000 00:00 0 
77d9e1600000-77d9e1603000 r--p 00000000 08:30 207833                     /home/thkim0/venv/v1/lib/python3.10/site-packages/scipy/sparse/_sparsetools.cpython-310-x86_64-linux-gnu.so
77d9e1603000-77d9e19a1000 r-xp 00003000 08:30 207833                     /home/thkim0/venv/v1/lib/python3.10/site-packages/scipy/sparse/_sparsetools.cpython-310-x86_64-linux-gnu.so
77d9e19a1000-77d9e19f1000 r--p 003a1000 08:30 207833                     /home/thkim0/venv/v1/lib/python3.10/site-packages/scipy/sparse/_sparsetools.cpython-310-x86_64-linux-gnu.so
77d9e19f1000-77d9e19f2000 ---p 003f1000 08:30 207833                     /home/thkim0/venv/v1/lib/python3.10/site-packages/scipy/sparse/_sparsetools.cpython-310-x86_64-linux-gnu.so
77d9e19f2000-77d9e19f3000 r--p 003f1000 08:30 207833                     /home/thkim0/venv/v1/lib/python3.10/site-packages/scipy/sparse/_sparsetools.cpython-310-x86_64-linux-gnu.so
77d9e19f3000-77d9e19f4000 rw-p 003f2000 08:30 207833                     /home/thkim0/venv/v1/lib/python3.10/site-packages/scipy/sparse/_sparsetools.cpython-310-x86_64-linux-gnu.so
77d9e19f5000-77d9e19f7000 r--p 00000000 08:30 208496                     /home/thkim0/venv/v1/lib/python3.10/site-packages/scipy/optimize/_lbfgsb.cpython-310-x86_64-linux-gnu.so
77d9e19f7000-77d9e1a07000 r-xp 00002000 08:30 208496                     /home/thkim0/venv/v1/lib/python3.10/site-packages/scipy/optimize/_lbfgsb.cpython-310-x86_64-linux-gnu.so
77d9e1a07000-77d9e1a0b000 r--p 00012000 08:30 208496                     /home/thkim0/venv/v1/lib/python3.10/site-packages/scipy/optimize/_lbfgsb.cpython-310-x86_64-linux-gnu.so
77d9e1a0b000-77d9e1a0c000 r--p 00015000 08:30 208496                     /home/thkim0/venv/v1/lib/python3.10/site-packages/scipy/optimize/_lbfgsb.cpython-310-x86_64-linux-gnu.so
77d9e1a0c000-77d9e1a0d000 rw-p 00016000 08:30 208496                     /home/thkim0/venv/v1/lib/python3.10/site-packages/scipy/optimize/_lbfgsb.cpython-310-x86_64-linux-gnu.so
77d9e1a0d000-77d9e1a0f000 rw-p 0001a000 08:30 208496                     /home/thkim0/venv/v1/lib/python3.10/site-packages/scipy/optimize/_lbfgsb.cpython-310-x86_64-linux-gnu.so
77d9e1a0f000-77d9e1a14000 r--p 00000000 08:30 208154                     /home/thkim0/venv/v1/lib/python3.10/site-packages/scipy/linalg/_solve_toeplitz.cpython-310-x86_64-linux-gnu.so
77d9e1a14000-77d9e1a45000 r-xp 00005000 08:30 208154                     /home/thkim0/venv/v1/lib/python3.10/site-packages/scipy/linalg/_solve_toeplitz.cpython-310-x86_64-linux-gnu.so
77d9e1a45000-77d9e1a4d000 r--p 00036000 08:30 208154                     /home/thkim0/venv/v1/lib/python3.10/site-packages/scipy/linalg/_solve_toeplitz.cpython-310-x86_64-linux-gnu.so
77d9e1a4d000-77d9e1a4e000 r--p 0003d000 08:30 208154                     /home/thkim0/venv/v1/lib/python3.10/site-packages/scipy/linalg/_solve_toeplitz.cpython-310-x86_64-linux-gnu.so
77d9e1a4e000-77d9e1a50000 rw-p 0003e000 08:30 208154                     /home/thkim0/venv/v1/lib/python3.10/site-packages/scipy/linalg/_solve_toeplitz.cpython-310-x86_64-linux-gnu.so
77d9e1a50000-77d9e1a51000 rw-p 00000000 00:00 0 
77d9e1a51000-77d9e1a57000 r--p 00000000 08:30 207844                     /home/thkim0/venv/v1/lib/python3.10/site-packages/scipy/sparse/_csparsetools.cpython-310-x86_64-linux-gnu.so
77d9e1a57000-77d9e1af7000 r-xp 00006000 08:30 207844                     /home/thkim0/venv/v1/lib/python3.10/site-packages/scipy/sparse/_csparsetools.cpython-310-x86_64-linux-gnu.so
77d9e1af7000-77d9e1b06000 r--p 000a6000 08:30 207844                     /home/thkim0/venv/v1/lib/python3.10/site-packages/scipy/sparse/_csparsetools.cpython-310-x86_64-linux-gnu.so
77d9e1b06000-77d9e1b07000 r--p 000b4000 08:30 207844                     /home/thkim0/venv/v1/lib/python3.10/site-packages/scipy/sparse/_csparsetools.cpython-310-x86_64-linux-gnu.so
77d9e1b07000-77d9e1b0a000 rw-p 000b5000 08:30 207844                     /home/thkim0/venv/v1/lib/python3.10/site-packages/scipy/sparse/_csparsetools.cpython-310-x86_64-linux-gnu.so
77d9e1b0a000-77d9e1b0c000 rw-p 00000000 00:00 0 
77d9e1b0c000-77d9e1b14000 r--p 00000000 08:30 208031                     /home/thkim0/venv/v1/lib/python3.10/site-packages/scipy/spatial/_ckdtree.cpython-310-x86_64-linux-gnu.so
77d9e1b14000-77d9e1bbf000 r-xp 00008000 08:30 208031                     /home/thkim0/venv/v1/lib/python3.10/site-packages/scipy/spatial/_ckdtree.cpython-310-x86_64-linux-gnu.so
77d9e1bbf000-77d9e1bde000 r--p 000b3000 08:30 208031                     /home/thkim0/venv/v1/lib/python3.10/site-packages/scipy/spatial/_ckdtree.cpython-310-x86_64-linux-gnu.so
77d9e1bde000-77d9e1bdf000 r--p 000d1000 08:30 208031                     /home/thkim0/venv/v1/lib/python3.10/site-packages/scipy/spatial/_ckdtree.cpython-310-x86_64-linux-gnu.so
77d9e1bdf000-77d9e1be3000 rw-p 000d2000 08:30 208031                     /home/thkim0/venv/v1/lib/python3.10/site-packages/scipy/spatial/_ckdtree.cpython-310-x86_64-linux-gnu.so
77d9e1be3000-77d9e1fe4000 rw-p 00000000 00:00 0 
77d9e1fe4000-77d9e1ff2000 r--p 00000000 08:30 225122                     /home/thkim0/venv/v1/lib/python3.10/site-packages/pandas/_libs/groupby.cpython-310-x86_64-linux-gnu.so
77d9e1ff2000-77d9e210d000 r-xp 0000e000 08:30 225122                     /home/thkim0/venv/v1/lib/python3.10/site-packages/pandas/_libs/groupby.cpython-310-x86_64-linux-gnu.so
77d9e210d000-77d9e2125000 r--p 00129000 08:30 225122                     /home/thkim0/venv/v1/lib/python3.10/site-packages/pandas/_libs/groupby.cpython-310-x86_64-linux-gnu.so
77d9e2125000-77d9e2126000 r--p 00140000 08:30 225122                     /home/thkim0/venv/v1/lib/python3.10/site-packages/pandas/_libs/groupby.cpython-310-x86_64-linux-gnu.so
77d9e2126000-77d9e2132000 rw-p 00141000 08:30 225122                     /home/thkim0/venv/v1/lib/python3.10/site-packages/pandas/_libs/groupby.cpython-310-x86_64-linux-gnu.so
77d9e2132000-77d9e2534000 rw-p 00000000 00:00 0 
77d9e2534000-77d9e254f000 r--p 00000000 08:30 205603                     /home/thkim0/venv/v1/lib/python3.10/site-packages/pyarrow/_compute.cpython-310-x86_64-linux-gnu.so
77d9e254f000-77d9e25ea000 r-xp 0001b000 08:30 205603                     /home/thkim0/venv/v1/lib/python3.10/site-packages/pyarrow/_compute.cpython-310-x86_64-linux-gnu.so
77d9e25ea000-77d9e2614000 r--p 000b6000 08:30 205603                     /home/thkim0/venv/v1/lib/python3.10/site-packages/pyarrow/_compute.cpython-310-x86_64-linux-gnu.so
77d9e2614000-77d9e2617000 r--p 000df000 08:30 205603                     /home/thkim0/venv/v1/lib/python3.10/site-packages/pyarrow/_compute.cpython-310-x86_64-linux-gnu.so
77d9e2617000-77d9e2625000 rw-p 000e2000 08:30 205603                     /home/thkim0/venv/v1/lib/python3.10/site-packages/pyarrow/_compute.cpython-310-x86_64-linux-gnu.so
77d9e2625000-77d9e2729000 rw-p 00000000 00:00 0 
77d9e2729000-77d9e2732000 r--p 00000000 08:30 225188                     /home/thkim0/venv/v1/lib/python3.10/site-packages/pandas/_libs/sparse.cpython-310-x86_64-linux-gnu.so
77d9e2732000-77d9e27ea000 r-xp 00009000 08:30 225188                     /home/thkim0/venv/v1/lib/python3.10/site-packages/pandas/_libs/sparse.cpython-310-x86_64-linux-gnu.so
77d9e27ea000-77d9e27f8000 r--p 000c1000 08:30 225188                     /home/thkim0/venv/v1/lib/python3.10/site-packages/pandas/_libs/sparse.cpython-310-x86_64-linux-gnu.so
77d9e27f8000-77d9e27f9000 r--p 000ce000 08:30 225188                     /home/thkim0/venv/v1/lib/python3.10/site-packages/pandas/_libs/sparse.cpython-310-x86_64-linux-gnu.so
77d9e27f9000-77d9e27ff000 rw-p 000cf000 08:30 225188                     /home/thkim0/venv/v1/lib/python3.10/site-packages/pandas/_libs/sparse.cpython-310-x86_64-linux-gnu.so
77d9e27ff000-77d9e2800000 rw-p 00000000 00:00 0 
77d9e2800000-77d9e280f000 r--p 00000000 08:30 225150                     /home/thkim0/venv/v1/lib/python3.10/site-packages/pandas/_libs/join.cpython-310-x86_64-linux-gnu.so
77d9e280f000-77d9e2a92000 r-xp 0000f000 08:30 225150                     /home/thkim0/venv/v1/lib/python3.10/site-packages/pandas/_libs/join.cpython-310-x86_64-linux-gnu.so
77d9e2a92000-77d9e2ab0000 r--p 00292000 08:30 225150                     /home/thkim0/venv/v1/lib/python3.10/site-packages/pandas/_libs/join.cpython-310-x86_64-linux-gnu.so
77d9e2ab0000-77d9e2ab1000 r--p 002af000 08:30 225150                     /home/thkim0/venv/v1/lib/python3.10/site-packages/pandas/_libs/join.cpython-310-x86_64-linux-gnu.so
77d9e2ab1000-77d9e2aba000 rw-p 002b0000 08:30 225150                     /home/thkim0/venv/v1/lib/python3.10/site-packages/pandas/_libs/join.cpython-310-x86_64-linux-gnu.so
77d9e2aba000-77d9e2abd000 rw-p 00000000 00:00 0 
77d9e2abf000-77d9e2dbf000 rw-p 00000000 00:00 0 
77d9e2dbf000-77d9e2fff000 rw-p 00000000 00:00 0 
77d9e2fff000-77d9e3000000 ---p 00000000 00:00 0 
77d9e3000000-77d9e3800000 rw-p 00000000 00:00 0 
77d9e3800000-77d9e4000000 rw-p 00000000 00:00 0 
77d9e4000000-77d9e4344000 r--p 00000000 08:30 205681                     /home/thkim0/venv/v1/lib/python3.10/site-packages/pyarrow/libarrow.so.2400
77d9e4344000-77d9e60c6000 r-xp 00344000 08:30 205681                     /home/thkim0/venv/v1/lib/python3.10/site-packages/pyarrow/libarrow.so.2400
77d9e60c6000-77d9e6879000 r--p 020c6000 08:30 205681                     /home/thkim0/venv/v1/lib/python3.10/site-packages/pyarrow/libarrow.so.2400
77d9e6879000-77d9e6983000 r--p 02878000 08:30 205681                     /home/thkim0/venv/v1/lib/python3.10/site-packages/pyarrow/libarrow.so.2400
77d9e6983000-77d9e69bf000 rw-p 02982000 08:30 205681                     /home/thkim0/venv/v1/lib/python3.10/site-packages/pyarrow/libarrow.so.2400
77d9e69bf000-77d9e6bef000 rw-p 00000000 00:00 0 
77d9e6bf6000-77d9e6bf9000 r--p 00000000 08:30 269522                     /home/thkim0/venv/v1/lib/python3.10/site-packages/torch/lib/libshm.so
77d9e6bf9000-77d9e6bfc000 r-xp 00003000 08:30 269522                     /home/thkim0/venv/v1/lib/python3.10/site-packages/torch/lib/libshm.so
77d9e6bfc000-77d9e6bfd000 r--p 00006000 08:30 269522                     /home/thkim0/venv/v1/lib/python3.10/site-packages/torch/lib/libshm.so
77d9e6bfd000-77d9e6bfe000 ---p 00007000 08:30 269522                     /home/thkim0/venv/v1/lib/python3.10/site-packages/torch/lib/libshm.so
77d9e6bfe000-77d9e6bff000 r--p 00007000 08:30 269522                     /home/thkim0/venv/v1/lib/python3.10/site-packages/torch/lib/libshm.so
77d9e6bff000-77d9e6c00000 rw-p 00008000 08:30 269522                     /home/thkim0/venv/v1/lib/python3.10/site-packages/torch/lib/libshm.so
77d9e6c00000-77d9e6cac000 r--p 00000000 08:30 205683                     /home/thkim0/venv/v1/lib/python3.10/site-packages/pyarrow/libarrow_compute.so.2400
77d9e6cac000-77d9e77c6000 r-xp 000ac000 08:30 205683                     /home/thkim0/venv/v1/lib/python3.10/site-packages/pyarrow/libarrow_compute.so.2400
77d9e77c6000-77d9e79c8000 r--p 00bc6000 08:30 205683                     /home/thkim0/venv/v1/lib/python3.10/site-packages/pyarrow/libarrow_compute.so.2400
77d9e79c8000-77d9e79e8000 r--p 00dc7000 08:30 205683                     /home/thkim0/venv/v1/lib/python3.10/site-packages/pyarrow/libarrow_compute.so.2400
77d9e79e8000-77d9e79eb000 rw-p 00de7000 08:30 205683                     /home/thkim0/venv/v1/lib/python3.10/site-packages/pyarrow/libarrow_compute.so.2400
77d9e79eb000-77d9e79f8000 rw-p 00000000 00:00 0 
77d9e79fc000-77d9e79fd000 r--p 00000000 00:00 0 
77d9e79fd000-77d9e79fe000 r--p 00000000 08:30 12243                      /usr/lib/locale/C.utf8/LC_NUMERIC
77d9e79fe000-77d9e79ff000 r--p 00000000 08:30 12246                      /usr/lib/locale/C.utf8/LC_TIME
77d9e79ff000-77d9e7a00000 r--p 00000000 08:30 256439                     /home/thkim0/venv/v1/lib/python3.10/site-packages/torch/_C.cpython-310-x86_64-linux-gnu.so
77d9e7a00000-77d9e7a01000 r-xp 00001000 08:30 256439                     /home/thkim0/venv/v1/lib/python3.10/site-packages/torch/_C.cpython-310-x86_64-linux-gnu.so
77d9e7a01000-77d9e7a02000 r--p 00002000 08:30 256439                     /home/thkim0/venv/v1/lib/python3.10/site-packages/torch/_C.cpython-310-x86_64-linux-gnu.so
77d9e7a02000-77d9e7a03000 r--p 00002000 08:30 256439                     /home/thkim0/venv/v1/lib/python3.10/site-packages/torch/_C.cpython-310-x86_64-linux-gnu.so
77d9e7a03000-77d9e7a04000 rw-p 00003000 08:30 256439                     /home/thkim0/venv/v1/lib/python3.10/site-packages/torch/_C.cpython-310-x86_64-linux-gnu.so
77d9e7a04000-77d9e7a05000 rw-p 00009000 08:30 256439                     /home/thkim0/venv/v1/lib/python3.10/site-packages/torch/_C.cpython-310-x86_64-linux-gnu.so
77d9e7a05000-77d9e7a08000 r--p 00000000 08:30 207398                     /home/thkim0/venv/v1/lib/python3.10/site-packages/scipy/special/_ellip_harm_2.cpython-310-x86_64-linux-gnu.so
77d9e7a08000-77d9e7a1c000 r-xp 00003000 08:30 207398                     /home/thkim0/venv/v1/lib/python3.10/site-packages/scipy/special/_ellip_harm_2.cpython-310-x86_64-linux-gnu.so
77d9e7a1c000-77d9e7a1f000 r--p 00017000 08:30 207398                     /home/thkim0/venv/v1/lib/python3.10/site-packages/scipy/special/_ellip_harm_2.cpython-310-x86_64-linux-gnu.so
77d9e7a1f000-77d9e7a20000 r--p 00019000 08:30 207398                     /home/thkim0/venv/v1/lib/python3.10/site-packages/scipy/special/_ellip_harm_2.cpython-310-x86_64-linux-gnu.so
77d9e7a20000-77d9e7a21000 rw-p 0001a000 08:30 207398                     /home/thkim0/venv/v1/lib/python3.10/site-packages/scipy/special/_ellip_harm_2.cpython-310-x86_64-linux-gnu.so
77d9e7a21000-77d9e7a24000 rw-p 0001f000 08:30 207398                     /home/thkim0/venv/v1/lib/python3.10/site-packages/scipy/special/_ellip_harm_2.cpython-310-x86_64-linux-gnu.so
77d9e7a24000-77d9e7a2f000 r--p 00000000 08:30 225183                     /home/thkim0/venv/v1/lib/python3.10/site-packages/pandas/_libs/parsers.cpython-310-x86_64-linux-gnu.so
77d9e7a2f000-77d9e7a95000 r-xp 0000b000 08:30 225183                     /home/thkim0/venv/v1/lib/python3.10/site-packages/pandas/_libs/parsers.cpython-310-x86_64-linux-gnu.so
77d9e7a95000-77d9e7aa1000 r--p 00071000 08:30 225183                     /home/thkim0/venv/v1/lib/python3.10/site-packages/pandas/_libs/parsers.cpython-310-x86_64-linux-gnu.so
77d9e7aa1000-77d9e7aa2000 r--p 0007c000 08:30 225183                     /home/thkim0/venv/v1/lib/python3.10/site-packages/pandas/_libs/parsers.cpython-310-x86_64-linux-gnu.so
77d9e7aa2000-77d9e7aa9000 rw-p 0007d000 08:30 225183                     /home/thkim0/venv/v1/lib/python3.10/site-packages/pandas/_libs/parsers.cpython-310-x86_64-linux-gnu.so
77d9e7aa9000-77d9e7aaa000 rw-p 00000000 00:00 0 
77d9e7aaa000-77d9e7ad6000 r--p 00000000 08:30 205682                     /home/thkim0/venv/v1/lib/python3.10/site-packages/pyarrow/libarrow_acero.so.2400
77d9e7ad6000-77d9e7bc0000 r-xp 0002c000 08:30 205682                     /home/thkim0/venv/v1/lib/python3.10/site-packages/pyarrow/libarrow_acero.so.2400
77d9e7bc0000-77d9e7bf8000 r--p 00116000 08:30 205682                     /home/thkim0/venv/v1/lib/python3.10/site-packages/pyarrow/libarrow_acero.so.2400
77d9e7bf8000-77d9e7bfe000 r--p 0014d000 08:30 205682                     /home/thkim0/venv/v1/lib/python3.10/site-packages/pyarrow/libarrow_acero.so.2400
77d9e7bfe000-77d9e7c00000 rw-p 00153000 08:30 205682                     /home/thkim0/venv/v1/lib/python3.10/site-packages/pyarrow/libarrow_acero.so.2400
77d9e7c00000-77d9e7dae000 r--p 00000000 08:30 205696                     /home/thkim0/venv/v1/lib/python3.10/site-packages/pyarrow/libparquet.so.2400
77d9e7dae000-77d9e8366000 r-xp 001ae000 08:30 205696                     /home/thkim0/venv/v1/lib/python3.10/site-packages/pyarrow/libparquet.so.2400
77d9e8366000-77d9e8534000 r--p 00766000 08:30 205696                     /home/thkim0/venv/v1/lib/python3.10/site-packages/pyarrow/libparquet.so.2400
77d9e8534000-77d9e85d0000 r--p 00934000 08:30 205696                     /home/thkim0/venv/v1/lib/python3.10/site-packages/pyarrow/libparquet.so.2400
77d9e85d0000-77d9e85dc000 rw-p 009d0000 08:30 205696                     /home/thkim0/venv/v1/lib/python3.10/site-packages/pyarrow/libparquet.so.2400
77d9e85dc000-77d9e85e0000 rw-p 00000000 00:00 0 
77d9e85e0000-77d9e85e1000 r--p 00000000 08:30 12236                      /usr/lib/locale/C.utf8/LC_COLLATE
77d9e85e1000-77d9e85e2000 r--p 00000000 08:30 12241                      /usr/lib/locale/C.utf8/LC_MONETARY
77d9e85e2000-77d9e85e3000 r--p 00000000 08:30 12240                      /usr/lib/locale/C.utf8/LC_MESSAGES/SYS_LC_MESSAGES
77d9e85e3000-77d9e85e6000 r--p 00000000 08:30 208289                     /home/thkim0/venv/v1/lib/python3.10/site-packages/scipy/stats/_levy_stable/levyst.cpython-310-x86_64-linux-gnu.so
77d9e85e6000-77d9e85ed000 r-xp 00003000 08:30 208289                     /home/thkim0/venv/v1/lib/python3.10/site-packages/scipy/stats/_levy_stable/levyst.cpython-310-x86_64-linux-gnu.so
77d9e85ed000-77d9e85ef000 r--p 0000a000 08:30 208289                     /home/thkim0/venv/v1/lib/python3.10/site-packages/scipy/stats/_levy_stable/levyst.cpython-310-x86_64-linux-gnu.so
77d9e85ef000-77d9e85f0000 r--p 0000b000 08:30 208289                     /home/thkim0/venv/v1/lib/python3.10/site-packages/scipy/stats/_levy_stable/levyst.cpython-310-x86_64-linux-gnu.so
77d9e85f0000-77d9e85f1000 rw-p 0000c000 08:30 208289                     /home/thkim0/venv/v1/lib/python3.10/site-packages/scipy/stats/_levy_stable/levyst.cpython-310-x86_64-linux-gnu.so
77d9e85f1000-77d9e85f8000 r--p 00000000 08:30 225127                     /home/thkim0/venv/v1/lib/python3.10/site-packages/pandas/_libs/reshape.cpython-310-x86_64-linux-gnu.so
77d9e85f8000-77d9e8627000 r-xp 00007000 08:30 225127                     /home/thkim0/venv/v1/lib/python3.10/site-packages/pandas/_libs/reshape.cpython-310-x86_64-linux-gnu.so
77d9e8627000-77d9e862f000 r--p 00036000 08:30 225127                     /home/thkim0/venv/v1/lib/python3.10/site-packages/pandas/_libs/reshape.cpython-310-x86_64-linux-gnu.so
77d9e862f000-77d9e8630000 r--p 0003d000 08:30 225127                     /home/thkim0/venv/v1/lib/python3.10/site-packages/pandas/_libs/reshape.cpython-310-x86_64-linux-gnu.so
77d9e8630000-77d9e8634000 rw-p 0003e000 08:30 225127                     /home/thkim0/venv/v1/lib/python3.10/site-packages/pandas/_libs/reshape.cpython-310-x86_64-linux-gnu.so
77d9e8634000-77d9e8635000 rw-p 00000000 00:00 0 
77d9e8635000-77d9e863e000 r--p 00000000 08:30 225201                     /home/thkim0/venv/v1/lib/python3.10/site-packages/pandas/_libs/window/aggregations.cpython-310-x86_64-linux-gnu.so
77d9e863e000-77d9e8684000 r-xp 00009000 08:30 225201                     /home/thkim0/venv/v1/lib/python3.10/site-packages/pandas/_libs/window/aggregations.cpython-310-x86_64-linux-gnu.so
77d9e8684000-77d9e868d000 r--p 0004f000 08:30 225201                     /home/thkim0/venv/v1/lib/python3.10/site-packages/pandas/_libs/window/aggregations.cpython-310-x86_64-linux-gnu.so
77d9e868d000-77d9e868e000 ---p 00058000 08:30 225201                     /home/thkim0/venv/v1/lib/python3.10/site-packages/pandas/_libs/window/aggregations.cpython-310-x86_64-linux-gnu.so
77d9e868e000-77d9e868f000 r--p 00058000 08:30 225201                     /home/thkim0/venv/v1/lib/python3.10/site-packages/pandas/_libs/window/aggregations.cpython-310-x86_64-linux-gnu.so
77d9e868f000-77d9e8694000 rw-p 00059000 08:30 225201                     /home/thkim0/venv/v1/lib/python3.10/site-packages/pandas/_libs/window/aggregations.cpython-310-x86_64-linux-gnu.so
77d9e8694000-77d9e8696000 rw-p 00000000 00:00 0 
77d9e8696000-77d9e86d8000 r--p 00000000 08:30 205684                     /home/thkim0/venv/v1/lib/python3.10/site-packages/pyarrow/libarrow_dataset.so.2400
77d9e86d8000-77d9e87b4000 r-xp 00042000 08:30 205684                     /home/thkim0/venv/v1/lib/python3.10/site-packages/pyarrow/libarrow_dataset.so.2400
77d9e87b4000-77d9e87f7000 r--p 0011e000 08:30 205684                     /home/thkim0/venv/v1/lib/python3.10/site-packages/pyarrow/libarrow_dataset.so.2400
77d9e87f7000-77d9e87ff000 r--p 00161000 08:30 205684                     /home/thkim0/venv/v1/lib/python3.10/site-packages/pyarrow/libarrow_dataset.so.2400
77d9e87ff000-77d9e8800000 rw-p 00169000 08:30 205684                     /home/thkim0/venv/v1/lib/python3.10/site-packages/pyarrow/libarrow_dataset.so.2400
77d9e8800000-77d9e884b000 r--p 00000000 08:30 205695                     /home/thkim0/venv/v1/lib/python3.10/site-packages/pyarrow/libarrow_substrait.so.2400
77d9e884b000-77d9e8b28000 r-xp 0004b000 08:30 205695                     /home/thkim0/venv/v1/lib/python3.10/site-packages/pyarrow/libarrow_substrait.so.2400
77d9e8b28000-77d9e8bd5000 r--p 00328000 08:30 205695                     /home/thkim0/venv/v1/lib/python3.10/site-packages/pyarrow/libarrow_substrait.so.2400
77d9e8bd5000-77d9e8be3000 r--p 003d4000 08:30 205695                     /home/thkim0/venv/v1/lib/python3.10/site-packages/pyarrow/libarrow_substrait.so.2400
77d9e8be3000-77d9e8bf9000 rw-p 003e2000 08:30 205695                     /home/thkim0/venv/v1/lib/python3.10/site-packages/pyarrow/libarrow_substrait.so.2400
77d9e8bf9000-77d9e8bfa000 rw-p 00000000 00:00 0 
77d9e8bfa000-77d9e8bfb000 r--p 00000000 08:30 12244                      /usr/lib/locale/C.utf8/LC_PAPER
77d9e8bfb000-77d9e8bfc000 r--p 00000000 08:30 12242                      /usr/lib/locale/C.utf8/LC_NAME
77d9e8bfc000-77d9e8bfd000 r--p 00000000 08:30 12235                      /usr/lib/locale/C.utf8/LC_ADDRESS
77d9e8bfd000-77d9e8bfe000 r--p 00000000 08:30 12245                      /usr/lib/locale/C.utf8/LC_TELEPHONE
77d9e8bfe000-77d9e8bff000 r--p 00000000 08:30 12239                      /usr/lib/locale/C.utf8/LC_MEASUREMENT
77d9e8bff000-77d9e8c02000 r--p 00000000 08:30 208464                     /home/thkim0/venv/v1/lib/python3.10/site-packages/scipy/optimize/_group_columns.cpython-310-x86_64-linux-gnu.so
77d9e8c02000-77d9e8c0e000 r-xp 00003000 08:30 208464                     /home/thkim0/venv/v1/lib/python3.10/site-packages/scipy/optimize/_group_columns.cpython-310-x86_64-linux-gnu.so
77d9e8c0e000-77d9e8c11000 r--p 0000f000 08:30 208464                     /home/thkim0/venv/v1/lib/python3.10/site-packages/scipy/optimize/_group_columns.cpython-310-x86_64-linux-gnu.so
77d9e8c11000-77d9e8c12000 r--p 00011000 08:30 208464                     /home/thkim0/venv/v1/lib/python3.10/site-packages/scipy/optimize/_group_columns.cpython-310-x86_64-linux-gnu.so
77d9e8c12000-77d9e8c13000 rw-p 00012000 08:30 208464                     /home/thkim0/venv/v1/lib/python3.10/site-packages/scipy/optimize/_group_columns.cpython-310-x86_64-linux-gnu.so
77d9e8c13000-77d9e8c1b000 r--p 00000000 08:30 225155                     /home/thkim0/venv/v1/lib/python3.10/site-packages/pandas/_libs/internals.cpython-310-x86_64-linux-gnu.so
77d9e8c1b000-77d9e8c58000 r-xp 00008000 08:30 225155                     /home/thkim0/venv/v1/lib/python3.10/site-packages/pandas/_libs/internals.cpython-310-x86_64-linux-gnu.so
77d9e8c58000-77d9e8c62000 r--p 00045000 08:30 225155                     /home/thkim0/venv/v1/lib/python3.10/site-packages/pandas/_libs/internals.cpython-310-x86_64-linux-gnu.so
77d9e8c62000-77d9e8c63000 r--p 0004e000 08:30 225155                     /home/thkim0/venv/v1/lib/python3.10/site-packages/pandas/_libs/internals.cpython-310-x86_64-linux-gnu.so
77d9e8c63000-77d9e8c69000 rw-p 0004f000 08:30 225155                     /home/thkim0/venv/v1/lib/python3.10/site-packages/pandas/_libs/internals.cpython-310-x86_64-linux-gnu.so
77d9e8c69000-77d9e8c6a000 rw-p 00000000 00:00 0 
77d9e8c6a000-77d9e8cad000 r--p 00000000 08:30 205687                     /home/thkim0/venv/v1/lib/python3.10/site-packages/pyarrow/libarrow_python.so.2400
77d9e8cad000-77d9e8daf000 r-xp 00043000 08:30 205687                     /home/thkim0/venv/v1/lib/python3.10/site-packages/pyarrow/libarrow_python.so.2400
77d9e8daf000-77d9e8df2000 r--p 00145000 08:30 205687                     /home/thkim0/venv/v1/lib/python3.10/site-packages/pyarrow/libarrow_python.so.2400
77d9e8df2000-77d9e8dfe000 r--p 00187000 08:30 205687                     /home/thkim0/venv/v1/lib/python3.10/site-packages/pyarrow/libarrow_python.so.2400
77d9e8dfe000-77d9e8e00000 rw-p 00193000 08:30 205687                     /home/thkim0/venv/v1/lib/python3.10/site-packages/pyarrow/libarrow_python.so.2400
77d9e8e00000-77d9e8e3f000 r--p 00000000 08:30 205678                     /home/thkim0/venv/v1/lib/python3.10/site-packages/pyarrow/lib.cpython-310-x86_64-linux-gnu.so
77d9e8e3f000-77d9e908d000 r-xp 0003f000 08:30 205678                     /home/thkim0/venv/v1/lib/python3.10/site-packages/pyarrow/lib.cpython-310-x86_64-linux-gnu.so
77d9e908d000-77d9e9141000 r--p 0028d000 08:30 205678                     /home/thkim0/venv/v1/lib/python3.10/site-packages/pyarrow/lib.cpython-310-x86_64-linux-gnu.so
77d9e9141000-77d9e9143000 r--p 00341000 08:30 205678                     /home/thkim0/venv/v1/lib/python3.10/site-packages/pyarrow/lib.cpython-310-x86_64-linux-gnu.so
77d9e9143000-77d9e916c000 rw-p 00343000 08:30 205678                     /home/thkim0/venv/v1/lib/python3.10/site-packages/pyarrow/lib.cpython-310-x86_64-linux-gnu.so
77d9e916c000-77d9e917a000 rw-p 00000000 00:00 0 
77d9e917a000-77d9e917b000 ---p 00000000 00:00 0 
77d9e917b000-77d9e917c000 r--p 00000000 00:00 0 
77d9e917c000-77d9e9181000 r--p 00000000 08:30 225199                     /home/thkim0/venv/v1/lib/python3.10/site-packages/pandas/_libs/window/indexers.cpython-310-x86_64-linux-gnu.so
77d9e9181000-77d9e91a0000 r-xp 00005000 08:30 225199                     /home/thkim0/venv/v1/lib/python3.10/site-packages/pandas/_libs/window/indexers.cpython-310-x86_64-linux-gnu.so
77d9e91a0000-77d9e91a6000 r--p 00024000 08:30 225199                     /home/thkim0/venv/v1/lib/python3.10/site-packages/pandas/_libs/window/indexers.cpython-310-x86_64-linux-gnu.so
77d9e91a6000-77d9e91a7000 r--p 00029000 08:30 225199                     /home/thkim0/venv/v1/lib/python3.10/site-packages/pandas/_libs/window/indexers.cpython-310-x86_64-linux-gnu.so
77d9e91a7000-77d9e91aa000 rw-p 0002a000 08:30 225199                     /home/thkim0/venv/v1/lib/python3.10/site-packages/pandas/_libs/window/indexers.cpython-310-x86_64-linux-gnu.so
77d9e91aa000-77d9e92aa000 rw-p 00000000 00:00 0 
77d9e92aa000-77d9e92bc000 r--p 00000000 08:30 225153                     /home/thkim0/venv/v1/lib/python3.10/site-packages/pandas/_libs/algos.cpython-310-x86_64-linux-gnu.so
77d9e92bc000-77d9e941b000 r-xp 00012000 08:30 225153                     /home/thkim0/venv/v1/lib/python3.10/site-packages/pandas/_libs/algos.cpython-310-x86_64-linux-gnu.so
77d9e941b000-77d9e943a000 r--p 00171000 08:30 225153                     /home/thkim0/venv/v1/lib/python3.10/site-packages/pandas/_libs/algos.cpython-310-x86_64-linux-gnu.so
77d9e943a000-77d9e943b000 r--p 0018f000 08:30 225153                     /home/thkim0/venv/v1/lib/python3.10/site-packages/pandas/_libs/algos.cpython-310-x86_64-linux-gnu.so
77d9e943b000-77d9e9447000 rw-p 00190000 08:30 225153                     /home/thkim0/venv/v1/lib/python3.10/site-packages/pandas/_libs/algos.cpython-310-x86_64-linux-gnu.so
77d9e9447000-77d9e944a000 rw-p 00000000 00:00 0 
77d9e944a000-77d9e945c000 r--p 00000000 08:30 225263                     /home/thkim0/venv/v1/lib/python3.10/site-packages/pandas/_libs/tslibs/offsets.cpython-310-x86_64-linux-gnu.so
77d9e945c000-77d9e951f000 r-xp 00012000 08:30 225263                     /home/thkim0/venv/v1/lib/python3.10/site-packages/pandas/_libs/tslibs/offsets.cpython-310-x86_64-linux-gnu.so
77d9e951f000-77d9e9539000 r--p 000d5000 08:30 225263                     /home/thkim0/venv/v1/lib/python3.10/site-packages/pandas/_libs/tslibs/offsets.cpython-310-x86_64-linux-gnu.so
77d9e9539000-77d9e953a000 r--p 000ee000 08:30 225263                     /home/thkim0/venv/v1/lib/python3.10/site-packages/pandas/_libs/tslibs/offsets.cpython-310-x86_64-linux-gnu.so
77d9e953a000-77d9e954d000 rw-p 000ef000 08:30 225263                     /home/thkim0/venv/v1/lib/python3.10/site-packages/pandas/_libs/tslibs/offsets.cpython-310-x86_64-linux-gnu.so
77d9e954d000-77d9e9550000 rw-p 00000000 00:00 0 
77d9e9550000-77d9e9561000 r--p 00000000 08:30 225125                     /home/thkim0/venv/v1/lib/python3.10/site-packages/pandas/_libs/hashtable.cpython-310-x86_64-linux-gnu.so
77d9e9561000-77d9e9682000 r-xp 00011000 08:30 225125                     /home/thkim0/venv/v1/lib/python3.10/site-packages/pandas/_libs/hashtable.cpython-310-x86_64-linux-gnu.so
77d9e9682000-77d9e96a1000 r--p 00132000 08:30 225125                     /home/thkim0/venv/v1/lib/python3.10/site-packages/pandas/_libs/hashtable.cpython-310-x86_64-linux-gnu.so
77d9e96a1000-77d9e96a2000 r--p 00150000 08:30 225125                     /home/thkim0/venv/v1/lib/python3.10/site-packages/pandas/_libs/hashtable.cpython-310-x86_64-linux-gnu.so
77d9e96a2000-77d9e96bd000 rw-p 00151000 08:30 225125                     /home/thkim0/venv/v1/lib/python3.10/site-packages/pandas/_libs/hashtable.cpython-310-x86_64-linux-gnu.so
77d9e96bd000-77d9e96bf000 rw-p 00000000 00:00 0 
77d9e96bf000-77d9e96cd000 r--p 00000000 08:30 225177                     /home/thkim0/venv/v1/lib/python3.10/site-packages/pandas/_libs/interval.cpython-310-x86_64-linux-gnu.so
77d9e96cd000-77d9e97d2000 r-xp 0000e000 08:30 225177                     /home/thkim0/venv/v1/lib/python3.10/site-packages/pandas/_libs/interval.cpython-310-x86_64-linux-gnu.so
77d9e97d2000-77d9e97f2000 r--p 00113000 08:30 225177                     /home/thkim0/venv/v1/lib/python3.10/site-packages/pandas/_libs/interval.cpython-310-x86_64-linux-gnu.so
77d9e97f2000-77d9e97f3000 r--p 00132000 08:30 225177                     /home/thkim0/venv/v1/lib/python3.10/site-packages/pandas/_libs/interval.cpython-310-x86_64-linux-gnu.so
77d9e97f3000-77d9e97ff000 rw-p 00133000 08:30 225177                     /home/thkim0/venv/v1/lib/python3.10/site-packages/pandas/_libs/interval.cpython-310-x86_64-linux-gnu.so
77d9e97ff000-77d9e9e00000 rw-p 00000000 00:00 0 
77d9e9e00000-77d9e9e39000 r-xp 00000000 08:30 210116                     /home/thkim0/venv/v1/lib/python3.10/site-packages/kiwisolver/_cext.cpython-310-x86_64-linux-gnu.so
77d9e9e39000-77d9ea038000 ---p 00039000 08:30 210116                     /home/thkim0/venv/v1/lib/python3.10/site-packages/kiwisolver/_cext.cpython-310-x86_64-linux-gnu.so
77d9ea038000-77d9ea039000 r--p 00038000 08:30 210116                     /home/thkim0/venv/v1/lib/python3.10/site-packages/kiwisolver/_cext.cpython-310-x86_64-linux-gnu.so
77d9ea039000-77d9ea03a000 rw-p 00039000 08:30 210116                     /home/thkim0/venv/v1/lib/python3.10/site-packages/kiwisolver/_cext.cpython-310-x86_64-linux-gnu.so
77d9ea03a000-77d9ea03b000 rw-p 00000000 00:00 0 
77d9ea03b000-77d9ea03d000 r--p 00000000 08:30 208492                     /home/thkim0/venv/v1/lib/python3.10/site-packages/scipy/optimize/_minpack2.cpython-310-x86_64-linux-gnu.so
77d9ea03d000-77d9ea043000 r-xp 00002000 08:30 208492                     /home/thkim0/venv/v1/lib/python3.10/site-packages/scipy/optimize/_minpack2.cpython-310-x86_64-linux-gnu.so
77d9ea043000-77d9ea045000 r--p 00008000 08:30 208492                     /home/thkim0/venv/v1/lib/python3.10/site-packages/scipy/optimize/_minpack2.cpython-310-x86_64-linux-gnu.so
77d9ea045000-77d9ea046000 r--p 00009000 08:30 208492                     /home/thkim0/venv/v1/lib/python3.10/site-packages/scipy/optimize/_minpack2.cpython-310-x86_64-linux-gnu.so
77d9ea046000-77d9ea047000 rw-p 0000a000 08:30 208492                     /home/thkim0/venv/v1/lib/python3.10/site-packages/scipy/optimize/_minpack2.cpython-310-x86_64-linux-gnu.so
77d9ea047000-77d9ea04e000 r--p 00000000 08:30 225131                     /home/thkim0/venv/v1/lib/python3.10/site-packages/pandas/_libs/writers.cpython-310-x86_64-linux-gnu.so
77d9ea04e000-77d9ea072000 r-xp 00007000 08:30 225131                     /home/thkim0/venv/v1/lib/python3.10/site-packages/pandas/_libs/writers.cpython-310-x86_64-linux-gnu.so
77d9ea072000-77d9ea079000 r--p 0002b000 08:30 225131                     /home/thkim0/venv/v1/lib/python3.10/site-packages/pandas/_libs/writers.cpython-310-x86_64-linux-gnu.so
77d9ea079000-77d9ea07a000 r--p 00031000 08:30 225131                     /home/thkim0/venv/v1/lib/python3.10/site-packages/pandas/_libs/writers.cpython-310-x86_64-linux-gnu.so
77d9ea07a000-77d9ea07e000 rw-p 00032000 08:30 225131                     /home/thkim0/venv/v1/lib/python3.10/site-packages/pandas/_libs/writers.cpython-310-x86_64-linux-gnu.so
77d9ea07e000-77d9ea07f000 rw-p 00000000 00:00 0 
77d9ea07f000-77d9ea088000 r--p 00000000 08:30 225197                     /home/thkim0/venv/v1/lib/python3.10/site-packages/pandas/_libs/index.cpython-310-x86_64-linux-gnu.so
77d9ea088000-77d9ea0e9000 r-xp 00009000 08:30 225197                     /home/thkim0/venv/v1/lib/python3.10/site-packages/pandas/_libs/index.cpython-310-x86_64-linux-gnu.so
77d9ea0e9000-77d9ea0f6000 r--p 0006a000 08:30 225197                     /home/thkim0/venv/v1/lib/python3.10/site-packages/pandas/_libs/index.cpython-310-x86_64-linux-gnu.so
77d9ea0f6000-77d9ea0f7000 r--p 00076000 08:30 225197                     /home/thkim0/venv/v1/lib/python3.10/site-packages/pandas/_libs/index.cpython-310-x86_64-linux-gnu.so
77d9ea0f7000-77d9ea0fe000 rw-p 00077000 08:30 225197                     /home/thkim0/venv/v1/lib/python3.10/site-packages/pandas/_libs/index.cpython-310-x86_64-linux-gnu.so
77d9ea0fe000-77d9ea200000 rw-p 00000000 00:00 0 
77d9ea200000-77d9ea203000 r-xp 00000000 08:30 206861                     /home/thkim0/venv/v1/lib/python3.10/site-packages/Pillow.libs/libXau-154567c4.so.6.0.0
77d9ea203000-77d9ea402000 ---p 00003000 08:30 206861                     /home/thkim0/venv/v1/lib/python3.10/site-packages/Pillow.libs/libXau-154567c4.so.6.0.0
77d9ea402000-77d9ea403000 r--p 00002000 08:30 206861                     /home/thkim0/venv/v1/lib/python3.10/site-packages/Pillow.libs/libXau-154567c4.so.6.0.0
77d9ea403000-77d9ea404000 rw-p 00000000 00:00 0 
77d9ea404000-77d9ea405000 rw-p 00005000 08:30 206861                     /home/thkim0/venv/v1/lib/python3.10/site-packages/Pillow.libs/libXau-154567c4.so.6.0.0
77d9ea405000-77d9ea408000 r--p 00000000 08:30 207409                     /home/thkim0/venv/v1/lib/python3.10/site-packages/scipy/special/_comb.cpython-310-x86_64-linux-gnu.so
77d9ea408000-77d9ea40f000 r-xp 00003000 08:30 207409                     /home/thkim0/venv/v1/lib/python3.10/site-packages/scipy/special/_comb.cpython-310-x86_64-linux-gnu.so
77d9ea40f000-77d9ea411000 r--p 0000a000 08:30 207409                     /home/thkim0/venv/v1/lib/python3.10/site-packages/scipy/special/_comb.cpython-310-x86_64-linux-gnu.so
77d9ea411000-77d9ea412000 r--p 0000b000 08:30 207409                     /home/thkim0/venv/v1/lib/python3.10/site-packages/scipy/special/_comb.cpython-310-x86_64-linux-gnu.so
77d9ea412000-77d9ea413000 rw-p 0000c000 08:30 207409                     /home/thkim0/venv/v1/lib/python3.10/site-packages/scipy/special/_comb.cpython-310-x86_64-linux-gnu.so
77d9ea413000-77d9ea419000 r--p 00000000 08:30 225142                     /home/thkim0/venv/v1/lib/python3.10/site-packages/pandas/_libs/ops.cpython-310-x86_64-linux-gnu.so
77d9ea419000-77d9ea443000 r-xp 00006000 08:30 225142                     /home/thkim0/venv/v1/lib/python3.10/site-packages/pandas/_libs/ops.cpython-310-x86_64-linux-gnu.so
77d9ea443000-77d9ea44a000 r--p 00030000 08:30 225142                     /home/thkim0/venv/v1/lib/python3.10/site-packages/pandas/_libs/ops.cpython-310-x86_64-linux-gnu.so
77d9ea44a000-77d9ea44b000 r--p 00036000 08:30 225142                     /home/thkim0/venv/v1/lib/python3.10/site-packages/pandas/_libs/ops.cpython-310-x86_64-linux-gnu.so
77d9ea44b000-77d9ea44f000 rw-p 00037000 08:30 225142                     /home/thkim0/venv/v1/lib/python3.10/site-packages/pandas/_libs/ops.cpython-310-x86_64-linux-gnu.so
77d9ea44f000-77d9ea455000 r--p 00000000 08:30 225145                     /home/thkim0/venv/v1/lib/python3.10/site-packages/pandas/_libs/hashing.cpython-310-x86_64-linux-gnu.so
77d9ea455000-77d9ea475000 r-xp 00006000 08:30 225145                     /home/thkim0/venv/v1/lib/python3.10/site-packages/pandas/_libs/hashing.cpython-310-x86_64-linux-gnu.so
77d9ea475000-77d9ea47b000 r--p 00026000 08:30 225145                     /home/thkim0/venv/v1/lib/python3.10/site-packages/pandas/_libs/hashing.cpython-310-x86_64-linux-gnu.so
77d9ea47b000-77d9ea47c000 r--p 0002b000 08:30 225145                     /home/thkim0/venv/v1/lib/python3.10/site-packages/pandas/_libs/hashing.cpython-310-x86_64-linux-gnu.so
77d9ea47c000-77d9ea47f000 rw-p 0002c000 08:30 225145                     /home/thkim0/venv/v1/lib/python3.10/site-packages/pandas/_libs/hashing.cpython-310-x86_64-linux-gnu.so
77d9ea47f000-77d9ea57f000 rw-p 00000000 00:00 0 
77d9ea57f000-77d9ea582000 r--p 00000000 08:30 222661                     /home/thkim0/venv/v1/lib/python3.10/site-packages/sklearn/metrics/cluster/_expected_mutual_info_fast.cpython-310-x86_64-linux-gnu.so
77d9ea582000-77d9ea594000 r-xp 00003000 08:30 222661                     /home/thkim0/venv/v1/lib/python3.10/site-packages/sklearn/metrics/cluster/_expected_mutual_info_fast.cpython-310-x86_64-linux-gnu.so
77d9ea594000-77d9ea597000 r--p 00015000 08:30 222661                     /home/thkim0/venv/v1/lib/python3.10/site-packages/sklearn/metrics/cluster/_expected_mutual_info_fast.cpython-310-x86_64-linux-gnu.so
77d9ea597000-77d9ea598000 r--p 00017000 08:30 222661                     /home/thkim0/venv/v1/lib/python3.10/site-packages/sklearn/metrics/cluster/_expected_mutual_info_fast.cpython-310-x86_64-linux-gnu.so
77d9ea598000-77d9ea599000 rw-p 00018000 08:30 222661                     /home/thkim0/venv/v1/lib/python3.10/site-packages/sklearn/metrics/cluster/_expected_mutual_info_fast.cpython-310-x86_64-linux-gnu.so
77d9ea599000-77d9ea59a000 rw-p 00000000 00:00 0 
77d9ea59a000-77d9ea59d000 rw-p 0008a000 08:30 222661                     /home/thkim0/venv/v1/lib/python3.10/site-packages/sklearn/metrics/cluster/_expected_mutual_info_fast.cpython-310-x86_64-linux-gnu.so
77d9ea59d000-77d9ea59f000 r--p 00000000 08:30 222838                     /home/thkim0/venv/v1/lib/python3.10/site-packages/sklearn/utils/_typedefs.cpython-310-x86_64-linux-gnu.so
77d9ea59f000-77d9ea5a2000 r-xp 00002000 08:30 222838                     /home/thkim0/venv/v1/lib/python3.10/site-packages/sklearn/utils/_typedefs.cpython-310-x86_64-linux-gnu.so
77d9ea5a2000-77d9ea5a3000 r--p 00005000 08:30 222838                     /home/thkim0/venv/v1/lib/python3.10/site-packages/sklearn/utils/_typedefs.cpython-310-x86_64-linux-gnu.so
77d9ea5a3000-77d9ea5a4000 r--p 00005000 08:30 222838                     /home/thkim0/venv/v1/lib/python3.10/site-packages/sklearn/utils/_typedefs.cpython-310-x86_64-linux-gnu.so
77d9ea5a4000-77d9ea5a5000 rw-p 00006000 08:30 222838                     /home/thkim0/venv/v1/lib/python3.10/site-packages/sklearn/utils/_typedefs.cpython-310-x86_64-linux-gnu.so
77d9ea5a5000-77d9ea5a7000 rw-p 0001b000 08:30 222838                     /home/thkim0/venv/v1/lib/python3.10/site-packages/sklearn/utils/_typedefs.cpython-310-x86_64-linux-gnu.so
77d9ea5a7000-77d9ea5a9000 r--p 00000000 08:30 222844                     /home/thkim0/venv/v1/lib/python3.10/site-packages/sklearn/utils/_openmp_helpers.cpython-310-x86_64-linux-gnu.so
77d9ea5a9000-77d9ea5ad000 r-xp 00002000 08:30 222844                     /home/thkim0/venv/v1/lib/python3.10/site-packages/sklearn/utils/_openmp_helpers.cpython-310-x86_64-linux-gnu.so
77d9ea5ad000-77d9ea5ae000 r--p 00006000 08:30 222844                     /home/thkim0/venv/v1/lib/python3.10/site-packages/sklearn/utils/_openmp_helpers.cpython-310-x86_64-linux-gnu.so
77d9ea5ae000-77d9ea5af000 r--p 00006000 08:30 222844                     /home/thkim0/venv/v1/lib/python3.10/site-packages/sklearn/utils/_openmp_helpers.cpython-310-x86_64-linux-gnu.so
77d9ea5af000-77d9ea5b0000 rw-p 00007000 08:30 222844                     /home/thkim0/venv/v1/lib/python3.10/site-packages/sklearn/utils/_openmp_helpers.cpython-310-x86_64-linux-gnu.so
77d9ea5b0000-77d9ea5b2000 rw-p 0002a000 08:30 222844                     /home/thkim0/venv/v1/lib/python3.10/site-packages/sklearn/utils/_openmp_helpers.cpython-310-x86_64-linux-gnu.so
77d9ea5b2000-77d9ea5b5000 r--p 00000000 08:30 222826                     /home/thkim0/venv/v1/lib/python3.10/site-packages/sklearn/utils/murmurhash.cpython-310-x86_64-linux-gnu.so
77d9ea5b5000-77d9ea5c2000 r-xp 00003000 08:30 222826                     /home/thkim0/venv/v1/lib/python3.10/site-packages/sklearn/utils/murmurhash.cpython-310-x86_64-linux-gnu.so
77d9ea5c2000-77d9ea5c5000 r--p 00010000 08:30 222826                     /home/thkim0/venv/v1/lib/python3.10/site-packages/sklearn/utils/murmurhash.cpython-310-x86_64-linux-gnu.so
77d9ea5c5000-77d9ea5c6000 ---p 00013000 08:30 222826                     /home/thkim0/venv/v1/lib/python3.10/site-packages/sklearn/utils/murmurhash.cpython-310-x86_64-linux-gnu.so
77d9ea5c6000-77d9ea5c7000 r--p 00013000 08:30 222826                     /home/thkim0/venv/v1/lib/python3.10/site-packages/sklearn/utils/murmurhash.cpython-310-x86_64-linux-gnu.so
77d9ea5c7000-77d9ea5c9000 rw-p 00014000 08:30 222826                     /home/thkim0/venv/v1/lib/python3.10/site-packages/sklearn/utils/murmurhash.cpython-310-x86_64-linux-gnu.so
77d9ea5c9000-77d9ea5cc000 rw-p 0008c000 08:30 222826                     /home/thkim0/venv/v1/lib/python3.10/site-packages/sklearn/utils/murmurhash.cpython-310-x86_64-linux-gnu.so
77d9ea5cc000-77d9ea5ce000 r--p 00000000 08:30 223118                     /home/thkim0/venv/v1/lib/python3.10/site-packages/sklearn/__check_build/_check_build.cpython-310-x86_64-linux-gnu.so
77d9ea5ce000-77d9ea5cf000 r-xp 00002000 08:30 223118                     /home/thkim0/venv/v1/lib/python3.10/site-packages/sklearn/__check_build/_check_build.cpython-310-x86_64-linux-gnu.so
77d9ea5cf000-77d9ea5d0000 r--p 00003000 08:30 223118                     /home/thkim0/venv/v1/lib/python3.10/site-packages/sklearn/__check_build/_check_build.cpython-310-x86_64-linux-gnu.so
77d9ea5d0000-77d9ea5d1000 r--p 00003000 08:30 223118                     /home/thkim0/venv/v1/lib/python3.10/site-packages/sklearn/__check_build/_check_build.cpython-310-x86_64-linux-gnu.so
77d9ea5d1000-77d9ea5d2000 rw-p 00004000 08:30 223118                     /home/thkim0/venv/v1/lib/python3.10/site-packages/sklearn/__check_build/_check_build.cpython-310-x86_64-linux-gnu.so
77d9ea5d2000-77d9ea5d4000 rw-p 0000f000 08:30 223118                     /home/thkim0/venv/v1/lib/python3.10/site-packages/sklearn/__check_build/_check_build.cpython-310-x86_64-linux-gnu.so
77d9ea5d4000-77d9ea5da000 r--p 00000000 08:30 296864                     /home/thkim0/venv/v1/lib/python3.10/site-packages/MeCab/_MeCab.cpython-310-x86_64-linux-gnu.so
77d9ea5da000-77d9ea5e8000 r-xp 00006000 08:30 296864                     /home/thkim0/venv/v1/lib/python3.10/site-packages/MeCab/_MeCab.cpython-310-x86_64-linux-gnu.so
77d9ea5e8000-77d9ea5f1000 r--p 00014000 08:30 296864                     /home/thkim0/venv/v1/lib/python3.10/site-packages/MeCab/_MeCab.cpython-310-x86_64-linux-gnu.so
77d9ea5f1000-77d9ea5f2000 r--p 0001c000 08:30 296864                     /home/thkim0/venv/v1/lib/python3.10/site-packages/MeCab/_MeCab.cpython-310-x86_64-linux-gnu.so
77d9ea5f2000-77d9ea5f6000 rw-p 0001d000 08:30 296864                     /home/thkim0/venv/v1/lib/python3.10/site-packages/MeCab/_MeCab.cpython-310-x86_64-linux-gnu.so
77d9ea5f6000-77d9ea5f9000 rw-p 000bb000 08:30 296864                     /home/thkim0/venv/v1/lib/python3.10/site-packages/MeCab/_MeCab.cpython-310-x86_64-linux-gnu.so
77d9ea5f9000-77d9ea5fb000 r--p 00000000 08:30 58212                      /usr/lib/python3.10/lib-dynload/_multiprocessing.cpython-310-x86_64-linux-gnu.so
77d9ea5fb000-77d9ea5fd000 r-xp 00002000 08:30 58212                      /usr/lib/python3.10/lib-dynload/_multiprocessing.cpython-310-x86_64-linux-gnu.so
77d9ea5fd000-77d9ea5fe000 r--p 00004000 08:30 58212                      /usr/lib/python3.10/lib-dynload/_multiprocessing.cpython-310-x86_64-linux-gnu.so
77d9ea5fe000-77d9ea5ff000 r--p 00004000 08:30 58212                      /usr/lib/python3.10/lib-dynload/_multiprocessing.cpython-310-x86_64-linux-gnu.so
77d9ea5ff000-77d9ea600000 rw-p 00005000 08:30 58212                      /usr/lib/python3.10/lib-dynload/_multiprocessing.cpython-310-x86_64-linux-gnu.so
77d9ea600000-77d9ea800000 rw-p 00000000 00:00 0 
77d9ea800000-77d9ee800000 rw-p 00000000 00:00 0 
77d9ee800000-77d9ee801000 r--p 00000000 08:30 12238                      /usr/lib/locale/C.utf8/LC_IDENTIFICATION
77d9ee801000-77d9ee802000 r--p 00000000 08:30 269528                     /home/thkim0/venv/v1/lib/python3.10/site-packages/torch/lib/libtorch_global_deps.so
77d9ee802000-77d9ee803000 r-xp 00001000 08:30 269528                     /home/thkim0/venv/v1/lib/python3.10/site-packages/torch/lib/libtorch_global_deps.so
77d9ee803000-77d9ee804000 r--p 00002000 08:30 269528                     /home/thkim0/venv/v1/lib/python3.10/site-packages/torch/lib/libtorch_global_deps.so
77d9ee804000-77d9ee805000 r--p 00002000 08:30 269528                     /home/thkim0/venv/v1/lib/python3.10/site-packages/torch/lib/libtorch_global_deps.so
77d9ee805000-77d9ee808000 rw-p 00003000 08:30 269528                     /home/thkim0/venv/v1/lib/python3.10/site-packages/torch/lib/libtorch_global_deps.so
77d9ee808000-77d9ee80a000 r--p 00000000 08:30 208036                     /home/thkim0/venv/v1/lib/python3.10/site-packages/scipy/spatial/_distance_wrap.cpython-310-x86_64-linux-gnu.so
77d9ee80a000-77d9ee81e000 r-xp 00002000 08:30 208036                     /home/thkim0/venv/v1/lib/python3.10/site-packages/scipy/spatial/_distance_wrap.cpython-310-x86_64-linux-gnu.so
77d9ee81e000-77d9ee820000 r--p 00016000 08:30 208036                     /home/thkim0/venv/v1/lib/python3.10/site-packages/scipy/spatial/_distance_wrap.cpython-310-x86_64-linux-gnu.so
77d9ee820000-77d9ee821000 ---p 00018000 08:30 208036                     /home/thkim0/venv/v1/lib/python3.10/site-packages/scipy/spatial/_distance_wrap.cpython-310-x86_64-linux-gnu.so
77d9ee821000-77d9ee822000 r--p 00018000 08:30 208036                     /home/thkim0/venv/v1/lib/python3.10/site-packages/scipy/spatial/_distance_wrap.cpython-310-x86_64-linux-gnu.so
77d9ee822000-77d9ee823000 rw-p 00019000 08:30 208036                     /home/thkim0/venv/v1/lib/python3.10/site-packages/scipy/spatial/_distance_wrap.cpython-310-x86_64-linux-gnu.so
77d9ee823000-77d9ee828000 r--p 00000000 08:30 225154                     /home/thkim0/venv/v1/lib/python3.10/site-packages/pandas/_libs/tslib.cpython-310-x86_64-linux-gnu.so
77d9ee828000-77d9ee84a000 r-xp 00005000 08:30 225154                     /home/thkim0/venv/v1/lib/python3.10/site-packages/pandas/_libs/tslib.cpython-310-x86_64-linux-gnu.so
77d9ee84a000-77d9ee84e000 r--p 00027000 08:30 225154                     /home/thkim0/venv/v1/lib/python3.10/site-packages/pandas/_libs/tslib.cpython-310-x86_64-linux-gnu.so
77d9ee84e000-77d9ee84f000 r--p 0002a000 08:30 225154                     /home/thkim0/venv/v1/lib/python3.10/site-packages/pandas/_libs/tslib.cpython-310-x86_64-linux-gnu.so
77d9ee84f000-77d9ee852000 rw-p 0002b000 08:30 225154                     /home/thkim0/venv/v1/lib/python3.10/site-packages/pandas/_libs/tslib.cpython-310-x86_64-linux-gnu.so
77d9ee852000-77d9ee860000 r--p 00000000 08:30 225170                     /home/thkim0/venv/v1/lib/python3.10/site-packages/pandas/_libs/lib.cpython-310-x86_64-linux-gnu.so
77d9ee860000-77d9ee8dc000 r-xp 0000e000 08:30 225170                     /home/thkim0/venv/v1/lib/python3.10/site-packages/pandas/_libs/lib.cpython-310-x86_64-linux-gnu.so
77d9ee8dc000-77d9ee8ed000 r--p 0008a000 08:30 225170                     /home/thkim0/venv/v1/lib/python3.10/site-packages/pandas/_libs/lib.cpython-310-x86_64-linux-gnu.so
77d9ee8ed000-77d9ee8ee000 ---p 0009b000 08:30 225170                     /home/thkim0/venv/v1/lib/python3.10/site-packages/pandas/_libs/lib.cpython-310-x86_64-linux-gnu.so
77d9ee8ee000-77d9ee8ef000 r--p 0009b000 08:30 225170                     /home/thkim0/venv/v1/lib/python3.10/site-packages/pandas/_libs/lib.cpython-310-x86_64-linux-gnu.so
77d9ee8ef000-77d9ee8fd000 rw-p 0009c000 08:30 225170                     /home/thkim0/venv/v1/lib/python3.10/site-packages/pandas/_libs/lib.cpython-310-x86_64-linux-gnu.so
77d9ee8fd000-77d9ee9ff000 rw-p 00000000 00:00 0 
77d9ee9ff000-77d9eea00000 ---p 00000000 00:00 0 
77d9eea00000-77d9ef200000 rw-p 00000000 00:00 0 
77d9ef200000-77d9f1200000 rw-p 00000000 00:00 0 
77d9f1200000-77d9f1201000 r--p 00000000 08:30 208475                     /home/thkim0/venv/v1/lib/python3.10/site-packages/scipy/optimize/_direct.cpython-310-x86_64-linux-gnu.so
77d9f1201000-77d9f1207000 r-xp 00001000 08:30 208475                     /home/thkim0/venv/v1/lib/python3.10/site-packages/scipy/optimize/_direct.cpython-310-x86_64-linux-gnu.so
77d9f1207000-77d9f1209000 r--p 00007000 08:30 208475                     /home/thkim0/venv/v1/lib/python3.10/site-packages/scipy/optimize/_direct.cpython-310-x86_64-linux-gnu.so
77d9f1209000-77d9f120a000 r--p 00008000 08:30 208475                     /home/thkim0/venv/v1/lib/python3.10/site-packages/scipy/optimize/_direct.cpython-310-x86_64-linux-gnu.so
77d9f120a000-77d9f120b000 rw-p 00009000 08:30 208475                     /home/thkim0/venv/v1/lib/python3.10/site-packages/scipy/optimize/_direct.cpython-310-x86_64-linux-gnu.so
77d9f120b000-77d9f120f000 r--p 00000000 08:30 217708                     /home/thkim0/venv/v1/lib/python3.10/site-packages/scipy/_lib/_ccallback_c.cpython-310-x86_64-linux-gnu.so
77d9f120f000-77d9f121d000 r-xp 00004000 08:30 217708                     /home/thkim0/venv/v1/lib/python3.10/site-packages/scipy/_lib/_ccallback_c.cpython-310-x86_64-linux-gnu.so
77d9f121d000-77d9f1220000 r--p 00012000 08:30 217708                     /home/thkim0/venv/v1/lib/python3.10/site-packages/scipy/_lib/_ccallback_c.cpython-310-x86_64-linux-gnu.so
77d9f1220000-77d9f1221000 r--p 00014000 08:30 217708                     /home/thkim0/venv/v1/lib/python3.10/site-packages/scipy/_lib/_ccallback_c.cpython-310-x86_64-linux-gnu.so
77d9f1221000-77d9f1222000 rw-p 00015000 08:30 217708                     /home/thkim0/venv/v1/lib/python3.10/site-packages/scipy/_lib/_ccallback_c.cpython-310-x86_64-linux-gnu.so
77d9f1222000-77d9f1223000 rw-p 00000000 00:00 0 
77d9f1223000-77d9f1229000 r--p 00000000 08:30 225265                     /home/thkim0/venv/v1/lib/python3.10/site-packages/pandas/_libs/tslibs/vectorized.cpython-310-x86_64-linux-gnu.so
77d9f1229000-77d9f1254000 r-xp 00006000 08:30 225265                     /home/thkim0/venv/v1/lib/python3.10/site-packages/pandas/_libs/tslibs/vectorized.cpython-310-x86_64-linux-gnu.so
77d9f1254000-77d9f125b000 r--p 00031000 08:30 225265                     /home/thkim0/venv/v1/lib/python3.10/site-packages/pandas/_libs/tslibs/vectorized.cpython-310-x86_64-linux-gnu.so
77d9f125b000-77d9f125c000 r--p 00037000 08:30 225265                     /home/thkim0/venv/v1/lib/python3.10/site-packages/pandas/_libs/tslibs/vectorized.cpython-310-x86_64-linux-gnu.so
77d9f125c000-77d9f1260000 rw-p 00038000 08:30 225265                     /home/thkim0/venv/v1/lib/python3.10/site-packages/pandas/_libs/tslibs/vectorized.cpython-310-x86_64-linux-gnu.so
77d9f1260000-77d9f126b000 r--p 00000000 08:30 225271                     /home/thkim0/venv/v1/lib/python3.10/site-packages/pandas/_libs/tslibs/period.cpython-310-x86_64-linux-gnu.so
77d9f126b000-77d9f12b2000 r-xp 0000b000 08:30 225271                     /home/thkim0/venv/v1/lib/python3.10/site-packages/pandas/_libs/tslibs/period.cpython-310-x86_64-linux-gnu.so
77d9f12b2000-77d9f12c5000 r--p 00052000 08:30 225271                     /home/thkim0/venv/v1/lib/python3.10/site-packages/pandas/_libs/tslibs/period.cpython-310-x86_64-linux-gnu.so
77d9f12c5000-77d9f12c6000 r--p 00064000 08:30 225271                     /home/thkim0/venv/v1/lib/python3.10/site-packages/pandas/_libs/tslibs/period.cpython-310-x86_64-linux-gnu.so
77d9f12c6000-77d9f12cf000 rw-p 00065000 08:30 225271                     /home/thkim0/venv/v1/lib/python3.10/site-packages/pandas/_libs/tslibs/period.cpython-310-x86_64-linux-gnu.so
77d9f12cf000-77d9f12d0000 rw-p 00000000 00:00 0 
77d9f12d0000-77d9f12e9000 r--p 00000000 08:30 228547                     /home/thkim0/venv/v1/lib/python3.10/site-packages/matplotlib/ft2font.cpython-310-x86_64-linux-gnu.so
77d9f12e9000-77d9f13b9000 r-xp 00019000 08:30 228547                     /home/thkim0/venv/v1/lib/python3.10/site-packages/matplotlib/ft2font.cpython-310-x86_64-linux-gnu.so
77d9f13b9000-77d9f13f6000 r--p 000e9000 08:30 228547                     /home/thkim0/venv/v1/lib/python3.10/site-packages/matplotlib/ft2font.cpython-310-x86_64-linux-gnu.so
77d9f13f6000-77d9f13fd000 r--p 00125000 08:30 228547                     /home/thkim0/venv/v1/lib/python3.10/site-packages/matplotlib/ft2font.cpython-310-x86_64-linux-gnu.so
77d9f13fd000-77d9f13fe000 rw-p 0012c000 08:30 228547                     /home/thkim0/venv/v1/lib/python3.10/site-packages/matplotlib/ft2font.cpython-310-x86_64-linux-gnu.so
77d9f13fe000-77d9f13ff000 rw-p 00000000 00:00 0 
77d9f13ff000-77d9f1400000 ---p 00000000 00:00 0 
77d9f1400000-77d9f1c00000 rw-p 00000000 00:00 0 
77d9f1c00000-77d9f3c00000 rw-p 00000000 00:00 0 
77d9f3c00000-77d9f3c01000 ---p 00000000 00:00 0 
77d9f3c01000-77d9f3c02000 rw-s a03e84000 00:01 1144                      /dev/zero (deleted)
77d9f3c02000-77d9f3c03000 rw-s a03e83000 00:01 1143                      /dev/zero (deleted)
77d9f3c03000-77d9f3c06000 r--p 00000000 08:30 217704                     /home/thkim0/venv/v1/lib/python3.10/site-packages/scipy/_lib/messagestream.cpython-310-x86_64-linux-gnu.so
77d9f3c06000-77d9f3c10000 r-xp 00003000 08:30 217704                     /home/thkim0/venv/v1/lib/python3.10/site-packages/scipy/_lib/messagestream.cpython-310-x86_64-linux-gnu.so
77d9f3c10000-77d9f3c13000 r--p 0000d000 08:30 217704                     /home/thkim0/venv/v1/lib/python3.10/site-packages/scipy/_lib/messagestream.cpython-310-x86_64-linux-gnu.so
77d9f3c13000-77d9f3c14000 r--p 0000f000 08:30 217704                     /home/thkim0/venv/v1/lib/python3.10/site-packages/scipy/_lib/messagestream.cpython-310-x86_64-linux-gnu.so
77d9f3c14000-77d9f3c15000 rw-p 00010000 08:30 217704                     /home/thkim0/venv/v1/lib/python3.10/site-packages/scipy/_lib/messagestream.cpython-310-x86_64-linux-gnu.so
77d9f3c15000-77d9f3c21000 r--p 00000000 08:30 225287                     /home/thkim0/venv/v1/lib/python3.10/site-packages/pandas/_libs/tslibs/timestamps.cpython-310-x86_64-linux-gnu.so
77d9f3c21000-77d9f3c73000 r-xp 0000c000 08:30 225287                     /home/thkim0/venv/v1/lib/python3.10/site-packages/pandas/_libs/tslibs/timestamps.cpython-310-x86_64-linux-gnu.so
77d9f3c73000-77d9f3c89000 r--p 0005e000 08:30 225287                     /home/thkim0/venv/v1/lib/python3.10/site-packages/pandas/_libs/tslibs/timestamps.cpython-310-x86_64-linux-gnu.so
77d9f3c89000-77d9f3c8a000 r--p 00073000 08:30 225287                     /home/thkim0/venv/v1/lib/python3.10/site-packages/pandas/_libs/tslibs/timestamps.cpython-310-x86_64-linux-gnu.so
77d9f3c8a000-77d9f3c97000 rw-p 00074000 08:30 225287                     /home/thkim0/venv/v1/lib/python3.10/site-packages/pandas/_libs/tslibs/timestamps.cpython-310-x86_64-linux-gnu.so
77d9f3c97000-77d9f3c99000 rw-p 00000000 00:00 0 
77d9f3c99000-77d9f3ca3000 r--p 00000000 08:30 225239                     /home/thkim0/venv/v1/lib/python3.10/site-packages/pandas/_libs/tslibs/strptime.cpython-310-x86_64-linux-gnu.so
77d9f3ca3000-77d9f3cec000 r-xp 0000a000 08:30 225239                     /home/thkim0/venv/v1/lib/python3.10/site-packages/pandas/_libs/tslibs/strptime.cpython-310-x86_64-linux-gnu.so
77d9f3cec000-77d9f3cf6000 r--p 00053000 08:30 225239                     /home/thkim0/venv/v1/lib/python3.10/site-packages/pandas/_libs/tslibs/strptime.cpython-310-x86_64-linux-gnu.so
77d9f3cf6000-77d9f3cf7000 r--p 0005c000 08:30 225239                     /home/thkim0/venv/v1/lib/python3.10/site-packages/pandas/_libs/tslibs/strptime.cpython-310-x86_64-linux-gnu.so
77d9f3cf7000-77d9f3cfe000 rw-p 0005d000 08:30 225239                     /home/thkim0/venv/v1/lib/python3.10/site-packages/pandas/_libs/tslibs/strptime.cpython-310-x86_64-linux-gnu.so
77d9f3cfe000-77d9f3dff000 rw-p 00000000 00:00 0 
77d9f3dff000-77d9f3e00000 ---p 00000000 00:00 0 
77d9f3e00000-77d9f4600000 rw-p 00000000 00:00 0 
77d9f4600000-77d9f6600000 rw-p 00000000 00:00 0 
77d9f6600000-77d9f6601000 rw-s a03e81000 00:01 1142                      /dev/zero (deleted)
77d9f6601000-77d9f6602000 rw-s a03e80000 00:01 1140                      /dev/zero (deleted)
77d9f6602000-77d9f6604000 r--p 00000000 08:30 208165                     /home/thkim0/venv/v1/lib/python3.10/site-packages/scipy/linalg/_flinalg.cpython-310-x86_64-linux-gnu.so
77d9f6604000-77d9f660c000 r-xp 00002000 08:30 208165                     /home/thkim0/venv/v1/lib/python3.10/site-packages/scipy/linalg/_flinalg.cpython-310-x86_64-linux-gnu.so
77d9f660c000-77d9f660f000 r--p 0000a000 08:30 208165                     /home/thkim0/venv/v1/lib/python3.10/site-packages/scipy/linalg/_flinalg.cpython-310-x86_64-linux-gnu.so
77d9f660f000-77d9f6610000 r--p 0000c000 08:30 208165                     /home/thkim0/venv/v1/lib/python3.10/site-packages/scipy/linalg/_flinalg.cpython-310-x86_64-linux-gnu.so
77d9f6610000-77d9f6613000 rw-p 0000d000 08:30 208165                     /home/thkim0/venv/v1/lib/python3.10/site-packages/scipy/linalg/_flinalg.cpython-310-x86_64-linux-gnu.so
77d9f6613000-77d9f6615000 rw-p 00012000 08:30 208165                     /home/thkim0/venv/v1/lib/python3.10/site-packages/scipy/linalg/_flinalg.cpython-310-x86_64-linux-gnu.so
77d9f6615000-77d9f6620000 r--p 00000000 08:30 225251                     /home/thkim0/venv/v1/lib/python3.10/site-packages/pandas/_libs/tslibs/timedeltas.cpython-310-x86_64-linux-gnu.so
77d9f6620000-77d9f6673000 r-xp 0000b000 08:30 225251                     /home/thkim0/venv/v1/lib/python3.10/site-packages/pandas/_libs/tslibs/timedeltas.cpython-310-x86_64-linux-gnu.so
77d9f6673000-77d9f6681000 r--p 0005e000 08:30 225251                     /home/thkim0/venv/v1/lib/python3.10/site-packages/pandas/_libs/tslibs/timedeltas.cpython-310-x86_64-linux-gnu.so
77d9f6681000-77d9f6682000 ---p 0006c000 08:30 225251                     /home/thkim0/venv/v1/lib/python3.10/site-packages/pandas/_libs/tslibs/timedeltas.cpython-310-x86_64-linux-gnu.so
77d9f6682000-77d9f6683000 r--p 0006c000 08:30 225251                     /home/thkim0/venv/v1/lib/python3.10/site-packages/pandas/_libs/tslibs/timedeltas.cpython-310-x86_64-linux-gnu.so
77d9f6683000-77d9f668b000 rw-p 0006d000 08:30 225251                     /home/thkim0/venv/v1/lib/python3.10/site-packages/pandas/_libs/tslibs/timedeltas.cpython-310-x86_64-linux-gnu.so
77d9f668b000-77d9f668c000 rw-p 00000000 00:00 0 
77d9f668c000-77d9f6697000 r--p 00000000 08:30 225245                     /home/thkim0/venv/v1/lib/python3.10/site-packages/pandas/_libs/tslibs/parsing.cpython-310-x86_64-linux-gnu.so
77d9f6697000-77d9f66e9000 r-xp 0000b000 08:30 225245                     /home/thkim0/venv/v1/lib/python3.10/site-packages/pandas/_libs/tslibs/parsing.cpython-310-x86_64-linux-gnu.so
77d9f66e9000-77d9f66f5000 r--p 0005d000 08:30 225245                     /home/thkim0/venv/v1/lib/python3.10/site-packages/pandas/_libs/tslibs/parsing.cpython-310-x86_64-linux-gnu.so
77d9f66f5000-77d9f66f6000 r--p 00068000 08:30 225245                     /home/thkim0/venv/v1/lib/python3.10/site-packages/pandas/_libs/tslibs/parsing.cpython-310-x86_64-linux-gnu.so
77d9f66f6000-77d9f66fe000 rw-p 00069000 08:30 225245                     /home/thkim0/venv/v1/lib/python3.10/site-packages/pandas/_libs/tslibs/parsing.cpython-310-x86_64-linux-gnu.so
77d9f66fe000-77d9f67ff000 rw-p 00000000 00:00 0 
77d9f67ff000-77d9f6800000 ---p 00000000 00:00 0 
77d9f6800000-77d9f7000000 rw-p 00000000 00:00 0 
77d9f7000000-77d9fb000000 rw-p 00000000 00:00 0 
77d9fb000000-77d9fb001000 rw-s a03e7f000 00:01 1139                      /dev/zero (deleted)
77d9fb001000-77d9fb002000 rw-s a03e7d000 00:01 1138                      /dev/zero (deleted)
77d9fb002000-77d9fb003000 rw-s a03e7c000 00:01 1136                      /dev/zero (deleted)
77d9fb003000-77d9fb004000 rw-s a03e7b000 00:01 1135                      /dev/zero (deleted)
77d9fb004000-77d9fb005000 rw-s a03e79000 00:01 1134                      /dev/zero (deleted)
77d9fb005000-77d9fb00a000 r--p 00000000 08:30 225186                     /home/thkim0/venv/v1/lib/python3.10/site-packages/pandas/_libs/json.cpython-310-x86_64-linux-gnu.so
77d9fb00a000-77d9fb016000 r-xp 00005000 08:30 225186                     /home/thkim0/venv/v1/lib/python3.10/site-packages/pandas/_libs/json.cpython-310-x86_64-linux-gnu.so
77d9fb016000-77d9fb01a000 r--p 00011000 08:30 225186                     /home/thkim0/venv/v1/lib/python3.10/site-packages/pandas/_libs/json.cpython-310-x86_64-linux-gnu.so
77d9fb01a000-77d9fb01b000 ---p 00015000 08:30 225186                     /home/thkim0/venv/v1/lib/python3.10/site-packages/pandas/_libs/json.cpython-310-x86_64-linux-gnu.so
77d9fb01b000-77d9fb01c000 r--p 00015000 08:30 225186                     /home/thkim0/venv/v1/lib/python3.10/site-packages/pandas/_libs/json.cpython-310-x86_64-linux-gnu.so
77d9fb01c000-77d9fb01d000 rw-p 00016000 08:30 225186                     /home/thkim0/venv/v1/lib/python3.10/site-packages/pandas/_libs/json.cpython-310-x86_64-linux-gnu.so
77d9fb01d000-77d9fb025000 r--p 00000000 08:30 225241                     /home/thkim0/venv/v1/lib/python3.10/site-packages/pandas/_libs/tslibs/fields.cpython-310-x86_64-linux-gnu.so
77d9fb025000-77d9fb05c000 r-xp 00008000 08:30 225241                     /home/thkim0/venv/v1/lib/python3.10/site-packages/pandas/_libs/tslibs/fields.cpython-310-x86_64-linux-gnu.so
77d9fb05c000-77d9fb065000 r--p 0003f000 08:30 225241                     /home/thkim0/venv/v1/lib/python3.10/site-packages/pandas/_libs/tslibs/fields.cpython-310-x86_64-linux-gnu.so
77d9fb065000-77d9fb066000 r--p 00047000 08:30 225241                     /home/thkim0/venv/v1/lib/python3.10/site-packages/pandas/_libs/tslibs/fields.cpython-310-x86_64-linux-gnu.so
77d9fb066000-77d9fb06b000 rw-p 00048000 08:30 225241                     /home/thkim0/venv/v1/lib/python3.10/site-packages/pandas/_libs/tslibs/fields.cpython-310-x86_64-linux-gnu.so
77d9fb06b000-77d9fb06c000 rw-p 00000000 00:00 0 
77d9fb06c000-77d9fb073000 r--p 00000000 08:30 225250                     /home/thkim0/venv/v1/lib/python3.10/site-packages/pandas/_libs/tslibs/tzconversion.cpython-310-x86_64-linux-gnu.so
77d9fb073000-77d9fb0b1000 r-xp 00007000 08:30 225250                     /home/thkim0/venv/v1/lib/python3.10/site-packages/pandas/_libs/tslibs/tzconversion.cpython-310-x86_64-linux-gnu.so
77d9fb0b1000-77d9fb0b9000 r--p 00045000 08:30 225250                     /home/thkim0/venv/v1/lib/python3.10/site-packages/pandas/_libs/tslibs/tzconversion.cpython-310-x86_64-linux-gnu.so
77d9fb0b9000-77d9fb0ba000 r--p 0004c000 08:30 225250                     /home/thkim0/venv/v1/lib/python3.10/site-packages/pandas/_libs/tslibs/tzconversion.cpython-310-x86_64-linux-gnu.so
77d9fb0ba000-77d9fb0be000 rw-p 0004d000 08:30 225250                     /home/thkim0/venv/v1/lib/python3.10/site-packages/pandas/_libs/tslibs/tzconversion.cpython-310-x86_64-linux-gnu.so
77d9fb0be000-77d9fb0bf000 rw-p 00000000 00:00 0 
77d9fb0bf000-77d9fb0c5000 r--p 00000000 08:30 225275                     /home/thkim0/venv/v1/lib/python3.10/site-packages/pandas/_libs/tslibs/timezones.cpython-310-x86_64-linux-gnu.so
77d9fb0c5000-77d9fb0f1000 r-xp 00006000 08:30 225275                     /home/thkim0/venv/v1/lib/python3.10/site-packages/pandas/_libs/tslibs/timezones.cpython-310-x86_64-linux-gnu.so
77d9fb0f1000-77d9fb0f8000 r--p 00032000 08:30 225275                     /home/thkim0/venv/v1/lib/python3.10/site-packages/pandas/_libs/tslibs/timezones.cpython-310-x86_64-linux-gnu.so
77d9fb0f8000-77d9fb0f9000 ---p 00039000 08:30 225275                     /home/thkim0/venv/v1/lib/python3.10/site-packages/pandas/_libs/tslibs/timezones.cpython-310-x86_64-linux-gnu.so
77d9fb0f9000-77d9fb0fa000 r--p 00039000 08:30 225275                     /home/thkim0/venv/v1/lib/python3.10/site-packages/pandas/_libs/tslibs/timezones.cpython-310-x86_64-linux-gnu.so
77d9fb0fa000-77d9fb0fe000 rw-p 0003a000 08:30 225275                     /home/thkim0/venv/v1/lib/python3.10/site-packages/pandas/_libs/tslibs/timezones.cpython-310-x86_64-linux-gnu.so
77d9fb0fe000-77d9fb1ff000 rw-p 00000000 00:00 0 
77d9fb1ff000-77d9fb200000 ---p 00000000 00:00 0 
77d9fb200000-77d9fba00000 rw-p 00000000 00:00 0 
77d9fba00000-77d9fda00000 rw-p 00000000 00:00 0 
77d9fda00000-77d9fda01000 rw-s a03e78000 00:01 1132                      /dev/zero (deleted)
77d9fda01000-77d9fda02000 rw-s a03e77000 00:01 1131                      /dev/zero (deleted)
77d9fda02000-77d9fda04000 r--p 00000000 08:30 217614                     /home/thkim0/venv/v1/lib/python3.10/site-packages/scipy/optimize/_highs/_highs_constants.cpython-310-x86_64-linux-gnu.so
77d9fda04000-77d9fda07000 r-xp 00002000 08:30 217614                     /home/thkim0/venv/v1/lib/python3.10/site-packages/scipy/optimize/_highs/_highs_constants.cpython-310-x86_64-linux-gnu.so
77d9fda07000-77d9fda08000 r--p 00005000 08:30 217614                     /home/thkim0/venv/v1/lib/python3.10/site-packages/scipy/optimize/_highs/_highs_constants.cpython-310-x86_64-linux-gnu.so
77d9fda08000-77d9fda09000 r--p 00005000 08:30 217614                     /home/thkim0/venv/v1/lib/python3.10/site-packages/scipy/optimize/_highs/_highs_constants.cpython-310-x86_64-linux-gnu.so
77d9fda09000-77d9fda0a000 rw-p 00006000 08:30 217614                     /home/thkim0/venv/v1/lib/python3.10/site-packages/scipy/optimize/_highs/_highs_constants.cpython-310-x86_64-linux-gnu.so
77d9fda0a000-77d9fda11000 r--p 00000000 08:30 225276                     /home/thkim0/venv/v1/lib/python3.10/site-packages/pandas/_libs/tslibs/nattype.cpython-310-x86_64-linux-gnu.so
77d9fda11000-77d9fda2b000 r-xp 00007000 08:30 225276                     /home/thkim0/venv/v1/lib/python3.10/site-packages/pandas/_libs/tslibs/nattype.cpython-310-x86_64-linux-gnu.so
77d9fda2b000-77d9fda36000 r--p 00021000 08:30 225276                     /home/thkim0/venv/v1/lib/python3.10/site-packages/pandas/_libs/tslibs/nattype.cpython-310-x86_64-linux-gnu.so
77d9fda36000-77d9fda37000 r--p 0002b000 08:30 225276                     /home/thkim0/venv/v1/lib/python3.10/site-packages/pandas/_libs/tslibs/nattype.cpython-310-x86_64-linux-gnu.so
77d9fda37000-77d9fda3c000 rw-p 0002c000 08:30 225276                     /home/thkim0/venv/v1/lib/python3.10/site-packages/pandas/_libs/tslibs/nattype.cpython-310-x86_64-linux-gnu.so
77d9fda3c000-77d9fda3d000 rw-p 00000000 00:00 0 
77d9fda3d000-77d9fda45000 r--p 00000000 08:30 225238                     /home/thkim0/venv/v1/lib/python3.10/site-packages/pandas/_libs/tslibs/conversion.cpython-310-x86_64-linux-gnu.so
77d9fda45000-77d9fda7a000 r-xp 00008000 08:30 225238                     /home/thkim0/venv/v1/lib/python3.10/site-packages/pandas/_libs/tslibs/conversion.cpython-310-x86_64-linux-gnu.so
77d9fda7a000-77d9fda83000 r--p 0003d000 08:30 225238                     /home/thkim0/venv/v1/lib/python3.10/site-packages/pandas/_libs/tslibs/conversion.cpython-310-x86_64-linux-gnu.so
77d9fda83000-77d9fda84000 r--p 00045000 08:30 225238                     /home/thkim0/venv/v1/lib/python3.10/site-packages/pandas/_libs/tslibs/conversion.cpython-310-x86_64-linux-gnu.so
77d9fda84000-77d9fda88000 rw-p 00046000 08:30 225238                     /home/thkim0/venv/v1/lib/python3.10/site-packages/pandas/_libs/tslibs/conversion.cpython-310-x86_64-linux-gnu.so
77d9fda88000-77d9fda89000 rw-p 00000000 00:00 0 
77d9fda89000-77d9fda98000 r--p 00000000 08:30 228490                     /home/thkim0/venv/v1/lib/python3.10/site-packages/matplotlib/_image.cpython-310-x86_64-linux-gnu.so
77d9fda98000-77d9fdaeb000 r-xp 0000f000 08:30 228490                     /home/thkim0/venv/v1/lib/python3.10/site-packages/matplotlib/_image.cpython-310-x86_64-linux-gnu.so
77d9fdaeb000-77d9fdafc000 r--p 00062000 08:30 228490                     /home/thkim0/venv/v1/lib/python3.10/site-packages/matplotlib/_image.cpython-310-x86_64-linux-gnu.so
77d9fdafc000-77d9fdafd000 r--p 00072000 08:30 228490                     /home/thkim0/venv/v1/lib/python3.10/site-packages/matplotlib/_image.cpython-310-x86_64-linux-gnu.so
77d9fdafd000-77d9fdafe000 rw-p 00073000 08:30 228490                     /home/thkim0/venv/v1/lib/python3.10/site-packages/matplotlib/_image.cpython-310-x86_64-linux-gnu.so
77d9fdafe000-77d9fdbff000 rw-p 00000000 00:00 0 
77d9fdbff000-77d9fdc00000 ---p 00000000 00:00 0 
77d9fdc00000-77d9fe400000 rw-p 00000000 00:00 0 
77d9fe400000-77da00400000 rw-p 00000000 00:00 0 
77da00400000-77da00404000 r--p 00000000 08:30 225119                     /home/thkim0/venv/v1/lib/python3.10/site-packages/pandas/_libs/testing.cpython-310-x86_64-linux-gnu.so
77da00404000-77da00412000 r-xp 00004000 08:30 225119                     /home/thkim0/venv/v1/lib/python3.10/site-packages/pandas/_libs/testing.cpython-310-x86_64-linux-gnu.so
77da00412000-77da00414000 r--p 00012000 08:30 225119                     /home/thkim0/venv/v1/lib/python3.10/site-packages/pandas/_libs/testing.cpython-310-x86_64-linux-gnu.so
77da00414000-77da00415000 r--p 00013000 08:30 225119                     /home/thkim0/venv/v1/lib/python3.10/site-packages/pandas/_libs/testing.cpython-310-x86_64-linux-gnu.so
77da00415000-77da00417000 rw-p 00014000 08:30 225119                     /home/thkim0/venv/v1/lib/python3.10/site-packages/pandas/_libs/testing.cpython-310-x86_64-linux-gnu.so
77da00417000-77da00419000 r--p 00000000 08:30 58227                      /usr/lib/python3.10/lib-dynload/mmap.cpython-310-x86_64-linux-gnu.so
77da00419000-77da0041c000 r-xp 00002000 08:30 58227                      /usr/lib/python3.10/lib-dynload/mmap.cpython-310-x86_64-linux-gnu.so
77da0041c000-77da0041e000 r--p 00005000 08:30 58227                      /usr/lib/python3.10/lib-dynload/mmap.cpython-310-x86_64-linux-gnu.so
77da0041e000-77da0041f000 r--p 00006000 08:30 58227                      /usr/lib/python3.10/lib-dynload/mmap.cpython-310-x86_64-linux-gnu.so
77da0041f000-77da00420000 rw-p 00007000 08:30 58227                      /usr/lib/python3.10/lib-dynload/mmap.cpython-310-x86_64-linux-gnu.so
77da00420000-77da00423000 r--p 00000000 08:30 225152                     /home/thkim0/venv/v1/lib/python3.10/site-packages/pandas/_libs/indexing.cpython-310-x86_64-linux-gnu.so
77da00423000-77da00428000 r-xp 00003000 08:30 225152                     /home/thkim0/venv/v1/lib/python3.10/site-packages/pandas/_libs/indexing.cpython-310-x86_64-linux-gnu.so
77da00428000-77da0042a000 r--p 00008000 08:30 225152                     /home/thkim0/venv/v1/lib/python3.10/site-packages/pandas/_libs/indexing.cpython-310-x86_64-linux-gnu.so
77da0042a000-77da0042b000 r--p 00009000 08:30 225152                     /home/thkim0/venv/v1/lib/python3.10/site-packages/pandas/_libs/indexing.cpython-310-x86_64-linux-gnu.so
77da0042b000-77da0042c000 rw-p 0000a000 08:30 225152                     /home/thkim0/venv/v1/lib/python3.10/site-packages/pandas/_libs/indexing.cpython-310-x86_64-linux-gnu.so
77da0042c000-77da00433000 r--p 00000000 08:30 225146                     /home/thkim0/venv/v1/lib/python3.10/site-packages/pandas/_libs/missing.cpython-310-x86_64-linux-gnu.so
77da00433000-77da00452000 r-xp 00007000 08:30 225146                     /home/thkim0/venv/v1/lib/python3.10/site-packages/pandas/_libs/missing.cpython-310-x86_64-linux-gnu.so
77da00452000-77da00458000 r--p 00026000 08:30 225146                     /home/thkim0/venv/v1/lib/python3.10/site-packages/pandas/_libs/missing.cpython-310-x86_64-linux-gnu.so
77da00458000-77da00459000 r--p 0002b000 08:30 225146                     /home/thkim0/venv/v1/lib/python3.10/site-packages/pandas/_libs/missing.cpython-310-x86_64-linux-gnu.so
77da00459000-77da0045d000 rw-p 0002c000 08:30 225146                     /home/thkim0/venv/v1/lib/python3.10/site-packages/pandas/_libs/missing.cpython-310-x86_64-linux-gnu.so
77da0045d000-77da0045e000 rw-p 00000000 00:00 0 
77da0045e000-77da0046d000 r--p 00000000 08:30 228496                     /home/thkim0/venv/v1/lib/python3.10/site-packages/matplotlib/_path.cpython-310-x86_64-linux-gnu.so
77da0046d000-77da004b1000 r-xp 0000f000 08:30 228496                     /home/thkim0/venv/v1/lib/python3.10/site-packages/matplotlib/_path.cpython-310-x86_64-linux-gnu.so
77da004b1000-77da004c1000 r--p 00053000 08:30 228496                     /home/thkim0/venv/v1/lib/python3.10/site-packages/matplotlib/_path.cpython-310-x86_64-linux-gnu.so
77da004c1000-77da004c2000 ---p 00063000 08:30 228496                     /home/thkim0/venv/v1/lib/python3.10/site-packages/matplotlib/_path.cpython-310-x86_64-linux-gnu.so
77da004c2000-77da004c3000 r--p 00063000 08:30 228496                     /home/thkim0/venv/v1/lib/python3.10/site-packages/matplotlib/_path.cpython-310-x86_64-linux-gnu.so
77da004c3000-77da004c4000 rw-p 00064000 08:30 228496                     /home/thkim0/venv/v1/lib/python3.10/site-packages/matplotlib/_path.cpython-310-x86_64-linux-gnu.so
77da004c4000-77da004c5000 rw-p 00000000 00:00 0 
77da004c5000-77da004ce000 r--p 00000000 08:30 206856                     /home/thkim0/venv/v1/lib/python3.10/site-packages/Pillow.libs/libtiff-f706b4a5.so.5.8.0
77da004ce000-77da00536000 r-xp 00009000 08:30 206856                     /home/thkim0/venv/v1/lib/python3.10/site-packages/Pillow.libs/libtiff-f706b4a5.so.5.8.0
77da00536000-77da00564000 r--p 00071000 08:30 206856                     /home/thkim0/venv/v1/lib/python3.10/site-packages/Pillow.libs/libtiff-f706b4a5.so.5.8.0
77da00564000-77da00565000 ---p 0009f000 08:30 206856                     /home/thkim0/venv/v1/lib/python3.10/site-packages/Pillow.libs/libtiff-f706b4a5.so.5.8.0
77da00565000-77da00569000 r--p 0009f000 08:30 206856                     /home/thkim0/venv/v1/lib/python3.10/site-packages/Pillow.libs/libtiff-f706b4a5.so.5.8.0
77da00569000-77da0056a000 rw-p 000a3000 08:30 206856                     /home/thkim0/venv/v1/lib/python3.10/site-packages/Pillow.libs/libtiff-f706b4a5.so.5.8.0
77da0056a000-77da0056f000 rw-p 000a5000 08:30 206856                     /home/thkim0/venv/v1/lib/python3.10/site-packages/Pillow.libs/libtiff-f706b4a5.so.5.8.0
77da0056f000-77da00577000 r--p 00000000 08:30 206857                     /home/thkim0/venv/v1/lib/python3.10/site-packages/Pillow.libs/libopenjp2-8fa4ced9.so.2.5.0
77da00577000-77da005e4000 r-xp 00008000 08:30 206857                     /home/thkim0/venv/v1/lib/python3.10/site-packages/Pillow.libs/libopenjp2-8fa4ced9.so.2.5.0
77da005e4000-77da005f7000 r--p 00075000 08:30 206857                     /home/thkim0/venv/v1/lib/python3.10/site-packages/Pillow.libs/libopenjp2-8fa4ced9.so.2.5.0
77da005f7000-77da005f8000 ---p 00088000 08:30 206857                     /home/thkim0/venv/v1/lib/python3.10/site-packages/Pillow.libs/libopenjp2-8fa4ced9.so.2.5.0
77da005f8000-77da005f9000 r--p 00088000 08:30 206857                     /home/thkim0/venv/v1/lib/python3.10/site-packages/Pillow.libs/libopenjp2-8fa4ced9.so.2.5.0
77da005f9000-77da005fa000 rw-p 00089000 08:30 206857                     /home/thkim0/venv/v1/lib/python3.10/site-packages/Pillow.libs/libopenjp2-8fa4ced9.so.2.5.0
77da005fa000-77da005fd000 rw-p 0008b000 08:30 206857                     /home/thkim0/venv/v1/lib/python3.10/site-packages/Pillow.libs/libopenjp2-8fa4ced9.so.2.5.0
77da005fd000-77da005fe000 ---p 00000000 00:00 0 
77da005fe000-77da00dfe000 rw-p 00000000 00:00 0 
77da00dfe000-77da00dff000 ---p 00000000 00:00 0 
77da00dff000-77da015ff000 rw-p 00000000 00:00 0 
77da015ff000-77da01600000 ---p 00000000 00:00 0 
77da01600000-77da01e00000 rw-p 00000000 00:00 0 
77da01e00000-77da01f0a000 r--p 00000000 08:30 297416                     /home/thkim0/venv/v1/lib/python3.10/site-packages/numpy.libs/libopenblas64_p-r0-0cf96a72.3.23.dev.so
77da01f0a000-77da01f12000 r-xp 0010a000 08:30 297416                     /home/thkim0/venv/v1/lib/python3.10/site-packages/numpy.libs/libopenblas64_p-r0-0cf96a72.3.23.dev.so
77da01f12000-77da01f18000 ---p 00112000 08:30 297416                     /home/thkim0/venv/v1/lib/python3.10/site-packages/numpy.libs/libopenblas64_p-r0-0cf96a72.3.23.dev.so
77da01f18000-77da03b99000 r-xp 00118000 08:30 297416                     /home/thkim0/venv/v1/lib/python3.10/site-packages/numpy.libs/libopenblas64_p-r0-0cf96a72.3.23.dev.so
77da03b99000-77da03da9000 r--p 01d99000 08:30 297416                     /home/thkim0/venv/v1/lib/python3.10/site-packages/numpy.libs/libopenblas64_p-r0-0cf96a72.3.23.dev.so
77da03da9000-77da03daa000 ---p 01fa9000 08:30 297416                     /home/thkim0/venv/v1/lib/python3.10/site-packages/numpy.libs/libopenblas64_p-r0-0cf96a72.3.23.dev.so
77da03daa000-77da03db0000 r--p 01fa9000 08:30 297416                     /home/thkim0/venv/v1/lib/python3.10/site-packages/numpy.libs/libopenblas64_p-r0-0cf96a72.3.23.dev.so
77da03db0000-77da03dc7000 rw-p 01faf000 08:30 297416                     /home/thkim0/venv/v1/lib/python3.10/site-packages/numpy.libs/libopenblas64_p-r0-0cf96a72.3.23.dev.so
77da03dc7000-77da03dd3000 rw-p 00000000 00:00 0 
77da03dd3000-77da03e7f000 rw-p 020d4000 08:30 297416                     /home/thkim0/venv/v1/lib/python3.10/site-packages/numpy.libs/libopenblas64_p-r0-0cf96a72.3.23.dev.so
77da03e7f000-77da03e80000 r--p 00000000 08:30 208480                     /home/thkim0/venv/v1/lib/python3.10/site-packages/scipy/optimize/_lsap.cpython-310-x86_64-linux-gnu.so
77da03e80000-77da03e82000 r-xp 00001000 08:30 208480                     /home/thkim0/venv/v1/lib/python3.10/site-packages/scipy/optimize/_lsap.cpython-310-x86_64-linux-gnu.so
77da03e82000-77da03e84000 r--p 00003000 08:30 208480                     /home/thkim0/venv/v1/lib/python3.10/site-packages/scipy/optimize/_lsap.cpython-310-x86_64-linux-gnu.so
77da03e84000-77da03e85000 r--p 00004000 08:30 208480                     /home/thkim0/venv/v1/lib/python3.10/site-packages/scipy/optimize/_lsap.cpython-310-x86_64-linux-gnu.so
77da03e85000-77da03e86000 rw-p 00005000 08:30 208480                     /home/thkim0/venv/v1/lib/python3.10/site-packages/scipy/optimize/_lsap.cpython-310-x86_64-linux-gnu.so
77da03e86000-77da03e8a000 r--p 00000000 08:30 225143                     /home/thkim0/venv/v1/lib/python3.10/site-packages/pandas/_libs/arrays.cpython-310-x86_64-linux-gnu.so
77da03e8a000-77da03e98000 r-xp 00004000 08:30 225143                     /home/thkim0/venv/v1/lib/python3.10/site-packages/pandas/_libs/arrays.cpython-310-x86_64-linux-gnu.so
77da03e98000-77da03e9b000 r--p 00012000 08:30 225143                     /home/thkim0/venv/v1/lib/python3.10/site-packages/pandas/_libs/arrays.cpython-310-x86_64-linux-gnu.so
77da03e9b000-77da03e9c000 r--p 00014000 08:30 225143                     /home/thkim0/venv/v1/lib/python3.10/site-packages/pandas/_libs/arrays.cpython-310-x86_64-linux-gnu.so
77da03e9c000-77da03e9e000 rw-p 00015000 08:30 225143                     /home/thkim0/venv/v1/lib/python3.10/site-packages/pandas/_libs/arrays.cpython-310-x86_64-linux-gnu.so
77da03e9e000-77da03ea2000 r--p 00000000 08:30 225147                     /home/thkim0/venv/v1/lib/python3.10/site-packages/pandas/_libs/ops_dispatch.cpython-310-x86_64-linux-gnu.so
77da03ea2000-77da03ea9000 r-xp 00004000 08:30 225147                     /home/thkim0/venv/v1/lib/python3.10/site-packages/pandas/_libs/ops_dispatch.cpython-310-x86_64-linux-gnu.so
77da03ea9000-77da03eab000 r--p 0000b000 08:30 225147                     /home/thkim0/venv/v1/lib/python3.10/site-packages/pandas/_libs/ops_dispatch.cpython-310-x86_64-linux-gnu.so
77da03eab000-77da03eac000 r--p 0000c000 08:30 225147                     /home/thkim0/venv/v1/lib/python3.10/site-packages/pandas/_libs/ops_dispatch.cpython-310-x86_64-linux-gnu.so
77da03eac000-77da03eae000 rw-p 0000d000 08:30 225147                     /home/thkim0/venv/v1/lib/python3.10/site-packages/pandas/_libs/ops_dispatch.cpython-310-x86_64-linux-gnu.so
77da03eae000-77da03eb2000 r--p 00000000 08:30 206854                     /home/thkim0/venv/v1/lib/python3.10/site-packages/Pillow.libs/libjpeg-a4c3d5e9.so.62.3.0
77da03eb2000-77da03f10000 r-xp 00004000 08:30 206854                     /home/thkim0/venv/v1/lib/python3.10/site-packages/Pillow.libs/libjpeg-a4c3d5e9.so.62.3.0
77da03f10000-77da03f53000 r--p 00062000 08:30 206854                     /home/thkim0/venv/v1/lib/python3.10/site-packages/Pillow.libs/libjpeg-a4c3d5e9.so.62.3.0
77da03f53000-77da03f54000 r--p 000a4000 08:30 206854                     /home/thkim0/venv/v1/lib/python3.10/site-packages/Pillow.libs/libjpeg-a4c3d5e9.so.62.3.0
77da03f54000-77da03f57000 rw-p 000a5000 08:30 206854                     /home/thkim0/venv/v1/lib/python3.10/site-packages/Pillow.libs/libjpeg-a4c3d5e9.so.62.3.0
77da03f57000-77da03f6a000 r--p 00000000 08:30 206815                     /home/thkim0/venv/v1/lib/python3.10/site-packages/PIL/_imaging.cpython-310-x86_64-linux-gnu.so
77da03f6a000-77da03fe0000 r-xp 00013000 08:30 206815                     /home/thkim0/venv/v1/lib/python3.10/site-packages/PIL/_imaging.cpython-310-x86_64-linux-gnu.so
77da03fe0000-77da03ff1000 r--p 00089000 08:30 206815                     /home/thkim0/venv/v1/lib/python3.10/site-packages/PIL/_imaging.cpython-310-x86_64-linux-gnu.so
77da03ff1000-77da03ff5000 r--p 00099000 08:30 206815                     /home/thkim0/venv/v1/lib/python3.10/site-packages/PIL/_imaging.cpython-310-x86_64-linux-gnu.so
77da03ff5000-77da03ff9000 rw-p 0009d000 08:30 206815                     /home/thkim0/venv/v1/lib/python3.10/site-packages/PIL/_imaging.cpython-310-x86_64-linux-gnu.so
77da03ff9000-77da04000000 rw-p 000a2000 08:30 206815                     /home/thkim0/venv/v1/lib/python3.10/site-packages/PIL/_imaging.cpython-310-x86_64-linux-gnu.so
77da04000000-77da04021000 rw-p 00000000 00:00 0 
77da04021000-77da08000000 ---p 00000000 00:00 0 
77da08000000-77da0803c000 rw-p 00000000 00:00 0 
77da0803c000-77da0c000000 ---p 00000000 00:00 0 
77da0c000000-77da0c021000 rw-p 00000000 00:00 0 
77da0c021000-77da10000000 ---p 00000000 00:00 0 
77da10000000-77da10021000 rw-p 00000000 00:00 0 
77da10021000-77da14000000 ---p 00000000 00:00 0 
77da14000000-77da14021000 rw-p 00000000 00:00 0 
77da14021000-77da18000000 ---p 00000000 00:00 0 
77da18000000-77da18021000 rw-p 00000000 00:00 0 
77da18021000-77da1c000000 ---p 00000000 00:00 0 
77da1c000000-77da1c006000 r--p 00000000 08:30 225244                     /home/thkim0/venv/v1/lib/python3.10/site-packages/pandas/_libs/tslibs/dtypes.cpython-310-x86_64-linux-gnu.so
77da1c006000-77da1c017000 r-xp 00006000 08:30 225244                     /home/thkim0/venv/v1/lib/python3.10/site-packages/pandas/_libs/tslibs/dtypes.cpython-310-x86_64-linux-gnu.so
77da1c017000-77da1c01b000 r--p 00017000 08:30 225244                     /home/thkim0/venv/v1/lib/python3.10/site-packages/pandas/_libs/tslibs/dtypes.cpython-310-x86_64-linux-gnu.so
77da1c01b000-77da1c01c000 r--p 0001a000 08:30 225244                     /home/thkim0/venv/v1/lib/python3.10/site-packages/pandas/_libs/tslibs/dtypes.cpython-310-x86_64-linux-gnu.so
77da1c01c000-77da1c01f000 rw-p 0001b000 08:30 225244                     /home/thkim0/venv/v1/lib/python3.10/site-packages/pandas/_libs/tslibs/dtypes.cpython-310-x86_64-linux-gnu.so
77da1c01f000-77da1c120000 rw-p 00000000 00:00 0 
77da1c120000-77da1c127000 r--p 00000000 08:30 289357                     /home/thkim0/venv/v1/lib/python3.10/site-packages/numpy/random/_generator.cpython-310-x86_64-linux-gnu.so
77da1c127000-77da1c1a7000 r-xp 00007000 08:30 289357                     /home/thkim0/venv/v1/lib/python3.10/site-packages/numpy/random/_generator.cpython-310-x86_64-linux-gnu.so
77da1c1a7000-77da1c1fb000 r--p 00087000 08:30 289357                     /home/thkim0/venv/v1/lib/python3.10/site-packages/numpy/random/_generator.cpython-310-x86_64-linux-gnu.so
77da1c1fb000-77da1c1fc000 r--p 000da000 08:30 289357                     /home/thkim0/venv/v1/lib/python3.10/site-packages/numpy/random/_generator.cpython-310-x86_64-linux-gnu.so
77da1c1fc000-77da1c1fe000 rw-p 000db000 08:30 289357                     /home/thkim0/venv/v1/lib/python3.10/site-packages/numpy/random/_generator.cpython-310-x86_64-linux-gnu.so
77da1c1fe000-77da1c200000 rw-p 00000000 00:00 0 
77da1c200000-77da1c23b000 r-xp 00000000 08:30 297414                     /home/thkim0/venv/v1/lib/python3.10/site-packages/numpy.libs/libquadmath-96973f99.so.0.0.0
77da1c23b000-77da1c43a000 ---p 0003b000 08:30 297414                     /home/thkim0/venv/v1/lib/python3.10/site-packages/numpy.libs/libquadmath-96973f99.so.0.0.0
77da1c43a000-77da1c43b000 r--p 0003a000 08:30 297414                     /home/thkim0/venv/v1/lib/python3.10/site-packages/numpy.libs/libquadmath-96973f99.so.0.0.0
77da1c43b000-77da1c43d000 rw-p 0003b000 08:30 297414                     /home/thkim0/venv/v1/lib/python3.10/site-packages/numpy.libs/libquadmath-96973f99.so.0.0.0
77da1c43d000-77da1c43e000 rw-s a03e75000 00:01 1130                      /dev/zero (deleted)
77da1c43e000-77da1c43f000 rw-s a03e74000 00:01 1128                      /dev/zero (deleted)
77da1c43f000-77da1c440000 rw-s a03e73000 00:01 1127                      /dev/zero (deleted)
77da1c440000-77da1c441000 rw-s a03e71000 00:01 1126                      /dev/zero (deleted)
77da1c441000-77da1c442000 rw-s a03e70000 00:01 1124                      /dev/zero (deleted)
77da1c442000-77da1c445000 r--p 00000000 08:30 225237                     /home/thkim0/venv/v1/lib/python3.10/site-packages/pandas/_libs/tslibs/ccalendar.cpython-310-x86_64-linux-gnu.so
77da1c445000-77da1c450000 r-xp 00003000 08:30 225237                     /home/thkim0/venv/v1/lib/python3.10/site-packages/pandas/_libs/tslibs/ccalendar.cpython-310-x86_64-linux-gnu.so
77da1c450000-77da1c452000 r--p 0000e000 08:30 225237                     /home/thkim0/venv/v1/lib/python3.10/site-packages/pandas/_libs/tslibs/ccalendar.cpython-310-x86_64-linux-gnu.so
77da1c452000-77da1c453000 r--p 0000f000 08:30 225237                     /home/thkim0/venv/v1/lib/python3.10/site-packages/pandas/_libs/tslibs/ccalendar.cpython-310-x86_64-linux-gnu.so
77da1c453000-77da1c455000 rw-p 00010000 08:30 225237                     /home/thkim0/venv/v1/lib/python3.10/site-packages/pandas/_libs/tslibs/ccalendar.cpython-310-x86_64-linux-gnu.so
77da1c455000-77da1c458000 r--p 00000000 08:30 206859                     /home/thkim0/venv/v1/lib/python3.10/site-packages/Pillow.libs/liblzma-96284f0d.so.5.2.5
77da1c458000-77da1c47d000 r-xp 00003000 08:30 206859                     /home/thkim0/venv/v1/lib/python3.10/site-packages/Pillow.libs/liblzma-96284f0d.so.5.2.5
77da1c47d000-77da1c488000 r--p 00028000 08:30 206859                     /home/thkim0/venv/v1/lib/python3.10/site-packages/Pillow.libs/liblzma-96284f0d.so.5.2.5
77da1c488000-77da1c489000 ---p 00033000 08:30 206859                     /home/thkim0/venv/v1/lib/python3.10/site-packages/Pillow.libs/liblzma-96284f0d.so.5.2.5
77da1c489000-77da1c48a000 r--p 00033000 08:30 206859                     /home/thkim0/venv/v1/lib/python3.10/site-packages/Pillow.libs/liblzma-96284f0d.so.5.2.5
77da1c48a000-77da1c48c000 rw-p 00034000 08:30 206859                     /home/thkim0/venv/v1/lib/python3.10/site-packages/Pillow.libs/liblzma-96284f0d.so.5.2.5
77da1c48c000-77da1c498000 r--p 00000000 08:30 206863                     /home/thkim0/venv/v1/lib/python3.10/site-packages/Pillow.libs/libxcb-4971137c.so.1.1.0
77da1c498000-77da1c4b3000 r-xp 0000c000 08:30 206863                     /home/thkim0/venv/v1/lib/python3.10/site-packages/Pillow.libs/libxcb-4971137c.so.1.1.0
77da1c4b3000-77da1c4bd000 r--p 00027000 08:30 206863                     /home/thkim0/venv/v1/lib/python3.10/site-packages/Pillow.libs/libxcb-4971137c.so.1.1.0
77da1c4bd000-77da1c4be000 r--p 00030000 08:30 206863                     /home/thkim0/venv/v1/lib/python3.10/site-packages/Pillow.libs/libxcb-4971137c.so.1.1.0
77da1c4be000-77da1c4ca000 rw-p 00031000 08:30 206863                     /home/thkim0/venv/v1/lib/python3.10/site-packages/Pillow.libs/libxcb-4971137c.so.1.1.0
77da1c4ca000-77da1c4d8000 r--p 00000000 08:30 228476                     /home/thkim0/venv/v1/lib/python3.10/site-packages/matplotlib/_c_internal_utils.cpython-310-x86_64-linux-gnu.so
77da1c4d8000-77da1c4f4000 r-xp 0000e000 08:30 228476                     /home/thkim0/venv/v1/lib/python3.10/site-packages/matplotlib/_c_internal_utils.cpython-310-x86_64-linux-gnu.so
77da1c4f4000-77da1c4fe000 r--p 0002a000 08:30 228476                     /home/thkim0/venv/v1/lib/python3.10/site-packages/matplotlib/_c_internal_utils.cpython-310-x86_64-linux-gnu.so
77da1c4fe000-77da1c4ff000 r--p 00033000 08:30 228476                     /home/thkim0/venv/v1/lib/python3.10/site-packages/matplotlib/_c_internal_utils.cpython-310-x86_64-linux-gnu.so
77da1c4ff000-77da1c500000 rw-p 00034000 08:30 228476                     /home/thkim0/venv/v1/lib/python3.10/site-packages/matplotlib/_c_internal_utils.cpython-310-x86_64-linux-gnu.so
77da1c500000-77da1c600000 rw-p 00000000 00:00 0 
77da1c600000-77da1c876000 r-xp 00000000 08:30 297415                     /home/thkim0/venv/v1/lib/python3.10/site-packages/numpy.libs/libgfortran-040039e1.so.5.0.0
77da1c876000-77da1ca75000 ---p 00276000 08:30 297415                     /home/thkim0/venv/v1/lib/python3.10/site-packages/numpy.libs/libgfortran-040039e1.so.5.0.0
77da1ca75000-77da1ca76000 r--p 00275000 08:30 297415                     /home/thkim0/venv/v1/lib/python3.10/site-packages/numpy.libs/libgfortran-040039e1.so.5.0.0
77da1ca76000-77da1ca78000 rw-p 00276000 08:30 297415                     /home/thkim0/venv/v1/lib/python3.10/site-packages/numpy.libs/libgfortran-040039e1.so.5.0.0
77da1ca78000-77da1ca8d000 rw-p 0027b000 08:30 297415                     /home/thkim0/venv/v1/lib/python3.10/site-packages/numpy.libs/libgfortran-040039e1.so.5.0.0
77da1ca8d000-77da1ca90000 r--p 00000000 08:30 225136                     /home/thkim0/venv/v1/lib/python3.10/site-packages/pandas/_libs/properties.cpython-310-x86_64-linux-gnu.so
77da1ca90000-77da1ca99000 r-xp 00003000 08:30 225136                     /home/thkim0/venv/v1/lib/python3.10/site-packages/pandas/_libs/properties.cpython-310-x86_64-linux-gnu.so
77da1ca99000-77da1ca9b000 r--p 0000c000 08:30 225136                     /home/thkim0/venv/v1/lib/python3.10/site-packages/pandas/_libs/properties.cpython-310-x86_64-linux-gnu.so
77da1ca9b000-77da1ca9c000 r--p 0000d000 08:30 225136                     /home/thkim0/venv/v1/lib/python3.10/site-packages/pandas/_libs/properties.cpython-310-x86_64-linux-gnu.so
77da1ca9c000-77da1ca9e000 rw-p 0000e000 08:30 225136                     /home/thkim0/venv/v1/lib/python3.10/site-packages/pandas/_libs/properties.cpython-310-x86_64-linux-gnu.so
77da1ca9e000-77da1caa1000 r--p 00000000 08:30 225296                     /home/thkim0/venv/v1/lib/python3.10/site-packages/pandas/_libs/tslibs/np_datetime.cpython-310-x86_64-linux-gnu.so
77da1caa1000-77da1caa7000 r-xp 00003000 08:30 225296                     /home/thkim0/venv/v1/lib/python3.10/site-packages/pandas/_libs/tslibs/np_datetime.cpython-310-x86_64-linux-gnu.so
77da1caa7000-77da1caa9000 r--p 00009000 08:30 225296                     /home/thkim0/venv/v1/lib/python3.10/site-packages/pandas/_libs/tslibs/np_datetime.cpython-310-x86_64-linux-gnu.so
77da1caa9000-77da1caaa000 r--p 0000a000 08:30 225296                     /home/thkim0/venv/v1/lib/python3.10/site-packages/pandas/_libs/tslibs/np_datetime.cpython-310-x86_64-linux-gnu.so
77da1caaa000-77da1caab000 rw-p 0000b000 08:30 225296                     /home/thkim0/venv/v1/lib/python3.10/site-packages/pandas/_libs/tslibs/np_datetime.cpython-310-x86_64-linux-gnu.so
77da1caab000-77da1caaf000 r--p 00000000 08:30 289391                     /home/thkim0/venv/v1/lib/python3.10/site-packages/numpy/random/_bounded_integers.cpython-310-x86_64-linux-gnu.so
77da1caaf000-77da1caf4000 r-xp 00004000 08:30 289391                     /home/thkim0/venv/v1/lib/python3.10/site-packages/numpy/random/_bounded_integers.cpython-310-x86_64-linux-gnu.so
77da1caf4000-77da1cafd000 r--p 00049000 08:30 289391                     /home/thkim0/venv/v1/lib/python3.10/site-packages/numpy/random/_bounded_integers.cpython-310-x86_64-linux-gnu.so
77da1cafd000-77da1cafe000 r--p 00051000 08:30 289391                     /home/thkim0/venv/v1/lib/python3.10/site-packages/numpy/random/_bounded_integers.cpython-310-x86_64-linux-gnu.so
77da1cafe000-77da1caff000 rw-p 00052000 08:30 289391                     /home/thkim0/venv/v1/lib/python3.10/site-packages/numpy/random/_bounded_integers.cpython-310-x86_64-linux-gnu.so
77da1caff000-77da1cc00000 rw-p 00000000 00:00 0 
77da1cc00000-77da1cc2b000 r--p 00000000 08:30 220830                     /home/thkim0/venv/v1/lib/python3.10/site-packages/numpy/core/_multiarray_umath.cpython-310-x86_64-linux-gnu.so
77da1cc2b000-77da1d10a000 r-xp 0002b000 08:30 220830                     /home/thkim0/venv/v1/lib/python3.10/site-packages/numpy/core/_multiarray_umath.cpython-310-x86_64-linux-gnu.so
77da1d10a000-77da1d27e000 r--p 0050a000 08:30 220830                     /home/thkim0/venv/v1/lib/python3.10/site-packages/numpy/core/_multiarray_umath.cpython-310-x86_64-linux-gnu.so
77da1d27e000-77da1d27f000 ---p 0067e000 08:30 220830                     /home/thkim0/venv/v1/lib/python3.10/site-packages/numpy/core/_multiarray_umath.cpython-310-x86_64-linux-gnu.so
77da1d27f000-77da1d281000 r--p 0067e000 08:30 220830                     /home/thkim0/venv/v1/lib/python3.10/site-packages/numpy/core/_multiarray_umath.cpython-310-x86_64-linux-gnu.so
77da1d281000-77da1d2a4000 rw-p 00680000 08:30 220830                     /home/thkim0/venv/v1/lib/python3.10/site-packages/numpy/core/_multiarray_umath.cpython-310-x86_64-linux-gnu.so
77da1d2a4000-77da1d2c4000 rw-p 00000000 00:00 0 
77da1d2c4000-77da1d2cf000 rw-p 0070c000 08:30 220830                     /home/thkim0/venv/v1/lib/python3.10/site-packages/numpy/core/_multiarray_umath.cpython-310-x86_64-linux-gnu.so
77da1d2cf000-77da1d2d0000 rw-s a03e6f000 00:01 1123                      /dev/zero (deleted)
77da1d2d0000-77da1d2d1000 rw-s a03e6d000 00:01 1122                      /dev/zero (deleted)
77da1d2d1000-77da1d2d2000 rw-s a03e6c000 00:01 1120                      /dev/zero (deleted)
77da1d2d2000-77da1d2d3000 rw-s a03e6b000 00:01 1119                      /dev/zero (deleted)
77da1d2d3000-77da1d2d6000 r--p 00000000 08:30 225262                     /home/thkim0/venv/v1/lib/python3.10/site-packages/pandas/_libs/tslibs/base.cpython-310-x86_64-linux-gnu.so
77da1d2d6000-77da1d2db000 r-xp 00003000 08:30 225262                     /home/thkim0/venv/v1/lib/python3.10/site-packages/pandas/_libs/tslibs/base.cpython-310-x86_64-linux-gnu.so
77da1d2db000-77da1d2dd000 r--p 00008000 08:30 225262                     /home/thkim0/venv/v1/lib/python3.10/site-packages/pandas/_libs/tslibs/base.cpython-310-x86_64-linux-gnu.so
77da1d2dd000-77da1d2de000 r--p 00009000 08:30 225262                     /home/thkim0/venv/v1/lib/python3.10/site-packages/pandas/_libs/tslibs/base.cpython-310-x86_64-linux-gnu.so
77da1d2de000-77da1d2df000 rw-p 0000a000 08:30 225262                     /home/thkim0/venv/v1/lib/python3.10/site-packages/pandas/_libs/tslibs/base.cpython-310-x86_64-linux-gnu.so
77da1d2df000-77da1d2e2000 r--p 00000000 08:30 289312                     /home/thkim0/venv/v1/lib/python3.10/site-packages/numpy/random/_pcg64.cpython-310-x86_64-linux-gnu.so
77da1d2e2000-77da1d2f4000 r-xp 00003000 08:30 289312                     /home/thkim0/venv/v1/lib/python3.10/site-packages/numpy/random/_pcg64.cpython-310-x86_64-linux-gnu.so
77da1d2f4000-77da1d2f9000 r--p 00015000 08:30 289312                     /home/thkim0/venv/v1/lib/python3.10/site-packages/numpy/random/_pcg64.cpython-310-x86_64-linux-gnu.so
77da1d2f9000-77da1d2fa000 r--p 00019000 08:30 289312                     /home/thkim0/venv/v1/lib/python3.10/site-packages/numpy/random/_pcg64.cpython-310-x86_64-linux-gnu.so
77da1d2fa000-77da1d2fb000 rw-p 0001a000 08:30 289312                     /home/thkim0/venv/v1/lib/python3.10/site-packages/numpy/random/_pcg64.cpython-310-x86_64-linux-gnu.so
77da1d2fb000-77da1d4fb000 rw-p 00000000 00:00 0 
77da1d4fb000-77da1d4fc000 ---p 00000000 00:00 0 
77da1d4fc000-77da1dcfc000 rw-p 00000000 00:00 0 
77da1dcfc000-77da1dffc000 rw-p 00000000 00:00 0 
77da1dffc000-77da1dffd000 ---p 00000000 00:00 0 
77da1dffd000-77da1e7fd000 rw-p 00000000 00:00 0 
77da1e7fd000-77da1e7fe000 ---p 00000000 00:00 0 
77da1e7fe000-77da1effe000 rw-p 00000000 00:00 0 
77da1effe000-77da1efff000 ---p 00000000 00:00 0 
77da1efff000-77da1f7ff000 rw-p 00000000 00:00 0 
77da1f7ff000-77da1f800000 ---p 00000000 00:00 0 
77da1f800000-77da20000000 rw-p 00000000 00:00 0 
77da20000000-77da20021000 rw-p 00000000 00:00 0 
77da20021000-77da24000000 ---p 00000000 00:00 0 
77da24000000-77da24021000 rw-p 00000000 00:00 0 
77da24021000-77da28000000 ---p 00000000 00:00 0 
77da28000000-77da2805f000 rw-p 00000000 00:00 0 
77da2805f000-77da2c000000 ---p 00000000 00:00 0 
77da2c000000-77da2c001000 r--p 00000000 08:30 58213                      /usr/lib/python3.10/lib-dynload/_posixshmem.cpython-310-x86_64-linux-gnu.so
77da2c001000-77da2c002000 r-xp 00001000 08:30 58213                      /usr/lib/python3.10/lib-dynload/_posixshmem.cpython-310-x86_64-linux-gnu.so
77da2c002000-77da2c003000 r--p 00002000 08:30 58213                      /usr/lib/python3.10/lib-dynload/_posixshmem.cpython-310-x86_64-linux-gnu.so
77da2c003000-77da2c004000 r--p 00002000 08:30 58213                      /usr/lib/python3.10/lib-dynload/_posixshmem.cpython-310-x86_64-linux-gnu.so
77da2c004000-77da2c005000 rw-p 00003000 08:30 58213                      /usr/lib/python3.10/lib-dynload/_posixshmem.cpython-310-x86_64-linux-gnu.so
77da2c005000-77da2c008000 r--p 00000000 08:30 289345                     /home/thkim0/venv/v1/lib/python3.10/site-packages/numpy/random/_sfc64.cpython-310-x86_64-linux-gnu.so
77da2c008000-77da2c011000 r-xp 00003000 08:30 289345                     /home/thkim0/venv/v1/lib/python3.10/site-packages/numpy/random/_sfc64.cpython-310-x86_64-linux-gnu.so
77da2c011000-77da2c014000 r--p 0000c000 08:30 289345                     /home/thkim0/venv/v1/lib/python3.10/site-packages/numpy/random/_sfc64.cpython-310-x86_64-linux-gnu.so
77da2c014000-77da2c015000 r--p 0000e000 08:30 289345                     /home/thkim0/venv/v1/lib/python3.10/site-packages/numpy/random/_sfc64.cpython-310-x86_64-linux-gnu.so
77da2c015000-77da2c016000 rw-p 0000f000 08:30 289345                     /home/thkim0/venv/v1/lib/python3.10/site-packages/numpy/random/_sfc64.cpython-310-x86_64-linux-gnu.so
77da2c016000-77da2c019000 r--p 00000000 08:30 289315                     /home/thkim0/venv/v1/lib/python3.10/site-packages/numpy/random/_philox.cpython-310-x86_64-linux-gnu.so
77da2c019000-77da2c028000 r-xp 00003000 08:30 289315                     /home/thkim0/venv/v1/lib/python3.10/site-packages/numpy/random/_philox.cpython-310-x86_64-linux-gnu.so
77da2c028000-77da2c02c000 r--p 00012000 08:30 289315                     /home/thkim0/venv/v1/lib/python3.10/site-packages/numpy/random/_philox.cpython-310-x86_64-linux-gnu.so
77da2c02c000-77da2c02d000 r--p 00015000 08:30 289315                     /home/thkim0/venv/v1/lib/python3.10/site-packages/numpy/random/_philox.cpython-310-x86_64-linux-gnu.so
77da2c02d000-77da2c02e000 rw-p 00016000 08:30 289315                     /home/thkim0/venv/v1/lib/python3.10/site-packages/numpy/random/_philox.cpython-310-x86_64-linux-gnu.so
77da2c02e000-77da2c031000 r--p 00000000 08:30 289320                     /home/thkim0/venv/v1/lib/python3.10/site-packages/numpy/random/_mt19937.cpython-310-x86_64-linux-gnu.so
77da2c031000-77da2c042000 r-xp 00003000 08:30 289320                     /home/thkim0/venv/v1/lib/python3.10/site-packages/numpy/random/_mt19937.cpython-310-x86_64-linux-gnu.so
77da2c042000-77da2c047000 r--p 00014000 08:30 289320                     /home/thkim0/venv/v1/lib/python3.10/site-packages/numpy/random/_mt19937.cpython-310-x86_64-linux-gnu.so
77da2c047000-77da2c048000 r--p 00018000 08:30 289320                     /home/thkim0/venv/v1/lib/python3.10/site-packages/numpy/random/_mt19937.cpython-310-x86_64-linux-gnu.so
77da2c048000-77da2c049000 rw-p 00019000 08:30 289320                     /home/thkim0/venv/v1/lib/python3.10/site-packages/numpy/random/_mt19937.cpython-310-x86_64-linux-gnu.so
77da2c049000-77da2c04f000 r--p 00000000 08:30 220804                     /home/thkim0/venv/v1/lib/python3.10/site-packages/numpy/linalg/_umath_linalg.cpython-310-x86_64-linux-gnu.so
77da2c04f000-77da2c06f000 r-xp 00006000 08:30 220804                     /home/thkim0/venv/v1/lib/python3.10/site-packages/numpy/linalg/_umath_linalg.cpython-310-x86_64-linux-gnu.so
77da2c06f000-77da2c074000 r--p 00026000 08:30 220804                     /home/thkim0/venv/v1/lib/python3.10/site-packages/numpy/linalg/_umath_linalg.cpython-310-x86_64-linux-gnu.so
77da2c074000-77da2c075000 r--p 0002a000 08:30 220804                     /home/thkim0/venv/v1/lib/python3.10/site-packages/numpy/linalg/_umath_linalg.cpython-310-x86_64-linux-gnu.so
77da2c075000-77da2c076000 rw-p 0002b000 08:30 220804                     /home/thkim0/venv/v1/lib/python3.10/site-packages/numpy/linalg/_umath_linalg.cpython-310-x86_64-linux-gnu.so
77da2c076000-77da2c077000 rw-p 00000000 00:00 0 
77da2c077000-77da2c07a000 rw-p 00032000 08:30 220804                     /home/thkim0/venv/v1/lib/python3.10/site-packages/numpy/linalg/_umath_linalg.cpython-310-x86_64-linux-gnu.so
77da2c07a000-77da2c082000 r--p 00000000 08:30 274197                     /home/thkim0/venv/v1/lib/python3.10/site-packages/debugpy/_vendored/pydevd/_pydevd_bundle/pydevd_cython.cpython-310-x86_64-linux-gnu.so
77da2c082000-77da2c113000 r-xp 00008000 08:30 274197                     /home/thkim0/venv/v1/lib/python3.10/site-packages/debugpy/_vendored/pydevd/_pydevd_bundle/pydevd_cython.cpython-310-x86_64-linux-gnu.so
77da2c113000-77da2c11f000 r--p 00099000 08:30 274197                     /home/thkim0/venv/v1/lib/python3.10/site-packages/debugpy/_vendored/pydevd/_pydevd_bundle/pydevd_cython.cpython-310-x86_64-linux-gnu.so
77da2c11f000-77da2c121000 r--p 000a4000 08:30 274197                     /home/thkim0/venv/v1/lib/python3.10/site-packages/debugpy/_vendored/pydevd/_pydevd_bundle/pydevd_cython.cpython-310-x86_64-linux-gnu.so
77da2c121000-77da2c124000 rw-p 000a6000 08:30 274197                     /home/thkim0/venv/v1/lib/python3.10/site-packages/debugpy/_vendored/pydevd/_pydevd_bundle/pydevd_cython.cpython-310-x86_64-linux-gnu.so
77da2c124000-77da2c226000 rw-p 00000000 00:00 0 
77da2c226000-77da2c227000 ---p 00000000 00:00 0 
77da2c227000-77da2ca27000 rw-p 00000000 00:00 0 
77da2ca27000-77da2ca28000 ---p 00000000 00:00 0 
77da2ca28000-77da2d228000 rw-p 00000000 00:00 0 
77da2d228000-77da2d229000 ---p 00000000 00:00 0 
77da2d229000-77da2da29000 rw-p 00000000 00:00 0 
77da2da29000-77da2da2a000 ---p 00000000 00:00 0 
77da2da2a000-77da2e22a000 rw-p 00000000 00:00 0 
77da2e22a000-77da2e22b000 ---p 00000000 00:00 0 
77da2e22b000-77da2ea2b000 rw-p 00000000 00:00 0 
77da2ea2b000-77da2ea2c000 ---p 00000000 00:00 0 
77da2ea2c000-77da2f22c000 rw-p 00000000 00:00 0 
77da2f22c000-77da2fd2c000 rw-p 00000000 00:00 0 
77da2fd2c000-77da2fd4c000 r--p 00000000 08:30 1883                       /usr/lib/x86_64-linux-gnu/libsqlite3.so.0.8.6
77da2fd4c000-77da2fe57000 r-xp 00020000 08:30 1883                       /usr/lib/x86_64-linux-gnu/libsqlite3.so.0.8.6
77da2fe57000-77da2fe8b000 r--p 0012b000 08:30 1883                       /usr/lib/x86_64-linux-gnu/libsqlite3.so.0.8.6
77da2fe8b000-77da2fe8f000 r--p 0015e000 08:30 1883                       /usr/lib/x86_64-linux-gnu/libsqlite3.so.0.8.6
77da2fe8f000-77da2fe93000 rw-p 00162000 08:30 1883                       /usr/lib/x86_64-linux-gnu/libsqlite3.so.0.8.6
77da2fe93000-77da2ff94000 rw-p 00000000 00:00 0 
77da2ff94000-77da2ff95000 rw-s a03e69000 00:01 1118                      /dev/zero (deleted)
77da2ff95000-77da2ff96000 rw-s a03e68000 00:01 1116                      /dev/zero (deleted)
77da2ff96000-77da2ff9a000 r--p 00000000 08:30 289307                     /home/thkim0/venv/v1/lib/python3.10/site-packages/numpy/random/_common.cpython-310-x86_64-linux-gnu.so
77da2ff9a000-77da2ffcc000 r-xp 00004000 08:30 289307                     /home/thkim0/venv/v1/lib/python3.10/site-packages/numpy/random/_common.cpython-310-x86_64-linux-gnu.so
77da2ffcc000-77da2ffd0000 r--p 00036000 08:30 289307                     /home/thkim0/venv/v1/lib/python3.10/site-packages/numpy/random/_common.cpython-310-x86_64-linux-gnu.so
77da2ffd0000-77da2ffd1000 ---p 0003a000 08:30 289307                     /home/thkim0/venv/v1/lib/python3.10/site-packages/numpy/random/_common.cpython-310-x86_64-linux-gnu.so
77da2ffd1000-77da2ffd2000 r--p 0003a000 08:30 289307                     /home/thkim0/venv/v1/lib/python3.10/site-packages/numpy/random/_common.cpython-310-x86_64-linux-gnu.so
77da2ffd2000-77da2ffd3000 rw-p 0003b000 08:30 289307                     /home/thkim0/venv/v1/lib/python3.10/site-packages/numpy/random/_common.cpython-310-x86_64-linux-gnu.so
77da2ffd3000-77da2ffd4000 rw-p 00000000 00:00 0 
77da2ffd4000-77da2ffd9000 r--p 00000000 08:30 289368                     /home/thkim0/venv/v1/lib/python3.10/site-packages/numpy/random/bit_generator.cpython-310-x86_64-linux-gnu.so
77da2ffd9000-77da2fffc000 r-xp 00005000 08:30 289368                     /home/thkim0/venv/v1/lib/python3.10/site-packages/numpy/random/bit_generator.cpython-310-x86_64-linux-gnu.so
77da2fffc000-77da30006000 r--p 00028000 08:30 289368                     /home/thkim0/venv/v1/lib/python3.10/site-packages/numpy/random/bit_generator.cpython-310-x86_64-linux-gnu.so
77da30006000-77da30007000 r--p 00031000 08:30 289368                     /home/thkim0/venv/v1/lib/python3.10/site-packages/numpy/random/bit_generator.cpython-310-x86_64-linux-gnu.so
77da30007000-77da30009000 rw-p 00032000 08:30 289368                     /home/thkim0/venv/v1/lib/python3.10/site-packages/numpy/random/bit_generator.cpython-310-x86_64-linux-gnu.so
77da30009000-77da3000a000 rw-p 00000000 00:00 0 
77da3000a000-77da3000f000 r--p 00000000 08:30 289292                     /home/thkim0/venv/v1/lib/python3.10/site-packages/numpy/random/mtrand.cpython-310-x86_64-linux-gnu.so
77da3000f000-77da30068000 r-xp 00005000 08:30 289292                     /home/thkim0/venv/v1/lib/python3.10/site-packages/numpy/random/mtrand.cpython-310-x86_64-linux-gnu.so
77da30068000-77da300b8000 r--p 0005e000 08:30 289292                     /home/thkim0/venv/v1/lib/python3.10/site-packages/numpy/random/mtrand.cpython-310-x86_64-linux-gnu.so
77da300b8000-77da300b9000 ---p 000ae000 08:30 289292                     /home/thkim0/venv/v1/lib/python3.10/site-packages/numpy/random/mtrand.cpython-310-x86_64-linux-gnu.so
77da300b9000-77da300ba000 r--p 000ae000 08:30 289292                     /home/thkim0/venv/v1/lib/python3.10/site-packages/numpy/random/mtrand.cpython-310-x86_64-linux-gnu.so
77da300ba000-77da300bb000 rw-p 000af000 08:30 289292                     /home/thkim0/venv/v1/lib/python3.10/site-packages/numpy/random/mtrand.cpython-310-x86_64-linux-gnu.so
77da300bb000-77da300bd000 rw-p 00000000 00:00 0 
77da300bd000-77da300be000 r--p 00000000 08:30 221009                     /home/thkim0/venv/v1/lib/python3.10/site-packages/numpy/fft/_pocketfft_internal.cpython-310-x86_64-linux-gnu.so
77da300be000-77da300d1000 r-xp 00001000 08:30 221009                     /home/thkim0/venv/v1/lib/python3.10/site-packages/numpy/fft/_pocketfft_internal.cpython-310-x86_64-linux-gnu.so
77da300d1000-77da300d3000 r--p 00014000 08:30 221009                     /home/thkim0/venv/v1/lib/python3.10/site-packages/numpy/fft/_pocketfft_internal.cpython-310-x86_64-linux-gnu.so
77da300d3000-77da300d4000 r--p 00015000 08:30 221009                     /home/thkim0/venv/v1/lib/python3.10/site-packages/numpy/fft/_pocketfft_internal.cpython-310-x86_64-linux-gnu.so
77da300d4000-77da300d5000 rw-p 00016000 08:30 221009                     /home/thkim0/venv/v1/lib/python3.10/site-packages/numpy/fft/_pocketfft_internal.cpython-310-x86_64-linux-gnu.so
77da300d5000-77da304d5000 rw-p 00000000 00:00 0 
77da304d5000-77da304d7000 r--p 00000000 08:30 1992                       /usr/lib/x86_64-linux-gnu/libuuid.so.1.3.0
77da304d7000-77da304dc000 r-xp 00002000 08:30 1992                       /usr/lib/x86_64-linux-gnu/libuuid.so.1.3.0
77da304dc000-77da304dd000 r--p 00007000 08:30 1992                       /usr/lib/x86_64-linux-gnu/libuuid.so.1.3.0
77da304dd000-77da304de000 r--p 00007000 08:30 1992                       /usr/lib/x86_64-linux-gnu/libuuid.so.1.3.0
77da304de000-77da304df000 rw-p 00008000 08:30 1992                       /usr/lib/x86_64-linux-gnu/libuuid.so.1.3.0
77da304df000-77da305df000 rw-p 00000000 00:00 0 
77da305df000-77da305e2000 r--p 00000000 08:30 260383                     /usr/lib/x86_64-linux-gnu/liblzma.so.5.4.5
77da305e2000-77da30604000 r-xp 00003000 08:30 260383                     /usr/lib/x86_64-linux-gnu/liblzma.so.5.4.5
77da30604000-77da3060f000 r--p 00025000 08:30 260383                     /usr/lib/x86_64-linux-gnu/liblzma.so.5.4.5
77da3060f000-77da30610000 r--p 00030000 08:30 260383                     /usr/lib/x86_64-linux-gnu/liblzma.so.5.4.5
77da30610000-77da30611000 rw-p 00031000 08:30 260383                     /usr/lib/x86_64-linux-gnu/liblzma.so.5.4.5
77da30611000-77da30613000 r--p 00000000 08:30 12746                      /usr/lib/x86_64-linux-gnu/libbz2.so.1.0.4
77da30613000-77da30621000 r-xp 00002000 08:30 12746                      /usr/lib/x86_64-linux-gnu/libbz2.so.1.0.4
77da30621000-77da30623000 r--p 00010000 08:30 12746                      /usr/lib/x86_64-linux-gnu/libbz2.so.1.0.4
77da30623000-77da30624000 r--p 00011000 08:30 12746                      /usr/lib/x86_64-linux-gnu/libbz2.so.1.0.4
77da30624000-77da30625000 rw-p 00012000 08:30 12746                      /usr/lib/x86_64-linux-gnu/libbz2.so.1.0.4
77da30625000-77da3062b000 r--p 00000000 08:30 58207                      /usr/lib/python3.10/lib-dynload/_decimal.cpython-310-x86_64-linux-gnu.so
77da3062b000-77da3065c000 r-xp 00006000 08:30 58207                      /usr/lib/python3.10/lib-dynload/_decimal.cpython-310-x86_64-linux-gnu.so
77da3065c000-77da3066b000 r--p 00037000 08:30 58207                      /usr/lib/python3.10/lib-dynload/_decimal.cpython-310-x86_64-linux-gnu.so
77da3066b000-77da3066c000 r--p 00045000 08:30 58207                      /usr/lib/python3.10/lib-dynload/_decimal.cpython-310-x86_64-linux-gnu.so
77da3066c000-77da3066f000 rw-p 00046000 08:30 58207                      /usr/lib/python3.10/lib-dynload/_decimal.cpython-310-x86_64-linux-gnu.so
77da3066f000-77da3086f000 rw-p 00000000 00:00 0 
77da3086f000-77da30871000 r--p 00000000 08:30 225181                     /home/thkim0/venv/v1/lib/python3.10/site-packages/pandas/_libs/reduction.cpython-310-x86_64-linux-gnu.so
77da30871000-77da30874000 r-xp 00002000 08:30 225181                     /home/thkim0/venv/v1/lib/python3.10/site-packages/pandas/_libs/reduction.cpython-310-x86_64-linux-gnu.so
77da30874000-77da30875000 r--p 00005000 08:30 225181                     /home/thkim0/venv/v1/lib/python3.10/site-packages/pandas/_libs/reduction.cpython-310-x86_64-linux-gnu.so
77da30875000-77da30876000 ---p 00006000 08:30 225181                     /home/thkim0/venv/v1/lib/python3.10/site-packages/pandas/_libs/reduction.cpython-310-x86_64-linux-gnu.so
77da30876000-77da30877000 r--p 00006000 08:30 225181                     /home/thkim0/venv/v1/lib/python3.10/site-packages/pandas/_libs/reduction.cpython-310-x86_64-linux-gnu.so
77da30877000-77da30878000 rw-p 00007000 08:30 225181                     /home/thkim0/venv/v1/lib/python3.10/site-packages/pandas/_libs/reduction.cpython-310-x86_64-linux-gnu.so
77da30878000-77da30879000 r--p 00000000 08:30 45141                      /usr/lib/x86_64-linux-gnu/libdl.so.2
77da30879000-77da3087a000 r-xp 00001000 08:30 45141                      /usr/lib/x86_64-linux-gnu/libdl.so.2
77da3087a000-77da3087b000 r--p 00002000 08:30 45141                      /usr/lib/x86_64-linux-gnu/libdl.so.2
77da3087b000-77da3087c000 r--p 00002000 08:30 45141                      /usr/lib/x86_64-linux-gnu/libdl.so.2
77da3087c000-77da3087d000 rw-p 00003000 08:30 45141                      /usr/lib/x86_64-linux-gnu/libdl.so.2
77da3087d000-77da30884000 r--p 00000000 08:30 220853                     /home/thkim0/venv/v1/lib/python3.10/site-packages/numpy/core/_multiarray_tests.cpython-310-x86_64-linux-gnu.so
77da30884000-77da3089b000 r-xp 00007000 08:30 220853                     /home/thkim0/venv/v1/lib/python3.10/site-packages/numpy/core/_multiarray_tests.cpython-310-x86_64-linux-gnu.so
77da3089b000-77da308a1000 r--p 0001e000 08:30 220853                     /home/thkim0/venv/v1/lib/python3.10/site-packages/numpy/core/_multiarray_tests.cpython-310-x86_64-linux-gnu.so
77da308a1000-77da308a2000 r--p 00023000 08:30 220853                     /home/thkim0/venv/v1/lib/python3.10/site-packages/numpy/core/_multiarray_tests.cpython-310-x86_64-linux-gnu.so
77da308a2000-77da308a4000 rw-p 00024000 08:30 220853                     /home/thkim0/venv/v1/lib/python3.10/site-packages/numpy/core/_multiarray_tests.cpython-310-x86_64-linux-gnu.so
77da308a4000-77da308a6000 r--p 00000000 08:30 12829                      /usr/lib/x86_64-linux-gnu/libffi.so.8.1.4
77da308a6000-77da308ad000 r-xp 00002000 08:30 12829                      /usr/lib/x86_64-linux-gnu/libffi.so.8.1.4
77da308ad000-77da308ae000 r--p 00009000 08:30 12829                      /usr/lib/x86_64-linux-gnu/libffi.so.8.1.4
77da308ae000-77da308af000 r--p 0000a000 08:30 12829                      /usr/lib/x86_64-linux-gnu/libffi.so.8.1.4
77da308af000-77da308b0000 rw-p 0000b000 08:30 12829                      /usr/lib/x86_64-linux-gnu/libffi.so.8.1.4
77da308b0000-77da308b1000 r--p 00000000 08:30 208500                     /home/thkim0/venv/v1/lib/python3.10/site-packages/scipy/optimize/_zeros.cpython-310-x86_64-linux-gnu.so
77da308b1000-77da308b3000 r-xp 00001000 08:30 208500                     /home/thkim0/venv/v1/lib/python3.10/site-packages/scipy/optimize/_zeros.cpython-310-x86_64-linux-gnu.so
77da308b3000-77da308b4000 r--p 00003000 08:30 208500                     /home/thkim0/venv/v1/lib/python3.10/site-packages/scipy/optimize/_zeros.cpython-310-x86_64-linux-gnu.so
77da308b4000-77da308b5000 r--p 00003000 08:30 208500                     /home/thkim0/venv/v1/lib/python3.10/site-packages/scipy/optimize/_zeros.cpython-310-x86_64-linux-gnu.so
77da308b5000-77da308b6000 rw-p 00004000 08:30 208500                     /home/thkim0/venv/v1/lib/python3.10/site-packages/scipy/optimize/_zeros.cpython-310-x86_64-linux-gnu.so
77da308b6000-77da308bc000 r--p 00000000 08:30 58202                      /usr/lib/python3.10/lib-dynload/_ctypes.cpython-310-x86_64-linux-gnu.so
77da308bc000-77da308cb000 r-xp 00006000 08:30 58202                      /usr/lib/python3.10/lib-dynload/_ctypes.cpython-310-x86_64-linux-gnu.so
77da308cb000-77da308d1000 r--p 00015000 08:30 58202                      /usr/lib/python3.10/lib-dynload/_ctypes.cpython-310-x86_64-linux-gnu.so
77da308d1000-77da308d2000 r--p 0001a000 08:30 58202                      /usr/lib/python3.10/lib-dynload/_ctypes.cpython-310-x86_64-linux-gnu.so
77da308d2000-77da308d6000 rw-p 0001b000 08:30 58202                      /usr/lib/python3.10/lib-dynload/_ctypes.cpython-310-x86_64-linux-gnu.so
77da308d6000-77da308d8000 r--p 00000000 08:30 206522                     /home/thkim0/venv/v1/lib/python3.10/site-packages/psutil/_psutil_posix.abi3.so
77da308d8000-77da308da000 r-xp 00002000 08:30 206522                     /home/thkim0/venv/v1/lib/python3.10/site-packages/psutil/_psutil_posix.abi3.so
77da308da000-77da308db000 r--p 00004000 08:30 206522                     /home/thkim0/venv/v1/lib/python3.10/site-packages/psutil/_psutil_posix.abi3.so
77da308db000-77da308dc000 r--p 00004000 08:30 206522                     /home/thkim0/venv/v1/lib/python3.10/site-packages/psutil/_psutil_posix.abi3.so
77da308dc000-77da308dd000 rw-p 00005000 08:30 206522                     /home/thkim0/venv/v1/lib/python3.10/site-packages/psutil/_psutil_posix.abi3.so
77da308dd000-77da308df000 r--p 00000000 08:30 206529                     /home/thkim0/venv/v1/lib/python3.10/site-packages/psutil/_psutil_linux.abi3.so
77da308df000-77da308e2000 r-xp 00002000 08:30 206529                     /home/thkim0/venv/v1/lib/python3.10/site-packages/psutil/_psutil_linux.abi3.so
77da308e2000-77da308e3000 r--p 00005000 08:30 206529                     /home/thkim0/venv/v1/lib/python3.10/site-packages/psutil/_psutil_linux.abi3.so
77da308e3000-77da308e4000 r--p 00005000 08:30 206529                     /home/thkim0/venv/v1/lib/python3.10/site-packages/psutil/_psutil_linux.abi3.so
77da308e4000-77da308e5000 rw-p 00006000 08:30 206529                     /home/thkim0/venv/v1/lib/python3.10/site-packages/psutil/_psutil_linux.abi3.so
77da308e5000-77da308eb000 r--p 00000000 08:30 58215                      /usr/lib/python3.10/lib-dynload/_sqlite3.cpython-310-x86_64-linux-gnu.so
77da308eb000-77da308f8000 r-xp 00006000 08:30 58215                      /usr/lib/python3.10/lib-dynload/_sqlite3.cpython-310-x86_64-linux-gnu.so
77da308f8000-77da308fd000 r--p 00013000 08:30 58215                      /usr/lib/python3.10/lib-dynload/_sqlite3.cpython-310-x86_64-linux-gnu.so
77da308fd000-77da308fe000 r--p 00017000 08:30 58215                      /usr/lib/python3.10/lib-dynload/_sqlite3.cpython-310-x86_64-linux-gnu.so
77da308fe000-77da30900000 rw-p 00018000 08:30 58215                      /usr/lib/python3.10/lib-dynload/_sqlite3.cpython-310-x86_64-linux-gnu.so
77da30900000-77da30a00000 rw-p 00000000 00:00 0 
77da30a00000-77da30ab3000 r--p 00000000 08:30 37663                      /usr/lib/x86_64-linux-gnu/libcrypto.so.3
77da30ab3000-77da30de7000 r-xp 000b3000 08:30 37663                      /usr/lib/x86_64-linux-gnu/libcrypto.so.3
77da30de7000-77da30eb2000 r--p 003e7000 08:30 37663                      /usr/lib/x86_64-linux-gnu/libcrypto.so.3
77da30eb2000-77da30f0e000 r--p 004b1000 08:30 37663                      /usr/lib/x86_64-linux-gnu/libcrypto.so.3
77da30f0e000-77da30f11000 rw-p 0050d000 08:30 37663                      /usr/lib/x86_64-linux-gnu/libcrypto.so.3
77da30f11000-77da30f14000 rw-p 00000000 00:00 0 
77da30f14000-77da30f15000 rw-s a03e67000 00:01 1115                      /dev/zero (deleted)
77da30f15000-77da30f17000 r--p 00000000 08:30 58230                      /usr/lib/python3.10/lib-dynload/resource.cpython-310-x86_64-linux-gnu.so
77da30f17000-77da30f18000 r-xp 00002000 08:30 58230                      /usr/lib/python3.10/lib-dynload/resource.cpython-310-x86_64-linux-gnu.so
77da30f18000-77da30f19000 r--p 00003000 08:30 58230                      /usr/lib/python3.10/lib-dynload/resource.cpython-310-x86_64-linux-gnu.so
77da30f19000-77da30f1a000 r--p 00003000 08:30 58230                      /usr/lib/python3.10/lib-dynload/resource.cpython-310-x86_64-linux-gnu.so
77da30f1a000-77da30f1b000 rw-p 00004000 08:30 58230                      /usr/lib/python3.10/lib-dynload/resource.cpython-310-x86_64-linux-gnu.so
77da30f1b000-77da30f1d000 r--p 00000000 08:30 58209                      /usr/lib/python3.10/lib-dynload/_lsprof.cpython-310-x86_64-linux-gnu.so
77da30f1d000-77da30f1f000 r-xp 00002000 08:30 58209                      /usr/lib/python3.10/lib-dynload/_lsprof.cpython-310-x86_64-linux-gnu.so
77da30f1f000-77da30f20000 r--p 00004000 08:30 58209                      /usr/lib/python3.10/lib-dynload/_lsprof.cpython-310-x86_64-linux-gnu.so
77da30f20000-77da30f21000 r--p 00005000 08:30 58209                      /usr/lib/python3.10/lib-dynload/_lsprof.cpython-310-x86_64-linux-gnu.so
77da30f21000-77da30f22000 rw-p 00006000 08:30 58209                      /usr/lib/python3.10/lib-dynload/_lsprof.cpython-310-x86_64-linux-gnu.so
77da30f22000-77da30f30000 r--p 00000000 08:30 13077                      /usr/lib/x86_64-linux-gnu/libtinfo.so.6.4
77da30f30000-77da30f43000 r-xp 0000e000 08:30 13077                      /usr/lib/x86_64-linux-gnu/libtinfo.so.6.4
77da30f43000-77da30f51000 r--p 00021000 08:30 13077                      /usr/lib/x86_64-linux-gnu/libtinfo.so.6.4
77da30f51000-77da30f55000 r--p 0002e000 08:30 13077                      /usr/lib/x86_64-linux-gnu/libtinfo.so.6.4
77da30f55000-77da30f56000 rw-p 00032000 08:30 13077                      /usr/lib/x86_64-linux-gnu/libtinfo.so.6.4
77da30f56000-77da31056000 rw-p 00000000 00:00 0 
77da31056000-77da31074000 r--p 00000000 08:30 37664                      /usr/lib/x86_64-linux-gnu/libssl.so.3
77da31074000-77da310d6000 r-xp 0001e000 08:30 37664                      /usr/lib/x86_64-linux-gnu/libssl.so.3
77da310d6000-77da310f2000 r--p 00080000 08:30 37664                      /usr/lib/x86_64-linux-gnu/libssl.so.3
77da310f2000-77da310fc000 r--p 0009c000 08:30 37664                      /usr/lib/x86_64-linux-gnu/libssl.so.3
77da310fc000-77da31100000 rw-p 000a6000 08:30 37664                      /usr/lib/x86_64-linux-gnu/libssl.so.3
77da31100000-77da31200000 rw-p 00000000 00:00 0 
77da31200000-77da3129d000 r--p 00000000 08:30 11813                      /usr/lib/x86_64-linux-gnu/libstdc++.so.6.0.33
77da3129d000-77da313e5000 r-xp 0009d000 08:30 11813                      /usr/lib/x86_64-linux-gnu/libstdc++.so.6.0.33
77da313e5000-77da3146c000 r--p 001e5000 08:30 11813                      /usr/lib/x86_64-linux-gnu/libstdc++.so.6.0.33
77da3146c000-77da31477000 r--p 0026b000 08:30 11813                      /usr/lib/x86_64-linux-gnu/libstdc++.so.6.0.33
77da31477000-77da3147a000 rw-p 00276000 08:30 11813                      /usr/lib/x86_64-linux-gnu/libstdc++.so.6.0.33
77da3147a000-77da3147e000 rw-p 00000000 00:00 0 
77da3147e000-77da31487000 r--p 00000000 08:30 12963                      /usr/lib/x86_64-linux-gnu/libncursesw.so.6.4
77da31487000-77da314b1000 r-xp 00009000 08:30 12963                      /usr/lib/x86_64-linux-gnu/libncursesw.so.6.4
77da314b1000-77da314b8000 r--p 00033000 08:30 12963                      /usr/lib/x86_64-linux-gnu/libncursesw.so.6.4
77da314b8000-77da314b9000 r--p 00039000 08:30 12963                      /usr/lib/x86_64-linux-gnu/libncursesw.so.6.4
77da314b9000-77da314ba000 rw-p 0003a000 08:30 12963                      /usr/lib/x86_64-linux-gnu/libncursesw.so.6.4
77da314ba000-77da314be000 r--p 00000000 08:30 57987                      /usr/lib/python3.10/lib-dynload/_hashlib.cpython-310-x86_64-linux-gnu.so
77da314be000-77da314c4000 r-xp 00004000 08:30 57987                      /usr/lib/python3.10/lib-dynload/_hashlib.cpython-310-x86_64-linux-gnu.so
77da314c4000-77da314c8000 r--p 0000a000 08:30 57987                      /usr/lib/python3.10/lib-dynload/_hashlib.cpython-310-x86_64-linux-gnu.so
77da314c8000-77da314c9000 r--p 0000d000 08:30 57987                      /usr/lib/python3.10/lib-dynload/_hashlib.cpython-310-x86_64-linux-gnu.so
77da314c9000-77da314cb000 rw-p 0000e000 08:30 57987                      /usr/lib/python3.10/lib-dynload/_hashlib.cpython-310-x86_64-linux-gnu.so
77da314cb000-77da314dd000 r--p 00000000 08:30 57989                      /usr/lib/python3.10/lib-dynload/_ssl.cpython-310-x86_64-linux-gnu.so
77da314dd000-77da314e9000 r-xp 00012000 08:30 57989                      /usr/lib/python3.10/lib-dynload/_ssl.cpython-310-x86_64-linux-gnu.so
77da314e9000-77da314f7000 r--p 0001e000 08:30 57989                      /usr/lib/python3.10/lib-dynload/_ssl.cpython-310-x86_64-linux-gnu.so
77da314f7000-77da314f8000 r--p 0002b000 08:30 57989                      /usr/lib/python3.10/lib-dynload/_ssl.cpython-310-x86_64-linux-gnu.so
77da314f8000-77da31501000 rw-p 0002c000 08:30 57989                      /usr/lib/python3.10/lib-dynload/_ssl.cpython-310-x86_64-linux-gnu.so
77da31501000-77da31601000 rw-p 00000000 00:00 0 
77da31601000-77da31605000 r--p 00000000 08:30 11824                      /usr/lib/x86_64-linux-gnu/libgcc_s.so.1
77da31605000-77da31629000 r-xp 00004000 08:30 11824                      /usr/lib/x86_64-linux-gnu/libgcc_s.so.1
77da31629000-77da3162d000 r--p 00028000 08:30 11824                      /usr/lib/x86_64-linux-gnu/libgcc_s.so.1
77da3162d000-77da3162e000 r--p 0002b000 08:30 11824                      /usr/lib/x86_64-linux-gnu/libgcc_s.so.1
77da3162e000-77da3162f000 rw-p 0002c000 08:30 11824                      /usr/lib/x86_64-linux-gnu/libgcc_s.so.1
77da3162f000-77da3163c000 r--p 00000000 08:30 273376                     /home/thkim0/venv/v1/lib/python3.10/site-packages/pyzmq.libs/libsodium-19479d6d.so.26.2.0
77da3163c000-77da31732000 r-xp 0000d000 08:30 273376                     /home/thkim0/venv/v1/lib/python3.10/site-packages/pyzmq.libs/libsodium-19479d6d.so.26.2.0
77da31732000-77da31747000 r--p 00103000 08:30 273376                     /home/thkim0/venv/v1/lib/python3.10/site-packages/pyzmq.libs/libsodium-19479d6d.so.26.2.0
77da31747000-77da31748000 r--p 00118000 08:30 273376                     /home/thkim0/venv/v1/lib/python3.10/site-packages/pyzmq.libs/libsodium-19479d6d.so.26.2.0
77da31748000-77da31749000 rw-p 00119000 08:30 273376                     /home/thkim0/venv/v1/lib/python3.10/site-packages/pyzmq.libs/libsodium-19479d6d.so.26.2.0
77da31749000-77da31756000 rw-p 0011b000 08:30 273376                     /home/thkim0/venv/v1/lib/python3.10/site-packages/pyzmq.libs/libsodium-19479d6d.so.26.2.0
77da31756000-77da3176e000 r--p 00000000 08:30 273377                     /home/thkim0/venv/v1/lib/python3.10/site-packages/pyzmq.libs/libzmq-7b073b3d.so.5.2.5
77da3176e000-77da317f8000 r-xp 00018000 08:30 273377                     /home/thkim0/venv/v1/lib/python3.10/site-packages/pyzmq.libs/libzmq-7b073b3d.so.5.2.5
77da317f8000-77da3182d000 r--p 000a2000 08:30 273377                     /home/thkim0/venv/v1/lib/python3.10/site-packages/pyzmq.libs/libzmq-7b073b3d.so.5.2.5
77da3182d000-77da31834000 r--p 000d7000 08:30 273377                     /home/thkim0/venv/v1/lib/python3.10/site-packages/pyzmq.libs/libzmq-7b073b3d.so.5.2.5
77da31834000-77da31835000 rw-p 000de000 08:30 273377                     /home/thkim0/venv/v1/lib/python3.10/site-packages/pyzmq.libs/libzmq-7b073b3d.so.5.2.5
77da31835000-77da3183e000 rw-p 000e0000 08:30 273377                     /home/thkim0/venv/v1/lib/python3.10/site-packages/pyzmq.libs/libzmq-7b073b3d.so.5.2.5
77da3183e000-77da31846000 r--p 00000000 08:30 273417                     /home/thkim0/venv/v1/lib/python3.10/site-packages/zmq/backend/cython/_zmq.cpython-310-x86_64-linux-gnu.so
77da31846000-77da31872000 r-xp 00008000 08:30 273417                     /home/thkim0/venv/v1/lib/python3.10/site-packages/zmq/backend/cython/_zmq.cpython-310-x86_64-linux-gnu.so
77da31872000-77da3187c000 r--p 00034000 08:30 273417                     /home/thkim0/venv/v1/lib/python3.10/site-packages/zmq/backend/cython/_zmq.cpython-310-x86_64-linux-gnu.so
77da3187c000-77da3187e000 r--p 0003e000 08:30 273417                     /home/thkim0/venv/v1/lib/python3.10/site-packages/zmq/backend/cython/_zmq.cpython-310-x86_64-linux-gnu.so
77da3187e000-77da31880000 rw-p 00040000 08:30 273417                     /home/thkim0/venv/v1/lib/python3.10/site-packages/zmq/backend/cython/_zmq.cpython-310-x86_64-linux-gnu.so
77da31880000-77da31881000 rw-p 00000000 00:00 0 
77da31881000-77da31886000 rw-p 00043000 08:30 273417                     /home/thkim0/venv/v1/lib/python3.10/site-packages/zmq/backend/cython/_zmq.cpython-310-x86_64-linux-gnu.so
77da31886000-77da31887000 rw-s a03e65000 00:01 1114                      /dev/zero (deleted)
77da31887000-77da31888000 r--p 00000000 08:30 58222                      /usr/lib/python3.10/lib-dynload/_uuid.cpython-310-x86_64-linux-gnu.so
77da31888000-77da31889000 r-xp 00001000 08:30 58222                      /usr/lib/python3.10/lib-dynload/_uuid.cpython-310-x86_64-linux-gnu.so
77da31889000-77da3188a000 r--p 00002000 08:30 58222                      /usr/lib/python3.10/lib-dynload/_uuid.cpython-310-x86_64-linux-gnu.so
77da3188a000-77da3188b000 r--p 00002000 08:30 58222                      /usr/lib/python3.10/lib-dynload/_uuid.cpython-310-x86_64-linux-gnu.so
77da3188b000-77da3188c000 rw-p 00003000 08:30 58222                      /usr/lib/python3.10/lib-dynload/_uuid.cpython-310-x86_64-linux-gnu.so
77da3188c000-77da3188f000 r--p 00000000 08:30 58210                      /usr/lib/python3.10/lib-dynload/_lzma.cpython-310-x86_64-linux-gnu.so
77da3188f000-77da31893000 r-xp 00003000 08:30 58210                      /usr/lib/python3.10/lib-dynload/_lzma.cpython-310-x86_64-linux-gnu.so
77da31893000-77da31896000 r--p 00007000 08:30 58210                      /usr/lib/python3.10/lib-dynload/_lzma.cpython-310-x86_64-linux-gnu.so
77da31896000-77da31897000 r--p 00009000 08:30 58210                      /usr/lib/python3.10/lib-dynload/_lzma.cpython-310-x86_64-linux-gnu.so
77da31897000-77da31898000 rw-p 0000a000 08:30 58210                      /usr/lib/python3.10/lib-dynload/_lzma.cpython-310-x86_64-linux-gnu.so
77da31898000-77da3189a000 r--p 00000000 08:30 58193                      /usr/lib/python3.10/lib-dynload/_bz2.cpython-310-x86_64-linux-gnu.so
77da3189a000-77da3189d000 r-xp 00002000 08:30 58193                      /usr/lib/python3.10/lib-dynload/_bz2.cpython-310-x86_64-linux-gnu.so
77da3189d000-77da3189f000 r--p 00005000 08:30 58193                      /usr/lib/python3.10/lib-dynload/_bz2.cpython-310-x86_64-linux-gnu.so
77da3189f000-77da318a0000 r--p 00006000 08:30 58193                      /usr/lib/python3.10/lib-dynload/_bz2.cpython-310-x86_64-linux-gnu.so
77da318a0000-77da318a1000 rw-p 00007000 08:30 58193                      /usr/lib/python3.10/lib-dynload/_bz2.cpython-310-x86_64-linux-gnu.so
77da318a1000-77da318a4000 r--p 00000000 08:30 58231                      /usr/lib/python3.10/lib-dynload/termios.cpython-310-x86_64-linux-gnu.so
77da318a4000-77da318a5000 r-xp 00003000 08:30 58231                      /usr/lib/python3.10/lib-dynload/termios.cpython-310-x86_64-linux-gnu.so
77da318a5000-77da318a7000 r--p 00004000 08:30 58231                      /usr/lib/python3.10/lib-dynload/termios.cpython-310-x86_64-linux-gnu.so
77da318a7000-77da318a8000 r--p 00005000 08:30 58231                      /usr/lib/python3.10/lib-dynload/termios.cpython-310-x86_64-linux-gnu.so
77da318a8000-77da318aa000 rw-p 00006000 08:30 58231                      /usr/lib/python3.10/lib-dynload/termios.cpython-310-x86_64-linux-gnu.so
77da318aa000-77da318b1000 r--p 00000000 08:30 58204                      /usr/lib/python3.10/lib-dynload/_curses.cpython-310-x86_64-linux-gnu.so
77da318b1000-77da318bc000 r-xp 00007000 08:30 58204                      /usr/lib/python3.10/lib-dynload/_curses.cpython-310-x86_64-linux-gnu.so
77da318bc000-77da318c7000 r--p 00012000 08:30 58204                      /usr/lib/python3.10/lib-dynload/_curses.cpython-310-x86_64-linux-gnu.so
77da318c7000-77da318c8000 r--p 0001c000 08:30 58204                      /usr/lib/python3.10/lib-dynload/_curses.cpython-310-x86_64-linux-gnu.so
77da318c8000-77da318ca000 rw-p 0001d000 08:30 58204                      /usr/lib/python3.10/lib-dynload/_curses.cpython-310-x86_64-linux-gnu.so
77da318ca000-77da318cb000 r--p 00000000 08:30 200628                     /home/thkim0/venv/v1/lib/python3.10/site-packages/tornado/speedups.abi3.so
77da318cb000-77da318cc000 r-xp 00001000 08:30 200628                     /home/thkim0/venv/v1/lib/python3.10/site-packages/tornado/speedups.abi3.so
77da318cc000-77da318cd000 r--p 00002000 08:30 200628                     /home/thkim0/venv/v1/lib/python3.10/site-packages/tornado/speedups.abi3.so
77da318cd000-77da318ce000 r--p 00002000 08:30 200628                     /home/thkim0/venv/v1/lib/python3.10/site-packages/tornado/speedups.abi3.so
77da318ce000-77da318cf000 rw-p 00003000 08:30 200628                     /home/thkim0/venv/v1/lib/python3.10/site-packages/tornado/speedups.abi3.so
77da318cf000-77da319cf000 rw-p 00000000 00:00 0 
77da319cf000-77da319d1000 r--p 00000000 08:30 58208                      /usr/lib/python3.10/lib-dynload/_json.cpython-310-x86_64-linux-gnu.so
77da319d1000-77da319d7000 r-xp 00002000 08:30 58208                      /usr/lib/python3.10/lib-dynload/_json.cpython-310-x86_64-linux-gnu.so
77da319d7000-77da319d9000 r--p 00008000 08:30 58208                      /usr/lib/python3.10/lib-dynload/_json.cpython-310-x86_64-linux-gnu.so
77da319d9000-77da319da000 r--p 00009000 08:30 58208                      /usr/lib/python3.10/lib-dynload/_json.cpython-310-x86_64-linux-gnu.so
77da319da000-77da319db000 rw-p 0000a000 08:30 58208                      /usr/lib/python3.10/lib-dynload/_json.cpython-310-x86_64-linux-gnu.so
77da319db000-77da31adb000 rw-p 00000000 00:00 0 
77da31adb000-77da31add000 r--p 00000000 08:30 58214                      /usr/lib/python3.10/lib-dynload/_queue.cpython-310-x86_64-linux-gnu.so
77da31add000-77da31ade000 r-xp 00002000 08:30 58214                      /usr/lib/python3.10/lib-dynload/_queue.cpython-310-x86_64-linux-gnu.so
77da31ade000-77da31adf000 r--p 00003000 08:30 58214                      /usr/lib/python3.10/lib-dynload/_queue.cpython-310-x86_64-linux-gnu.so
77da31adf000-77da31ae0000 r--p 00003000 08:30 58214                      /usr/lib/python3.10/lib-dynload/_queue.cpython-310-x86_64-linux-gnu.so
77da31ae0000-77da31ae1000 rw-p 00004000 08:30 58214                      /usr/lib/python3.10/lib-dynload/_queue.cpython-310-x86_64-linux-gnu.so
77da31ae1000-77da31ae5000 r--p 00000000 08:30 58192                      /usr/lib/python3.10/lib-dynload/_asyncio.cpython-310-x86_64-linux-gnu.so
77da31ae5000-77da31aea000 r-xp 00004000 08:30 58192                      /usr/lib/python3.10/lib-dynload/_asyncio.cpython-310-x86_64-linux-gnu.so
77da31aea000-77da31aee000 r--p 00009000 08:30 58192                      /usr/lib/python3.10/lib-dynload/_asyncio.cpython-310-x86_64-linux-gnu.so
77da31aee000-77da31aef000 r--p 0000c000 08:30 58192                      /usr/lib/python3.10/lib-dynload/_asyncio.cpython-310-x86_64-linux-gnu.so
77da31aef000-77da31af1000 rw-p 0000d000 08:30 58192                      /usr/lib/python3.10/lib-dynload/_asyncio.cpython-310-x86_64-linux-gnu.so
77da31af1000-77da31af2000 r--p 00000000 08:30 58200                      /usr/lib/python3.10/lib-dynload/_contextvars.cpython-310-x86_64-linux-gnu.so
77da31af2000-77da31af3000 r-xp 00001000 08:30 58200                      /usr/lib/python3.10/lib-dynload/_contextvars.cpython-310-x86_64-linux-gnu.so
77da31af3000-77da31af4000 r--p 00002000 08:30 58200                      /usr/lib/python3.10/lib-dynload/_contextvars.cpython-310-x86_64-linux-gnu.so
77da31af4000-77da31af5000 r--p 00002000 08:30 58200                      /usr/lib/python3.10/lib-dynload/_contextvars.cpython-310-x86_64-linux-gnu.so
77da31af5000-77da31af6000 rw-p 00003000 08:30 58200                      /usr/lib/python3.10/lib-dynload/_contextvars.cpython-310-x86_64-linux-gnu.so
77da31af6000-77da31af7000 r--p 00000000 08:30 45165                      /usr/lib/x86_64-linux-gnu/librt.so.1
77da31af7000-77da31af8000 r-xp 00001000 08:30 45165                      /usr/lib/x86_64-linux-gnu/librt.so.1
77da31af8000-77da31af9000 r--p 00002000 08:30 45165                      /usr/lib/x86_64-linux-gnu/librt.so.1
77da31af9000-77da31afa000 r--p 00002000 08:30 45165                      /usr/lib/x86_64-linux-gnu/librt.so.1
77da31afa000-77da31afb000 rw-p 00003000 08:30 45165                      /usr/lib/x86_64-linux-gnu/librt.so.1
77da31afb000-77da31afc000 r--p 00000000 08:30 45161                      /usr/lib/x86_64-linux-gnu/libpthread.so.0
77da31afc000-77da31afd000 r-xp 00001000 08:30 45161                      /usr/lib/x86_64-linux-gnu/libpthread.so.0
77da31afd000-77da31afe000 r--p 00002000 08:30 45161                      /usr/lib/x86_64-linux-gnu/libpthread.so.0
77da31afe000-77da31aff000 r--p 00002000 08:30 45161                      /usr/lib/x86_64-linux-gnu/libpthread.so.0
77da31aff000-77da31b00000 rw-p 00003000 08:30 45161                      /usr/lib/x86_64-linux-gnu/libpthread.so.0
77da31b00000-77da31c00000 rw-p 00000000 00:00 0 
77da31c00000-77da31c28000 r--p 00000000 08:30 45137                      /usr/lib/x86_64-linux-gnu/libc.so.6
77da31c28000-77da31db0000 r-xp 00028000 08:30 45137                      /usr/lib/x86_64-linux-gnu/libc.so.6
77da31db0000-77da31dff000 r--p 001b0000 08:30 45137                      /usr/lib/x86_64-linux-gnu/libc.so.6
77da31dff000-77da31e03000 r--p 001fe000 08:30 45137                      /usr/lib/x86_64-linux-gnu/libc.so.6
77da31e03000-77da31e05000 rw-p 00202000 08:30 45137                      /usr/lib/x86_64-linux-gnu/libc.so.6
77da31e05000-77da31e12000 rw-p 00000000 00:00 0 
77da31e12000-77da31e13000 rw-s a03e64000 00:01 1111                      /dev/zero (deleted)
77da31e13000-77da31e14000 rw-s a03e63000 00:01 1110                      /dev/zero (deleted)
77da31e14000-77da31e15000 rw-s a03e61000 00:01 1109                      /dev/zero (deleted)
77da31e15000-77da31e16000 rw-s a03e60000 00:01 8263                      /dev/zero (deleted)
77da31e16000-77da31f16000 rw-p 00000000 00:00 0 
77da31f16000-77da31f1d000 r--s 00000000 08:30 45115                      /usr/lib/x86_64-linux-gnu/gconv/gconv-modules.cache
77da31f1d000-77da31f76000 r--p 00000000 08:30 12237                      /usr/lib/locale/C.utf8/LC_CTYPE
77da31f76000-77da31f78000 rw-p 00000000 00:00 0 
77da31f78000-77da31f7a000 r--p 00000000 08:30 13151                      /usr/lib/x86_64-linux-gnu/libz.so.1.3
77da31f7a000-77da31f8c000 r-xp 00002000 08:30 13151                      /usr/lib/x86_64-linux-gnu/libz.so.1.3
77da31f8c000-77da31f92000 r--p 00014000 08:30 13151                      /usr/lib/x86_64-linux-gnu/libz.so.1.3
77da31f92000-77da31f93000 r--p 0001a000 08:30 13151                      /usr/lib/x86_64-linux-gnu/libz.so.1.3
77da31f93000-77da31f94000 rw-p 0001b000 08:30 13151                      /usr/lib/x86_64-linux-gnu/libz.so.1.3
77da31f94000-77da31f98000 r--p 00000000 08:30 19029                      /usr/lib/x86_64-linux-gnu/libexpat.so.1.9.1
77da31f98000-77da31fb5000 r-xp 00004000 08:30 19029                      /usr/lib/x86_64-linux-gnu/libexpat.so.1.9.1
77da31fb5000-77da31fbd000 r--p 00021000 08:30 19029                      /usr/lib/x86_64-linux-gnu/libexpat.so.1.9.1
77da31fbd000-77da31fbf000 r--p 00028000 08:30 19029                      /usr/lib/x86_64-linux-gnu/libexpat.so.1.9.1
77da31fbf000-77da31fc0000 rw-p 0002a000 08:30 19029                      /usr/lib/x86_64-linux-gnu/libexpat.so.1.9.1
77da31fc0000-77da31fd0000 r--p 00000000 08:30 45143                      /usr/lib/x86_64-linux-gnu/libm.so.6
77da31fd0000-77da3204f000 r-xp 00010000 08:30 45143                      /usr/lib/x86_64-linux-gnu/libm.so.6
77da3204f000-77da320a7000 r--p 0008f000 08:30 45143                      /usr/lib/x86_64-linux-gnu/libm.so.6
77da320a7000-77da320a8000 r--p 000e7000 08:30 45143                      /usr/lib/x86_64-linux-gnu/libm.so.6
77da320a8000-77da320a9000 rw-p 000e8000 08:30 45143                      /usr/lib/x86_64-linux-gnu/libm.so.6
77da320a9000-77da320aa000 rw-s a03e5f000 00:01 8262                      /dev/zero (deleted)
77da320aa000-77da320ab000 r--p 00000000 08:30 57988                      /usr/lib/python3.10/lib-dynload/_opcode.cpython-310-x86_64-linux-gnu.so
77da320ab000-77da320ac000 r-xp 00001000 08:30 57988                      /usr/lib/python3.10/lib-dynload/_opcode.cpython-310-x86_64-linux-gnu.so
77da320ac000-77da320ad000 r--p 00002000 08:30 57988                      /usr/lib/python3.10/lib-dynload/_opcode.cpython-310-x86_64-linux-gnu.so
77da320ad000-77da320ae000 r--p 00002000 08:30 57988                      /usr/lib/python3.10/lib-dynload/_opcode.cpython-310-x86_64-linux-gnu.so
77da320ae000-77da320af000 rw-p 00003000 08:30 57988                      /usr/lib/python3.10/lib-dynload/_opcode.cpython-310-x86_64-linux-gnu.so
77da320af000-77da320b1000 rw-p 00000000 00:00 0 
77da320b1000-77da320b5000 r--p 00000000 00:00 0                          [vvar]
77da320b5000-77da320b7000 r--p 00000000 00:00 0                          [vvar_vclock]
77da320b7000-77da320b9000 r-xp 00000000 00:00 0                          [vdso]
77da320b9000-77da320ba000 r--p 00000000 08:30 45131                      /usr/lib/x86_64-linux-gnu/ld-linux-x86-64.so.2
77da320ba000-77da320e5000 r-xp 00001000 08:30 45131                      /usr/lib/x86_64-linux-gnu/ld-linux-x86-64.so.2
77da320e5000-77da320ef000 r--p 0002c000 08:30 45131                      /usr/lib/x86_64-linux-gnu/ld-linux-x86-64.so.2
77da320ef000-77da320f1000 r--p 00036000 08:30 45131                      /usr/lib/x86_64-linux-gnu/ld-linux-x86-64.so.2
77da320f1000-77da320f3000 rw-p 00038000 08:30 45131                      /usr/lib/x86_64-linux-gnu/ld-linux-x86-64.so.2
7fffc0824000-7fffc0828000 ---p 00000000 00:00 0 
7fffc0828000-7fffc0924000 rw-p 00000000 00:00 0                          [stack]


VM Arguments:
jvm_args: -Dfile.encoding=UTF8 -ea -Xmx1024m 
java_command: <unknown>
java_class_path (initial): /home/thkim0/venv/v1/lib/python3.10/site-packages/konlpy/java:/home/thkim0/venv/v1/lib/python3.10/site-packages/konlpy/java/bin:/home/thkim0/venv/v1/lib/python3.10/site-packages/konlpy/java/twitter-text-1.14.7.jar:/home/thkim0/venv/v1/lib/python3.10/site-packages/konlpy/java/aho-corasick.jar:/home/thkim0/venv/v1/lib/python3.10/site-packages/konlpy/java/open-korean-text-2.1.0.jar:/home/thkim0/venv/v1/lib/python3.10/site-packages/konlpy/java/shineware-common-1.0.jar:/home/thkim0/venv/v1/lib/python3.10/site-packages/konlpy/java/jhannanum-0.8.4.jar:/home/thkim0/venv/v1/lib/python3.10/site-packages/konlpy/java/kkma-2.0.jar:/home/thkim0/venv/v1/lib/python3.10/site-packages/konlpy/java/snakeyaml-1.12.jar:/home/thkim0/venv/v1/lib/python3.10/site-packages/konlpy/java/komoran-3.0.jar:/home/thkim0/venv/v1/lib/python3.10/site-packages/konlpy/java/scala-library-2.12.3.jar:/home/thkim0/venv/v1/lib/python3.10/site-packages/konlpy/java/shineware-ds-1.0.jar:/home/thkim0/venv/v1/lib/python3.10/site-packages/konlpy/java/jhannanum-0.8.4.jar:/home/thkim0/venv/v1/lib/python3.10/site-packages/konlpy/java/kkma-2.0.jar:/home/thkim0/venv/v1/lib/python3.10/site-packages/konlpy/java/aho-corasick.jar:/home/thkim0/venv/v1/lib/python3.10/site-packages/konlpy/java/shineware-common-1.0.jar:/home/thkim0/venv/v1/lib/python3.10/site-packages/konlpy/java/shineware-ds-1.0.jar:/home/thkim0/venv/v1/lib/python3.10/site-packages/konlpy/java/komoran-3.0.jar:/home/thkim0/venv/v1/lib/python3.10/site-packages/konlpy/java/snakeyaml-1.12.jar:/home/thkim0/venv/v1/lib/python3.10/site-packages/konlpy/java/scala-library-2.12.3.jar:/home/thkim0/venv/v1/lib/python3.10/site-packages/konlpy/java/open-korean-text-2.1.0.jar:/home/thkim0/venv/v1/lib/python3.10/site-packages/konlpy/java/twitter-text-1.14.7.jar:/home/thkim0/venv/v1/lib/python3.10/site-packages/konlpy/java/twitter-text-1.14.7.jar:/home/thkim0/venv/v1/lib/python3.10/site-packages/konlpy/java/aho-corasick.jar:/home/thkim0/venv/v1/lib
Launcher Type: generic

[Global flags]
     intx CICompilerCount                          = 4                                         {product} {ergonomic}
     uint ConcGCThreads                            = 2                                         {product} {ergonomic}
     uint G1ConcRefinementThreads                  = 9                                         {product} {ergonomic}
   size_t G1HeapRegionSize                         = 1048576                                   {product} {ergonomic}
    uintx GCDrainStackTargetSize                   = 64                                        {product} {ergonomic}
   size_t InitialHeapSize                          = 526385152                                 {product} {ergonomic}
   size_t MarkStackSize                            = 4194304                                   {product} {ergonomic}
   size_t MaxHeapSize                              = 1073741824                                {product} {command line}
   size_t MaxNewSize                               = 643825664                                 {product} {ergonomic}
   size_t MinHeapDeltaBytes                        = 1048576                                   {product} {ergonomic}
   size_t MinHeapSize                              = 8388608                                   {product} {ergonomic}
    uintx NonNMethodCodeHeapSize                   = 5839372                                {pd product} {ergonomic}
    uintx NonProfiledCodeHeapSize                  = 122909434                              {pd product} {ergonomic}
    uintx ProfiledCodeHeapSize                     = 122909434                              {pd product} {ergonomic}
    uintx ReservedCodeCacheSize                    = 251658240                              {pd product} {ergonomic}
     bool SegmentedCodeCache                       = true                                      {product} {ergonomic}
   size_t SoftMaxHeapSize                          = 1073741824                             {manageable} {ergonomic}
     bool UseCompressedClassPointers               = true                           {product lp64_product} {ergonomic}
     bool UseCompressedOops                        = true                           {product lp64_product} {ergonomic}
     bool UseG1GC                                  = true                                      {product} {ergonomic}

Logging:
Log output configuration:
 #0: stdout all=warning uptime,level,tags
 #1: stderr all=off uptime,level,tags

Environment Variables:
PATH=/home/thkim0/venv/v1/bin:/home/thkim0/.vscode-server/bin/6928394f91b684055b873eecb8bc281365131f1c/bin/remote-cli:/home/thkim0/.local/bin:/usr/local/sbin:/usr/local/bin:/usr/sbin:/usr/bin:/sbin:/bin:/usr/games:/usr/local/games:/usr/lib/wsl/lib:/mnt/c/Program Files/WindowsApps/MicrosoftCorporationII.WindowsSubsystemForLinux_2.7.8.0_x64__8wekyb3d8bbwe:/mnt/c/Program Files/Python310/Scripts/:/mnt/c/Program Files/Python310/:/mnt/c/Program Files/Common Files/Oracle/Java/javapath:/mnt/c/WINDOWS/system32:/mnt/c/WINDOWS:/mnt/c/WINDOWS/System32/Wbem:/mnt/c/WINDOWS/System32/WindowsPowerShell/v1.0/:/mnt/c/WINDOWS/System32/OpenSSH/:/mnt/c/Program Files/dotnet/:/mnt/c/Program Files (x86)/NVIDIA Corporation/PhysX/Common:/mnt/c/Program Files/Microsoft SQL Server/150/Tools/Binn/:/mnt/c/Program Files/Microsoft SQL Server/Client SDK/ODBC/170/Tools/Binn/:/mnt/c/Program Files (x86)/Windows Kits/10/Windows Performance Toolkit/:/mnt/c/Program Files/Bandizip/:/mnt/c/Program Files/NVIDIA Corporation/NVIDIA NvDLISR:/mnt/c/Program Files/Meld/:/mnt/c/Program Files/Java/jdk-24/bin:/mnt/c/WINDOWS/system32/config/systemprofile/AppData/Local/Muse Hub/lib:/mnt/c/Program Files/NVIDIA Corporation/NVIDIA App/NvDLISR:/mnt/c/Users/THKim/AppData/Local/Microsoft/WindowsApps:/mnt/c/Users/THKim/AppData/Local/Programs/Microsoft VS Code/bin:/mnt/c/Users/THKim/.dotnet/tools:/mnt/c/Program Files/Java/jdk-24/bin:/mnt/c/Program Files/ffmpeg/bin:/mnt/c/ffmpeg-7.1.2e/bin:/mnt/c/Users/THKim/.deno/bin:/snap/bin
SHELL=/bin/bash
DISPLAY=:0
HOSTTYPE=x86_64
LANG=C.UTF-8
TERM=xterm-color

Active Locale:
LC_ALL=LC_CTYPE=C.UTF-8;LC_NUMERIC=C;LC_TIME=C;LC_COLLATE=C;LC_MONETARY=C;LC_MESSAGES=C;LC_PAPER=C.UTF-8;LC_NAME=C.UTF-8;LC_ADDRESS=C.UTF-8;LC_TELEPHONE=C.UTF-8;LC_MEASUREMENT=C.UTF-8;LC_IDENTIFICATION=C.UTF-8
LC_COLLATE=C
LC_CTYPE=C.UTF-8
LC_MESSAGES=C
LC_MONETARY=C
LC_NUMERIC=C
LC_TIME=C

Signal Handlers:
   SIGSEGV: crash_handler in libjvm.so, mask=11100100010111111101111111111110, flags=SA_RESTART|SA_SIGINFO, unblocked
    SIGBUS: crash_handler in libjvm.so, mask=11100100010111111101111111111110, flags=SA_RESTART|SA_SIGINFO, unblocked
    SIGFPE: crash_handler in libjvm.so, mask=11100100010111111101111111111110, flags=SA_RESTART|SA_SIGINFO, unblocked
   SIGPIPE: javaSignalHandler in libjvm.so, mask=11100100010111111101111111111110, flags=SA_RESTART|SA_SIGINFO, blocked
   SIGXFSZ: javaSignalHandler in libjvm.so, mask=11100100010111111101111111111110, flags=SA_RESTART|SA_SIGINFO, blocked
    SIGILL: crash_handler in libjvm.so, mask=11100100010111111101111111111110, flags=SA_RESTART|SA_SIGINFO, unblocked
   SIGUSR2: SR_handler in libjvm.so, mask=00000000000000000000000000000000, flags=SA_RESTART|SA_SIGINFO, blocked
    SIGHUP: UserHandler in libjvm.so, mask=11100100010111111101111111111110, flags=SA_RESTART|SA_SIGINFO, blocked
    SIGINT: SIG_IGN, mask=00000000000000000000000000000000, flags=SA_ONSTACK, blocked
   SIGTERM: UserHandler in libjvm.so, mask=11100100010111111101111111111110, flags=SA_RESTART|SA_SIGINFO, blocked
   SIGQUIT: UserHandler in libjvm.so, mask=11100100010111111101111111111110, flags=SA_RESTART|SA_SIGINFO, blocked
   SIGTRAP: crash_handler in libjvm.so, mask=11100100010111111101111111111110, flags=SA_RESTART|SA_SIGINFO, unblocked


Periodic native trim disabled


---------------  S Y S T E M  ---------------

OS:
DISTRIB_ID=Ubuntu
DISTRIB_RELEASE=24.04
DISTRIB_CODENAME=noble
DISTRIB_DESCRIPTION="Ubuntu 24.04.3 LTS"
uname: Linux 6.18.33.1-microsoft-standard-WSL2 #1 SMP PREEMPT_DYNAMIC Fri Jun  5 01:12:21 UTC 2026 x86_64
OS uptime: 0 days 5:12 hours
libc: glibc 2.39 NPTL 2.39 
rlimit (soft/hard): STACK 8192k/infinity , CORE 0k/infinity , NPROC 128345/128345 , NOFILE 1048576/1048576 , AS infinity/infinity , CPU infinity/infinity , DATA infinity/infinity , FSIZE infinity/infinity , MEMLOCK 65536k/65536k
load average: 2.09 1.90 1.76

/proc/meminfo:
MemTotal:       32867436 kB
MemFree:        21455952 kB
MemAvailable:   28589720 kB
Buffers:          434092 kB
Cached:          6553860 kB
SwapCached:            0 kB
Active:          4385032 kB
Inactive:        5728648 kB
Active(anon):       3052 kB
Inactive(anon):  3210484 kB
Active(file):    4381980 kB
Inactive(file):  2518164 kB
Unevictable:           0 kB
Mlocked:               0 kB
SwapTotal:       8388608 kB
SwapFree:        8388608 kB
Dirty:              3768 kB
Writeback:             0 kB
AnonPages:       3126720 kB
Mapped:           751264 kB
Shmem:             87568 kB
KReclaimable:     613224 kB
Slab:             734388 kB
SReclaimable:     613224 kB
SUnreclaim:       121164 kB
KernelStack:        7532 kB
PageTables:        44528 kB
SecPageTables:         0 kB
NFS_Unstable:          0 kB
Bounce:                0 kB
WritebackTmp:          0 kB
CommitLimit:    24822324 kB
Committed_AS:    6265072 kB
VmallocTotal:   34359738367 kB
VmallocUsed:       40300 kB
VmallocChunk:          0 kB
Percpu:             5616 kB
HardwareCorrupted:     0 kB
AnonHugePages:         0 kB
ShmemHugePages:        0 kB
ShmemPmdMapped:        0 kB
FileHugePages:   1282048 kB
FilePmdMapped:      6144 kB
Unaccepted:            0 kB
Balloon:               0 kB
HugePages_Total:       0
HugePages_Free:        0
HugePages_Rsvd:        0
HugePages_Surp:        0
Hugepagesize:       2048 kB
Hugetlb:               0 kB
DirectMap4k:       60416 kB
DirectMap2M:     6230016 kB
DirectMap1G:    36700160 kB

/sys/kernel/mm/transparent_hugepage/enabled: always [madvise] never
/sys/kernel/mm/transparent_hugepage/hpage_pmd_size: 2097152
/sys/kernel/mm/transparent_hugepage/defrag (defrag/compaction efforts parameter): always defer defer+madvise [madvise] never

Process Memory:
Virtual Size: 66187296K (peak: 66187296K)
Resident Set Size: 1834324K (peak: 1834324K) (anon: 1396036K, file: 354320K, shmem: 83968K)
Swapped out: 0K
C-Heap outstanding allocations: 624969K, retained: 124546K
glibc malloc tunables: (default)

/proc/sys/kernel/threads-max (system-wide limit on the number of threads): 256691
/proc/sys/vm/max_map_count (maximum number of memory map areas a process may have): 1048576
/proc/sys/vm/swappiness (control to define how aggressively the kernel swaps out anonymous memory): 60
/proc/sys/kernel/pid_max (system-wide limit on number of process identifiers): 4194304

container information not found.
Hyper-V virtualization detected
Steal ticks since vm start: 0
Steal ticks percentage since vm start:  0.000

CPU: total 10 (initial active 10) (16 cores per cpu, 1 threads per core) family 6 model 183 stepping 1 microcode 0xffffffff, cx8, cmov, fxsr, mmx, 3dnowpref, sse, sse2, sse3, ssse3, sse4.1, sse4.2, popcnt, lzcnt, tsc, tscinvbit, avx, avx2, aes, erms, clmul, bmi1, bmi2, adx, sha, fma, vzeroupper, clflush, clflushopt, clwb, hv
CPU Model and flags from /proc/cpuinfo:
model name	: 13th Gen Intel(R) Core(TM) i5-13600KF
flags		: fpu vme de pse tsc msr pae mce cx8 apic sep mtrr pge mca cmov pat pse36 clflush mmx fxsr sse sse2 ss ht syscall nx pdpe1gb rdtscp lm constant_tsc rep_good nopl xtopology tsc_reliable nonstop_tsc cpuid tsc_known_freq pni pclmulqdq vmx ssse3 fma cx16 pcid sse4_1 sse4_2 x2apic movbe popcnt tsc_deadline_timer aes xsave avx f16c rdrand hypervisor lahf_lm abm 3dnowprefetch ssbd ibrs ibpb stibp ibrs_enhanced tpr_shadow ept vpid ept_ad fsgsbase tsc_adjust bmi1 avx2 smep bmi2 erms invpcid rdseed adx smap clflushopt clwb sha_ni xsaveopt xsavec xgetbv1 xsaves avx_vnni vnmi umip waitpkg gfni vaes vpclmulqdq rdpid movdiri movdir64b fsrm md_clear serialize ibt flush_l1d arch_capabilities

Online cpus: 0-9
Offline cpus: 
BIOS frequency limitation: <Not Available>
Frequency switch latency (ns): <Not Available>
Available cpu frequencies: <Not Available>
Current governor: <Not Available>
Core performance/turbo boost: <Not Available>

Memory: 4k page, physical 32867436k(21455952k free), swap 8388608k(8388608k free)
Page Sizes: 4k

vm_info: OpenJDK 64-Bit Server VM (17.0.19+10-1-24.04.2-Ubuntu) for linux-amd64 JRE (17.0.19+10-1-24.04.2-Ubuntu), built on Apr 26 2026 12:40:16 by "buildd" with gcc 13.3.0

END.
