#
# A fatal error has been detected by the Java Runtime Environment:
#
#  SIGSEGV (0xb) at pc=0x0000000000529551, pid=306739, tid=1550363
#
# JRE version: OpenJDK Runtime Environment (17.0.19+10) (build 17.0.19+10-1-24.04.2-Ubuntu)
# Java VM: OpenJDK 64-Bit Server VM (17.0.19+10-1-24.04.2-Ubuntu, mixed mode, sharing, tiered, compressed oops, compressed class ptrs, g1 gc, linux-amd64)
# Problematic frame:
# C  [python+0x129551]  PyObject_RichCompare+0x31
#
# Core dump will be written. Default location: Core dumps may be processed with "/wsl-capture-crash %t %E %p %s" (or dumping to /home/thkim0/github/AIFFEL_quest_rs/Exploration/Ex04/core.306739)
#
# If you would like to submit a bug report, please visit:
#   https://bugs.launchpad.net/ubuntu/+source/openjdk-17
# The crash happened outside the Java Virtual Machine in native code.
# See problematic frame for where to report the bug.
#

---------------  S U M M A R Y ------------

Command Line: -Dfile.encoding=UTF8 -ea -Xmx1024m 

Host: 13th Gen Intel(R) Core(TM) i5-13600KF, 13 cores, 23G, Ubuntu 24.04.3 LTS
Time: Fri Jun 12 00:44:46 2026 KST elapsed time: 5460.474061 seconds (0d 1h 31m 0s)

---------------  T H R E A D  ---------------

Current thread (0x000070d3f8000fc0):  JavaThread "SIGTERM handler" daemon [_thread_in_native, id=1550363, stack(0x000070d45dbfd000,0x000070d45dcfd000)]

Stack: [0x000070d45dbfd000,0x000070d45dcfd000],  sp=0x000070d45dcfb6d0,  free space=1017k
Native frames: (J=compiled Java code, j=interpreted, Vv=VM code, C=native code)
C  [python+0x129551]  PyObject_RichCompare+0x31
C  [python+0x1294d5]  PyObject_RichCompareBool+0x15
C  [python+0x1ffb0e]
C  [python+0xdb1e8]  PyErr_SetInterruptEx+0x32
j  org.jpype.JPypeSignal.interruptPy(I)V+0
j  org.jpype.JPypeSignal.lambda$getSignalHandler$0(ILjava/lang/Object;Ljava/lang/reflect/Method;[Ljava/lang/Object;)Ljava/lang/Object;+7
j  org.jpype.JPypeSignal$$Lambda$14+0x000070d410006ac0.invoke(Ljava/lang/Object;Ljava/lang/reflect/Method;[Ljava/lang/Object;)Ljava/lang/Object;+7
j  jdk.proxy2.$Proxy3.handle(Lsun/misc/Signal;)V+16 jdk.proxy2
j  sun.misc.Signal$InternalMiscHandler.handle(Ljdk/internal/misc/Signal;)V+8 jdk.unsupported@17.0.19
j  jdk.internal.misc.Signal$1.run()V+8 java.base@17.0.19
j  java.lang.Thread.run()V+11 java.base@17.0.19
v  ~StubRoutines::call_stub
V  [libjvm.so+0x8383a2]  JavaCalls::call_helper(JavaValue*, methodHandle const&, JavaCallArguments*, JavaThread*)+0x302
V  [libjvm.so+0x839a42]  JavaCalls::call_virtual(JavaValue*, Handle, Klass*, Symbol*, Symbol*, JavaThread*)+0x1a2
V  [libjvm.so+0x907b27]  thread_entry(JavaThread*, JavaThread*)+0xa7
V  [libjvm.so+0xebd387]  JavaThread::thread_main_inner()+0x1b7
V  [libjvm.so+0xec1159]  Thread::call_run()+0xa9
V  [libjvm.so+0xc429db]  thread_native_entry(Thread*)+0xeb
C  [libc.so.6+0x9caa4]

Java frames: (J=compiled Java code, j=interpreted, Vv=VM code)
j  org.jpype.JPypeSignal.interruptPy(I)V+0
j  org.jpype.JPypeSignal.lambda$getSignalHandler$0(ILjava/lang/Object;Ljava/lang/reflect/Method;[Ljava/lang/Object;)Ljava/lang/Object;+7
j  org.jpype.JPypeSignal$$Lambda$14+0x000070d410006ac0.invoke(Ljava/lang/Object;Ljava/lang/reflect/Method;[Ljava/lang/Object;)Ljava/lang/Object;+7
j  jdk.proxy2.$Proxy3.handle(Lsun/misc/Signal;)V+16 jdk.proxy2
j  sun.misc.Signal$InternalMiscHandler.handle(Ljdk/internal/misc/Signal;)V+8 jdk.unsupported@17.0.19
j  jdk.internal.misc.Signal$1.run()V+8 java.base@17.0.19
j  java.lang.Thread.run()V+11 java.base@17.0.19
v  ~StubRoutines::call_stub

siginfo: si_signo: 11 (SIGSEGV), si_code: 1 (SEGV_MAPERR), si_addr: 0x0000000000000020

Registers:
RAX=0x00000000000000f0, RBX=0x000070d4fc3000f0, RCX=0x0000000000000003, RDX=0x0000000000000002
RSP=0x000070d45dcfb6d0, RBP=0x000070d45dcfb700, RSI=0x000070d4fc3000f0, RDI=0x000070d4fc3000d0
R8 =0x0000000000000004, R9 =0x0000000000000000, R10=0x000070d47734458b, R11=0x00000000c0083638
R12=0x000070d4fc3000d0, R13=0x0000000000000000, R14=0x000070d45dcfb7d8, R15=0x000070d3f8000fc0
RIP=0x0000000000529551, EFLAGS=0x0000000000010206, CSGSFS=0x002b000000000033, ERR=0x0000000000000004
  TRAPNO=0x000000000000000e

XMM[0]=0x0000000000000000 0x000070d487c59760
XMM[1]=0x000070d477341ff8 0x000070d300000007
XMM[2]=0x000070d3bcd61b90 0x000070d3bcd61b80
XMM[3]=0x000070d400000000 0x0000000000000000
XMM[4]=0x000070d3bc8c9190 0x000070d3f8000fc0
XMM[5]=0x000070d3bc8c9190 0x000070d3f8000fc0
XMM[6]=0x0000000000000000 0x000070d3f8000fc0
XMM[7]=0xffffffffffffffff 0x000000000000000e
XMM[8]=0x7c8b483824448b4c 0x30244c8b4c282454
XMM[9]=0x2020200020200000 0x0000000000000000
XMM[10]=0x3f3f3f3f3f3f3f3f 0x3f3f3f3f3f3f3f3f
XMM[11]=0x9999999999999999 0x9999999999999999
XMM[12]=0x2020202020202020 0x2020202020202020
XMM[13]=0x550c7dc3243185be 0x12835b01d807aa98
XMM[14]=0xab1c5ed5923f82a4 0x59f111f13956c25b
XMM[15]=0x0000000000000000 0x0000000000000000
  MXCSR=0x00001fa2


Register to memory mapping:

RAX=0x00000000000000f0 is an unknown value
RBX=0x000070d4fc3000f0 points into unknown readable memory: 0x00000000000677b4 | b4 77 06 00 00 00 00 00
RCX=0x0000000000000003 is an unknown value
RDX=0x0000000000000002 is an unknown value
RSP=0x000070d45dcfb6d0 is pointing into the stack for thread: 0x000070d3f8000fc0
RBP=0x000070d45dcfb700 is pointing into the stack for thread: 0x000070d3f8000fc0
RSI=0x000070d4fc3000f0 points into unknown readable memory: 0x00000000000677b4 | b4 77 06 00 00 00 00 00
RDI=0x000070d4fc3000d0 points into unknown readable memory: 0x000000000000471a | 1a 47 00 00 00 00 00 00
R8 =0x0000000000000004 is an unknown value
R9 =0x0 is NULL
R10=0x000070d47734458b is at code_begin+843 in an Interpreter codelet
method entry point (kind = native)  [0x000070d477344240, 0x000070d477344aa0]  2144 bytes
R11=0x00000000c0083638 is an oop: java.lang.Class 
{0x00000000c0083638} - klass: 'java/lang/Class'
 - ---- fields (total size 15 words):
 - private volatile transient 'classRedefinedCount' 'I' @12  0
 - private volatile transient 'cachedConstructor' 'Ljava/lang/reflect/Constructor;' @40  NULL (0)
 - private transient 'name' 'Ljava/lang/String;' @44  "org.jpype.JPypeSignal"{0x00000000c00836b0} (c00836b0)
 - private transient 'module' 'Ljava/lang/Module;' @48  a 'java/lang/Module'{0x00000000ffe56890} (ffe56890)
 - private final 'classLoader' 'Ljava/lang/ClassLoader;' @52  a 'jdk/internal/loader/ClassLoaders$AppClassLoader'{0x00000000ffe56108} (ffe56108)
 - private transient 'classData' 'Ljava/lang/Object;' @56  NULL (0)
 - private transient 'packageName' 'Ljava/lang/String;' @60  "org.jpype"{0x00000000c03a6b48} (c03a6b48)
 - private final 'componentType' 'Ljava/lang/Class;' @64  NULL (0)
 - private volatile transient 'reflectionData' 'Ljava/lang/ref/SoftReference;' @68  NULL (0)
 - private volatile transient 'genericInfo' 'Lsun/reflect/generics/repository/ClassRepository;' @72  NULL (0)
 - private volatile transient 'enumConstants' '[Ljava/lang/Object;' @76  NULL (0)
 - private volatile transient 'enumConstantDirectory' 'Ljava/util/Map;' @80  NULL (0)
 - private volatile transient 'annotationData' 'Ljava/lang/Class$AnnotationData;' @84  NULL (0)
 - private volatile transient 'annotationType' 'Lsun/reflect/annotation/AnnotationType;' @88  NULL (0)
 - transient 'classValueMap' 'Ljava/lang/ClassValue$ClassValueMap;' @92  NULL (0)
 - signature: Lorg/jpype/JPypeSignal;
 - fake entry for mirror: 'org/jpype/JPypeSignal'
 - fake entry for array: NULL
 - fake entry for oop_size: 15
 - fake entry for static_oop_field_count: 1
 - static 'main' 'Ljava/lang/Thread;' @112  a 'java/lang/Thread'{0x00000000c03664f8} (c03664f8)
R12=0x000070d4fc3000d0 points into unknown readable memory: 0x000000000000471a | 1a 47 00 00 00 00 00 00
R13=0x0 is NULL
R14=0x000070d45dcfb7d8 is pointing into the stack for thread: 0x000070d3f8000fc0
R15=0x000070d3f8000fc0 is a thread


Top of Stack: (sp=0x000070d45dcfb6d0)
0x000070d45dcfb6d0:   000070d45dcfb720 000000000000000f
0x000070d45dcfb6e0:   000070d4fc3000d0 000070d45441abd8
0x000070d45dcfb6f0:   000070d45dcfb7d8 000070d3f8000fc0
0x000070d45dcfb700:   000070d45dcfb720 00000000005294d5
0x000070d45dcfb710:   000000000000000f 000070d4fc3000d0
0x000070d45dcfb720:   000070d45dcfb730 00000000005ffb0e
0x000070d45dcfb730:   000070d45dcfb750 00000000004db1e8
0x000070d45dcfb740:   000070d45441abd8 0000000000000000
0x000070d45dcfb750:   000070d45dcfb7b8 000070d4773445ba
0x000070d45dcfb760:   0000000000000000 000070d4773442f6
0x000070d45dcfb770:   000070d45dcfb770 000070d45441abd8
0x000070d45dcfb780:   000070d45dcfb7d8 000070d45441ada0
0x000070d45dcfb790:   0000000000000000 00000000c0083638
0x000070d45dcfb7a0:   000070d45441abd8 0000000000000000
0x000070d45dcfb7b0:   000070d45dcfb7d8 000070d45dcfb828
0x000070d45dcfb7c0:   000070d477340260 00000000c0083638
0x000070d45dcfb7d0:   000070d477341ff8 000000000000000f
0x000070d45dcfb7e0:   000070d45dcfb7e0 000070d45441ad0f
0x000070d45dcfb7f0:   000070d45dcfb850 000070d45441ada0
0x000070d45dcfb800:   0000000000000000 00000000c0083638
0x000070d45dcfb810:   000070d45441ad18 000070d45dcfb7d8
0x000070d45dcfb820:   000070d45dcfb838 000070d45dcfb8a0
0x000070d45dcfb830:   000070d4773403b9 00000000d0880a78
0x000070d45dcfb840:   00000000c0085530 00000000c00856a8
0x000070d45dcfb850:   000000000000000f 000070d45dcfb858
0x000070d45dcfb860:   000070d45441b2c7 000070d45dcfb8c8
0x000070d45dcfb870:   000070d45441b328 0000000000000000
0x000070d45dcfb880:   00000000c0084b60 000070d45441b2d0
0x000070d45dcfb890:   000070d45dcfb838 000070d45dcfb8b0
0x000070d45dcfb8a0:   000070d45dcfb918 000070d47734083f
0x000070d45dcfb8b0:   00000000d0880a78 00000000c0085530
0x000070d45dcfb8c0:   00000000c00856a8 00000000c0085698 

Instructions: (pc=0x0000000000529551)
0x0000000000529451:   dc c0 68 00 4c 89 ef e8 03 ed 12 00 85 c0 0f 85
0x0000000000529461:   29 ff ff ff 48 8b 53 08 49 8b 44 24 08 48 39 c2
0x0000000000529471:   0f 84 a2 fd ff ff 48 8b b2 58 01 00 00 48 85 f6
0x0000000000529481:   0f 84 1c de f0 ff 48 8b 7e 10 31 c9 48 39 cf 0f
0x0000000000529491:   8e 83 fd ff ff 48 39 44 ce 18 0f 84 56 fe ff ff
0x00000000005294a1:   48 83 c1 01 eb e6 48 8b 05 62 62 39 00 48 83 c0
0x00000000005294b1:   01 e9 3b ff ff ff e9 bc dd f0 ff 0f 1f 40 00 f3
0x00000000005294c1:   0f 1e fa 55 48 89 e5 41 54 53 48 39 f7 74 33 e8
0x00000000005294d1:   4b 00 00 00 49 89 c4 48 85 c0 74 39 48 81 78 08
0x00000000005294e1:   40 fe 8c 00 0f 85 11 de f0 ff 31 db 48 3d 40 f7
0x00000000005294f1:   8b 00 0f 94 c3 48 83 28 01 74 1f 89 d8 5b 41 5c
0x0000000000529501:   5d c3 bb 01 00 00 00 83 fa 02 74 ef 83 fa 03 75
0x0000000000529511:   be 31 db eb e6 83 cb ff eb e1 e9 f1 dd f0 ff f3
0x0000000000529521:   0f 1e fa 55 48 89 e5 41 57 41 56 41 55 41 54 53
0x0000000000529531:   48 83 ec 08 4c 8b 2d fc 46 3d 00 48 85 ff 0f 84
0x0000000000529541:   41 de f0 ff 48 89 f3 48 85 f6 0f 84 35 de f0 ff
0x0000000000529551:   41 8b 45 20 4c 63 f2 49 8b 55 10 49 89 fc 83 c0
0x0000000000529561:   01 41 89 45 20 3b 42 40 0f 8f 3d 03 00 00 48 8b
0x0000000000529571:   56 08 48 8b 47 08 48 39 d0 0f 85 a0 02 00 00 48
0x0000000000529581:   8b 88 c8 00 00 00 48 85 c9 0f 84 8b 01 00 00 45
0x0000000000529591:   31 ff 48 81 f9 90 22 53 00 0f 85 40 01 00 00 f6
0x00000000005295a1:   80 ab 00 00 00 01 0f 84 f3 02 00 00 48 8b 53 08
0x00000000005295b1:   f6 82 ab 00 00 00 01 0f 84 e2 02 00 00 49 39 dc
0x00000000005295c1:   0f 84 b9 01 00 00 49 8b 44 24 10 48 89 c2 48 2b
0x00000000005295d1:   53 10 75 2e 48 89 c1 48 f7 d9 48 0f 48 c8 48 85
0x00000000005295e1:   c0 0f 84 98 01 00 00 41 8b 54 8c 14 2b 54 8b 14
0x00000000005295f1:   0f 84 b9 01 00 00 48 85 c0 0f 88 f0 01 00 00 48
0x0000000000529601:   63 d2 41 83 fe 05 0f 87 98 dd f0 ff 45 89 f6 3e
0x0000000000529611:   42 ff 24 f5 d0 fe 6e 00 0f 1f 80 00 00 00 00 48
0x0000000000529621:   85 d2 79 33 48 8b 05 f4 60 39 00 41 83 6d 20 01
0x0000000000529631:   48 83 c0 01 48 89 05 e4 60 39 00 b8 20 f7 8b 00
0x0000000000529641:   48 83 c4 08 5b 41 5c 41 5d 41 5e 41 5f 5d c3 48 


Stack slot to memory mapping:
stack at sp + 0 slots: 0x000070d45dcfb720 is pointing into the stack for thread: 0x000070d3f8000fc0
stack at sp + 1 slots: 0x000000000000000f is an unknown value
stack at sp + 2 slots: 0x000070d4fc3000d0 points into unknown readable memory: 0x000000000000471a | 1a 47 00 00 00 00 00 00
stack at sp + 3 slots: {method} {0x000070d45441abd8} 'interruptPy' '(I)V' in 'org/jpype/JPypeSignal'
stack at sp + 4 slots: 0x000070d45dcfb7d8 is pointing into the stack for thread: 0x000070d3f8000fc0
stack at sp + 5 slots: 0x000070d3f8000fc0 is a thread
stack at sp + 6 slots: 0x000070d45dcfb720 is pointing into the stack for thread: 0x000070d3f8000fc0
stack at sp + 7 slots: 0x00000000005294d5: PyObject_RichCompareBool+0x0000000000000015 in /home/thkim0/venv/v1/bin/python at 0x0000000000400000


---------------  P R O C E S S  ---------------

Threads class SMR info:
_java_thread_list=0x000070d3f80019c0, length=13, elements={
0x00000000034ad010, 0x0000000004d46c00, 0x0000000004d48150, 0x0000000004d4ea10,
0x0000000004d4ff30, 0x0000000004d514b0, 0x0000000004d52bf0, 0x0000000004d54290,
0x0000000004d5d860, 0x0000000004d646f0, 0x0000000004d67dd0, 0x0000000004e98150,
0x000070d3f8000fc0
}

Java Threads: ( => current thread )
  0x00000000034ad010 JavaThread "main" [_thread_in_native, id=306739, stack(0x00007ffe86684000,0x00007ffe86784000)]
  0x0000000004d46c00 JavaThread "Reference Handler" daemon [_thread_blocked, id=307924, stack(0x000070d46cedb000,0x000070d46cfdb000)]
  0x0000000004d48150 JavaThread "Finalizer" daemon [_thread_blocked, id=307925, stack(0x000070d46cddb000,0x000070d46cedb000)]
  0x0000000004d4ea10 JavaThread "Signal Dispatcher" daemon [_thread_blocked, id=307926, stack(0x000070d46ccdb000,0x000070d46cddb000)]
  0x0000000004d4ff30 JavaThread "Service Thread" daemon [_thread_blocked, id=307927, stack(0x000070d46cbdb000,0x000070d46ccdb000)]
  0x0000000004d514b0 JavaThread "Monitor Deflation Thread" daemon [_thread_blocked, id=307928, stack(0x000070d46cadb000,0x000070d46cbdb000)]
  0x0000000004d52bf0 JavaThread "C2 CompilerThread0" daemon [_thread_blocked, id=307929, stack(0x000070d46c9db000,0x000070d46cadb000)]
  0x0000000004d54290 JavaThread "C1 CompilerThread0" daemon [_thread_blocked, id=307930, stack(0x000070d46c8db000,0x000070d46c9db000)]
  0x0000000004d5d860 JavaThread "Sweeper thread" daemon [_thread_blocked, id=307931, stack(0x000070d46c7db000,0x000070d46c8db000)]
  0x0000000004d646f0 JavaThread "Notification Thread" daemon [_thread_blocked, id=307933, stack(0x000070d46c6db000,0x000070d46c7db000)]
  0x0000000004d67dd0 JavaThread "Common-Cleaner" daemon [_thread_blocked, id=307935, stack(0x000070d46c4da000,0x000070d46c5da000)]
  0x0000000004e98150 JavaThread "Python Reference Queue" daemon [_thread_blocked, id=307946, stack(0x000070d46c3da000,0x000070d46c4da000)]
=>0x000070d3f8000fc0 JavaThread "SIGTERM handler" daemon [_thread_in_native, id=1550363, stack(0x000070d45dbfd000,0x000070d45dcfd000)]

Other Threads:
  0x00000000026a6fc0 VMThread "VM Thread" [stack: 0x000070d46cfdc000,0x000070d46d0dc000] [id=307922]
  0x0000000004d661a0 WatcherThread [stack: 0x000070d46c5db000,0x000070d46c6db000] [id=307934]
  0x0000000003480da0 GCTaskThread "GC Thread#0" [stack: 0x000070d46d5b2000,0x000070d46d6b2000] [id=307908]
  0x000070d408001120 GCTaskThread "GC Thread#1" [stack: 0x000070d46c2da000,0x000070d46c3da000] [id=307957]
  0x000070d408001ce0 GCTaskThread "GC Thread#2" [stack: 0x000070d46c1d9000,0x000070d46c2d9000] [id=307958]
  0x000070d408002c90 GCTaskThread "GC Thread#3" [stack: 0x000070d46c0d8000,0x000070d46c1d8000] [id=307959]
  0x000070d408003c40 GCTaskThread "GC Thread#4" [stack: 0x000070d45df00000,0x000070d45e000000] [id=307961]
  0x000070d408004bf0 GCTaskThread "GC Thread#5" [stack: 0x000070d45ddff000,0x000070d45deff000] [id=307962]
  0x000070d408005ba0 GCTaskThread "GC Thread#6" [stack: 0x000070d45dcfe000,0x000070d45ddfe000] [id=307963]
  0x000070d408318790 GCTaskThread "GC Thread#7" [stack: 0x000070d45d4f8000,0x000070d45d5f8000] [id=308321]
  0x000070d408337b80 GCTaskThread "GC Thread#8" [stack: 0x000070d45d3f7000,0x000070d45d4f7000] [id=308322]
  0x0000000003fe7f00 ConcurrentGCThread "G1 Main Marker" [stack: 0x000070d46d4b1000,0x000070d46d5b1000] [id=307909]
  0x0000000003fe8480 ConcurrentGCThread "G1 Conc#0" [stack: 0x000070d46d3b0000,0x000070d46d4b0000] [id=307910]
  0x000070d460000ea0 ConcurrentGCThread "G1 Conc#1" [stack: 0x000070d45d9fd000,0x000070d45dafd000] [id=308037]
  0x000070d460001a60 ConcurrentGCThread "G1 Conc#2" [stack: 0x000070d45d8fc000,0x000070d45d9fc000] [id=308038]
  0x0000000003488ac0 ConcurrentGCThread "G1 Refine#0" [stack: 0x000070d46d2af000,0x000070d46d3af000] [id=307912]
  0x000070d458001070 ConcurrentGCThread "G1 Refine#1" [stack: 0x000070d45d7fb000,0x000070d45d8fb000] [id=308039]
  0x000070d3a8000ff0 ConcurrentGCThread "G1 Refine#2" [stack: 0x000070d45d6fa000,0x000070d45d7fa000] [id=308106]
  0x000070d3ac002f90 ConcurrentGCThread "G1 Refine#3" [stack: 0x000070d45d5f9000,0x000070d45d6f9000] [id=308156]
  0x00000000030bd080 ConcurrentGCThread "G1 Service" [stack: 0x000070d46d1ae000,0x000070d46d2ae000] [id=307913]

Threads with active compile tasks:

VM state: not at safepoint (normal execution)

VM Mutex/Monitor currently owned by a thread: None

Heap address: 0x00000000c0000000, size: 1024 MB, Compressed Oops mode: 32-bit

CDS archive(s) mapped at: [0x000070d40f000000-0x000070d40fbc7000-0x000070d40fbc7000), size 12349440, SharedBaseAddress: 0x000070d40f000000, ArchiveRelocationMode: 1.
Compressed class space mapped at: 0x000070d410000000-0x000070d450000000, reserved size: 1073741824
Narrow klass base: 0x000070d40f000000, Narrow klass shift: 0, Narrow klass range: 0x100000000

GC Precious Log:
 CPUs: 13 total, 13 available
 Memory: 23936M
 Large Page Support: Disabled
 NUMA Support: Disabled
 Compressed Oops: Enabled (32-bit)
 Heap Region Size: 1M
 Heap Min Capacity: 8M
 Heap Initial Capacity: 376M
 Heap Max Capacity: 1G
 Pre-touch: Disabled
 Parallel Workers: 11
 Concurrent Workers: 3
 Concurrent Refinement Workers: 11
 Periodic GC: Disabled

Heap:
 garbage-first heap   total 273408K, used 79500K [0x00000000c0000000, 0x0000000100000000)
  region size 1024K, 1 young (1024K), 0 survivors (0K)
 Metaspace       used 10554K, committed 10816K, reserved 1114112K
  class space    used 1539K, committed 1664K, reserved 1048576K

Heap Regions: E=young(eden), S=young(survivor), O=old, HS=humongous(starts), HC=humongous(continues), CS=collection set, F=free, OA=open archive, CA=closed archive, TAMS=top-at-mark-start (previous, next)
|   0|0x00000000c0000000, 0x00000000c00fffd8, 0x00000000c0100000| 99%| O|  |TAMS 0x00000000c00fffd8, 0x00000000c0000000| Untracked 
|   1|0x00000000c0100000, 0x00000000c0200000, 0x00000000c0200000|100%| O|  |TAMS 0x00000000c0200000, 0x00000000c0100000| Untracked 
|   2|0x00000000c0200000, 0x00000000c02fffe8, 0x00000000c0300000| 99%| O|  |TAMS 0x00000000c02fffe8, 0x00000000c0200000| Untracked 
|   3|0x00000000c0300000, 0x00000000c03fb230, 0x00000000c0400000| 98%| O|  |TAMS 0x00000000c03fb230, 0x00000000c0300000| Untracked 
|   4|0x00000000c0400000, 0x00000000c04fffd0, 0x00000000c0500000| 99%| O|  |TAMS 0x00000000c04fffd0, 0x00000000c0400000| Untracked 
|   5|0x00000000c0500000, 0x00000000c05ffff0, 0x00000000c0600000| 99%| O|  |TAMS 0x00000000c05ffff0, 0x00000000c0500000| Untracked 
|   6|0x00000000c0600000, 0x00000000c06ffff8, 0x00000000c0700000| 99%| O|  |TAMS 0x00000000c06ffff8, 0x00000000c0600000| Untracked 
|   7|0x00000000c0700000, 0x00000000c0800000, 0x00000000c0800000|100%| O|  |TAMS 0x00000000c0800000, 0x00000000c0700000| Untracked 
|   8|0x00000000c0800000, 0x00000000c0900000, 0x00000000c0900000|100%|HS|  |TAMS 0x00000000c0900000, 0x00000000c0800000| Untracked 
|   9|0x00000000c0900000, 0x00000000c0a00000, 0x00000000c0a00000|100%|HC|  |TAMS 0x00000000c0a00000, 0x00000000c0900000| Untracked 
|  10|0x00000000c0a00000, 0x00000000c0b00000, 0x00000000c0b00000|100%| O|  |TAMS 0x00000000c0b00000, 0x00000000c0a00000| Untracked 
|  11|0x00000000c0b00000, 0x00000000c0c00000, 0x00000000c0c00000|100%|HS|  |TAMS 0x00000000c0c00000, 0x00000000c0b00000| Untracked 
|  12|0x00000000c0c00000, 0x00000000c0d00000, 0x00000000c0d00000|100%|HC|  |TAMS 0x00000000c0d00000, 0x00000000c0c00000| Untracked 
|  13|0x00000000c0d00000, 0x00000000c0e00000, 0x00000000c0e00000|100%| O|  |TAMS 0x00000000c0e00000, 0x00000000c0d00000| Untracked 
|  14|0x00000000c0e00000, 0x00000000c0effff8, 0x00000000c0f00000| 99%| O|  |TAMS 0x00000000c0effff8, 0x00000000c0e00000| Untracked 
|  15|0x00000000c0f00000, 0x00000000c1000000, 0x00000000c1000000|100%| O|  |TAMS 0x00000000c1000000, 0x00000000c0f00000| Untracked 
|  16|0x00000000c1000000, 0x00000000c1100000, 0x00000000c1100000|100%| O|  |TAMS 0x00000000c1100000, 0x00000000c1000000| Untracked 
|  17|0x00000000c1100000, 0x00000000c11ffff8, 0x00000000c1200000| 99%| O|  |TAMS 0x00000000c11ffff8, 0x00000000c1100000| Untracked 
|  18|0x00000000c1200000, 0x00000000c12ffff8, 0x00000000c1300000| 99%| O|  |TAMS 0x00000000c12ffff8, 0x00000000c1200000| Untracked 
|  19|0x00000000c1300000, 0x00000000c13ffff0, 0x00000000c1400000| 99%| O|  |TAMS 0x00000000c13ffff0, 0x00000000c1300000| Untracked 
|  20|0x00000000c1400000, 0x00000000c1500000, 0x00000000c1500000|100%| O|  |TAMS 0x00000000c1500000, 0x00000000c1400000| Untracked 
|  21|0x00000000c1500000, 0x00000000c1600000, 0x00000000c1600000|100%| O|  |TAMS 0x00000000c1600000, 0x00000000c1500000| Untracked 
|  22|0x00000000c1600000, 0x00000000c1700000, 0x00000000c1700000|100%|HS|  |TAMS 0x00000000c1700000, 0x00000000c1600000| Untracked 
|  23|0x00000000c1700000, 0x00000000c1800000, 0x00000000c1800000|100%|HS|  |TAMS 0x00000000c1800000, 0x00000000c1700000| Untracked 
|  24|0x00000000c1800000, 0x00000000c1900000, 0x00000000c1900000|100%| O|  |TAMS 0x00000000c1900000, 0x00000000c1800000| Untracked 
|  25|0x00000000c1900000, 0x00000000c19ffff0, 0x00000000c1a00000| 99%| O|  |TAMS 0x00000000c19ffff0, 0x00000000c1900000| Untracked 
|  26|0x00000000c1a00000, 0x00000000c1afffe8, 0x00000000c1b00000| 99%| O|  |TAMS 0x00000000c1afffe8, 0x00000000c1a00000| Untracked 
|  27|0x00000000c1b00000, 0x00000000c1bffff0, 0x00000000c1c00000| 99%| O|  |TAMS 0x00000000c1bffff0, 0x00000000c1b00000| Untracked 
|  28|0x00000000c1c00000, 0x00000000c1cffff8, 0x00000000c1d00000| 99%| O|  |TAMS 0x00000000c1cffff8, 0x00000000c1c00000| Untracked 
|  29|0x00000000c1d00000, 0x00000000c1e00000, 0x00000000c1e00000|100%| O|  |TAMS 0x00000000c1e00000, 0x00000000c1d00000| Untracked 
|  30|0x00000000c1e00000, 0x00000000c1f00000, 0x00000000c1f00000|100%|HS|  |TAMS 0x00000000c1f00000, 0x00000000c1e00000| Untracked 
|  31|0x00000000c1f00000, 0x00000000c2000000, 0x00000000c2000000|100%|HC|  |TAMS 0x00000000c2000000, 0x00000000c1f00000| Untracked 
|  32|0x00000000c2000000, 0x00000000c2100000, 0x00000000c2100000|100%|HS|  |TAMS 0x00000000c2100000, 0x00000000c2000000| Untracked 
|  33|0x00000000c2100000, 0x00000000c2200000, 0x00000000c2200000|100%|HC|  |TAMS 0x00000000c2200000, 0x00000000c2100000| Untracked 
|  34|0x00000000c2200000, 0x00000000c2300000, 0x00000000c2300000|100%| O|  |TAMS 0x00000000c2300000, 0x00000000c2200000| Untracked 
|  35|0x00000000c2300000, 0x00000000c23ffff0, 0x00000000c2400000| 99%| O|  |TAMS 0x00000000c23ffff0, 0x00000000c2300000| Untracked 
|  36|0x00000000c2400000, 0x00000000c2500000, 0x00000000c2500000|100%|HS|  |TAMS 0x00000000c2500000, 0x00000000c2400000| Untracked 
|  37|0x00000000c2500000, 0x00000000c2600000, 0x00000000c2600000|100%|HC|  |TAMS 0x00000000c2600000, 0x00000000c2500000| Untracked 
|  38|0x00000000c2600000, 0x00000000c2700000, 0x00000000c2700000|100%|HS|  |TAMS 0x00000000c2700000, 0x00000000c2600000| Untracked 
|  39|0x00000000c2700000, 0x00000000c2800000, 0x00000000c2800000|100%|HC|  |TAMS 0x00000000c2800000, 0x00000000c2700000| Untracked 
|  40|0x00000000c2800000, 0x00000000c2900000, 0x00000000c2900000|100%|HS|  |TAMS 0x00000000c2900000, 0x00000000c2800000| Untracked 
|  41|0x00000000c2900000, 0x00000000c2a00000, 0x00000000c2a00000|100%| O|  |TAMS 0x00000000c2a00000, 0x00000000c2900000| Untracked 
|  42|0x00000000c2a00000, 0x00000000c2b00000, 0x00000000c2b00000|100%| O|  |TAMS 0x00000000c2b00000, 0x00000000c2a00000| Untracked 
|  43|0x00000000c2b00000, 0x00000000c2c00000, 0x00000000c2c00000|100%| O|  |TAMS 0x00000000c2c00000, 0x00000000c2b00000| Untracked 
|  44|0x00000000c2c00000, 0x00000000c2cffff0, 0x00000000c2d00000| 99%| O|  |TAMS 0x00000000c2cffff0, 0x00000000c2c00000| Untracked 
|  45|0x00000000c2d00000, 0x00000000c2e00000, 0x00000000c2e00000|100%| O|  |TAMS 0x00000000c2e00000, 0x00000000c2d00000| Untracked 
|  46|0x00000000c2e00000, 0x00000000c2effff8, 0x00000000c2f00000| 99%| O|  |TAMS 0x00000000c2effff8, 0x00000000c2e00000| Untracked 
|  47|0x00000000c2f00000, 0x00000000c3000000, 0x00000000c3000000|100%| O|  |TAMS 0x00000000c3000000, 0x00000000c2f00000| Untracked 
|  48|0x00000000c3000000, 0x00000000c30ffff0, 0x00000000c3100000| 99%| O|  |TAMS 0x00000000c30ffff0, 0x00000000c3000000| Untracked 
|  49|0x00000000c3100000, 0x00000000c31ffff0, 0x00000000c3200000| 99%| O|  |TAMS 0x00000000c31ffff0, 0x00000000c3100000| Untracked 
|  50|0x00000000c3200000, 0x00000000c32ffff0, 0x00000000c3300000| 99%| O|  |TAMS 0x00000000c32ffff0, 0x00000000c3200000| Untracked 
|  51|0x00000000c3300000, 0x00000000c3400000, 0x00000000c3400000|100%| O|  |TAMS 0x00000000c3400000, 0x00000000c3300000| Untracked 
|  52|0x00000000c3400000, 0x00000000c34ffff8, 0x00000000c3500000| 99%| O|  |TAMS 0x00000000c34ffff8, 0x00000000c3400000| Untracked 
|  53|0x00000000c3500000, 0x00000000c35fffe8, 0x00000000c3600000| 99%| O|  |TAMS 0x00000000c35fffe8, 0x00000000c3500000| Untracked 
|  54|0x00000000c3600000, 0x00000000c36ffff0, 0x00000000c3700000| 99%| O|  |TAMS 0x00000000c36ffff0, 0x00000000c3600000| Untracked 
|  55|0x00000000c3700000, 0x00000000c37ffff0, 0x00000000c3800000| 99%| O|  |TAMS 0x00000000c37ffff0, 0x00000000c3700000| Untracked 
|  56|0x00000000c3800000, 0x00000000c3900000, 0x00000000c3900000|100%| O|  |TAMS 0x00000000c3900000, 0x00000000c3800000| Untracked 
|  57|0x00000000c3900000, 0x00000000c395ed88, 0x00000000c3a00000| 37%| O|  |TAMS 0x00000000c3900000, 0x00000000c3900000| Untracked 
|  58|0x00000000c3a00000, 0x00000000c3aa2fa8, 0x00000000c3b00000| 63%| O|  |TAMS 0x00000000c3a00000, 0x00000000c3a00000| Untracked 
|  59|0x00000000c3b00000, 0x00000000c3be6c30, 0x00000000c3c00000| 90%| O|  |TAMS 0x00000000c3b00000, 0x00000000c3b00000| Untracked 
|  60|0x00000000c3c00000, 0x00000000c3cffff8, 0x00000000c3d00000| 99%| O|  |TAMS 0x00000000c3cffff8, 0x00000000c3c00000| Untracked 
|  61|0x00000000c3d00000, 0x00000000c3e00000, 0x00000000c3e00000|100%| O|  |TAMS 0x00000000c3e00000, 0x00000000c3d00000| Untracked 
|  62|0x00000000c3e00000, 0x00000000c3ef73c0, 0x00000000c3f00000| 96%| O|  |TAMS 0x00000000c3ef73c0, 0x00000000c3e00000| Untracked 
|  63|0x00000000c3f00000, 0x00000000c3fe4a58, 0x00000000c4000000| 89%| O|  |TAMS 0x00000000c3f00000, 0x00000000c3f00000| Untracked 
|  64|0x00000000c4000000, 0x00000000c40f7ce0, 0x00000000c4100000| 96%| O|  |TAMS 0x00000000c40f7ce0, 0x00000000c4000000| Untracked 
|  65|0x00000000c4100000, 0x00000000c41fec78, 0x00000000c4200000| 99%| O|  |TAMS 0x00000000c4100000, 0x00000000c4100000| Untracked 
|  66|0x00000000c4200000, 0x00000000c4200000, 0x00000000c4300000|  0%| F|  |TAMS 0x00000000c4200000, 0x00000000c4200000| Untracked 
|  67|0x00000000c4300000, 0x00000000c4300000, 0x00000000c4400000|  0%| F|  |TAMS 0x00000000c4300000, 0x00000000c4300000| Untracked 
|  68|0x00000000c4400000, 0x00000000c4400000, 0x00000000c4500000|  0%| F|  |TAMS 0x00000000c4400000, 0x00000000c4400000| Untracked 
|  69|0x00000000c4500000, 0x00000000c4500000, 0x00000000c4600000|  0%| F|  |TAMS 0x00000000c4500000, 0x00000000c4500000| Untracked 
|  70|0x00000000c4600000, 0x00000000c4600000, 0x00000000c4700000|  0%| F|  |TAMS 0x00000000c4600000, 0x00000000c4600000| Untracked 
|  71|0x00000000c4700000, 0x00000000c4700000, 0x00000000c4800000|  0%| F|  |TAMS 0x00000000c4700000, 0x00000000c4700000| Untracked 
|  72|0x00000000c4800000, 0x00000000c4800000, 0x00000000c4900000|  0%| F|  |TAMS 0x00000000c4800000, 0x00000000c4800000| Untracked 
|  73|0x00000000c4900000, 0x00000000c4900000, 0x00000000c4a00000|  0%| F|  |TAMS 0x00000000c4900000, 0x00000000c4900000| Untracked 
|  74|0x00000000c4a00000, 0x00000000c4a00000, 0x00000000c4b00000|  0%| F|  |TAMS 0x00000000c4a00000, 0x00000000c4a00000| Untracked 
|  75|0x00000000c4b00000, 0x00000000c4b00000, 0x00000000c4c00000|  0%| F|  |TAMS 0x00000000c4b00000, 0x00000000c4b00000| Untracked 
|  76|0x00000000c4c00000, 0x00000000c4c00000, 0x00000000c4d00000|  0%| F|  |TAMS 0x00000000c4c00000, 0x00000000c4c00000| Untracked 
|  77|0x00000000c4d00000, 0x00000000c4d00000, 0x00000000c4e00000|  0%| F|  |TAMS 0x00000000c4d00000, 0x00000000c4d00000| Untracked 
|  78|0x00000000c4e00000, 0x00000000c4e00000, 0x00000000c4f00000|  0%| F|  |TAMS 0x00000000c4e00000, 0x00000000c4e00000| Untracked 
|  79|0x00000000c4f00000, 0x00000000c4f00000, 0x00000000c5000000|  0%| F|  |TAMS 0x00000000c4f00000, 0x00000000c4f00000| Untracked 
|  80|0x00000000c5000000, 0x00000000c5100000, 0x00000000c5100000|100%| O|  |TAMS 0x00000000c5100000, 0x00000000c5000000| Untracked 
|  81|0x00000000c5100000, 0x00000000c5200000, 0x00000000c5200000|100%| O|  |TAMS 0x00000000c5200000, 0x00000000c5100000| Untracked 
|  82|0x00000000c5200000, 0x00000000c5300000, 0x00000000c5300000|100%| O|  |TAMS 0x00000000c5300000, 0x00000000c5200000| Untracked 
|  83|0x00000000c5300000, 0x00000000c5400000, 0x00000000c5400000|100%| O|  |TAMS 0x00000000c5400000, 0x00000000c5300000| Untracked 
|  84|0x00000000c5400000, 0x00000000c5500000, 0x00000000c5500000|100%| O|  |TAMS 0x00000000c5500000, 0x00000000c5400000| Untracked 
|  85|0x00000000c5500000, 0x00000000c5600000, 0x00000000c5600000|100%| O|  |TAMS 0x00000000c5600000, 0x00000000c5500000| Untracked 
|  86|0x00000000c5600000, 0x00000000c5700000, 0x00000000c5700000|100%| O|  |TAMS 0x00000000c5700000, 0x00000000c5600000| Untracked 
|  87|0x00000000c5700000, 0x00000000c5800000, 0x00000000c5800000|100%| O|  |TAMS 0x00000000c5800000, 0x00000000c5700000| Untracked 
|  88|0x00000000c5800000, 0x00000000c5900000, 0x00000000c5900000|100%| O|  |TAMS 0x00000000c5900000, 0x00000000c5800000| Untracked 
|  89|0x00000000c5900000, 0x00000000c5a00000, 0x00000000c5a00000|100%| O|  |TAMS 0x00000000c5a00000, 0x00000000c5900000| Untracked 
|  90|0x00000000c5a00000, 0x00000000c5b00000, 0x00000000c5b00000|100%| O|  |TAMS 0x00000000c5b00000, 0x00000000c5a00000| Untracked 
|  91|0x00000000c5b00000, 0x00000000c5c00000, 0x00000000c5c00000|100%| O|  |TAMS 0x00000000c5c00000, 0x00000000c5b00000| Untracked 
|  92|0x00000000c5c00000, 0x00000000c5c00000, 0x00000000c5d00000|  0%| F|  |TAMS 0x00000000c5c00000, 0x00000000c5c00000| Untracked 
|  93|0x00000000c5d00000, 0x00000000c5d00000, 0x00000000c5e00000|  0%| F|  |TAMS 0x00000000c5d00000, 0x00000000c5d00000| Untracked 
|  94|0x00000000c5e00000, 0x00000000c5e00000, 0x00000000c5f00000|  0%| F|  |TAMS 0x00000000c5e00000, 0x00000000c5e00000| Untracked 
|  95|0x00000000c5f00000, 0x00000000c5f00000, 0x00000000c6000000|  0%| F|  |TAMS 0x00000000c5f00000, 0x00000000c5f00000| Untracked 
|  96|0x00000000c6000000, 0x00000000c6000000, 0x00000000c6100000|  0%| F|  |TAMS 0x00000000c6000000, 0x00000000c6000000| Untracked 
|  97|0x00000000c6100000, 0x00000000c6100000, 0x00000000c6200000|  0%| F|  |TAMS 0x00000000c6100000, 0x00000000c6100000| Untracked 
|  98|0x00000000c6200000, 0x00000000c6200000, 0x00000000c6300000|  0%| F|  |TAMS 0x00000000c6200000, 0x00000000c6200000| Untracked 
|  99|0x00000000c6300000, 0x00000000c6300000, 0x00000000c6400000|  0%| F|  |TAMS 0x00000000c6300000, 0x00000000c6300000| Untracked 
| 100|0x00000000c6400000, 0x00000000c6400000, 0x00000000c6500000|  0%| F|  |TAMS 0x00000000c6400000, 0x00000000c6400000| Untracked 
| 101|0x00000000c6500000, 0x00000000c6500000, 0x00000000c6600000|  0%| F|  |TAMS 0x00000000c6500000, 0x00000000c6500000| Untracked 
| 102|0x00000000c6600000, 0x00000000c6600000, 0x00000000c6700000|  0%| F|  |TAMS 0x00000000c6600000, 0x00000000c6600000| Untracked 
| 103|0x00000000c6700000, 0x00000000c6700000, 0x00000000c6800000|  0%| F|  |TAMS 0x00000000c6700000, 0x00000000c6700000| Untracked 
| 104|0x00000000c6800000, 0x00000000c6800000, 0x00000000c6900000|  0%| F|  |TAMS 0x00000000c6800000, 0x00000000c6800000| Untracked 
| 105|0x00000000c6900000, 0x00000000c6900000, 0x00000000c6a00000|  0%| F|  |TAMS 0x00000000c6900000, 0x00000000c6900000| Untracked 
| 106|0x00000000c6a00000, 0x00000000c6a00000, 0x00000000c6b00000|  0%| F|  |TAMS 0x00000000c6a00000, 0x00000000c6a00000| Untracked 
| 107|0x00000000c6b00000, 0x00000000c6b00000, 0x00000000c6c00000|  0%| F|  |TAMS 0x00000000c6b00000, 0x00000000c6b00000| Untracked 
| 108|0x00000000c6c00000, 0x00000000c6c00000, 0x00000000c6d00000|  0%| F|  |TAMS 0x00000000c6c00000, 0x00000000c6c00000| Untracked 
| 109|0x00000000c6d00000, 0x00000000c6d00000, 0x00000000c6e00000|  0%| F|  |TAMS 0x00000000c6d00000, 0x00000000c6d00000| Untracked 
| 110|0x00000000c6e00000, 0x00000000c6e00000, 0x00000000c6f00000|  0%| F|  |TAMS 0x00000000c6e00000, 0x00000000c6e00000| Untracked 
| 111|0x00000000c6f00000, 0x00000000c6f00000, 0x00000000c7000000|  0%| F|  |TAMS 0x00000000c6f00000, 0x00000000c6f00000| Untracked 
| 112|0x00000000c7000000, 0x00000000c7000000, 0x00000000c7100000|  0%| F|  |TAMS 0x00000000c7000000, 0x00000000c7000000| Untracked 
| 113|0x00000000c7100000, 0x00000000c7100000, 0x00000000c7200000|  0%| F|  |TAMS 0x00000000c7100000, 0x00000000c7100000| Untracked 
| 114|0x00000000c7200000, 0x00000000c7200000, 0x00000000c7300000|  0%| F|  |TAMS 0x00000000c7200000, 0x00000000c7200000| Untracked 
| 115|0x00000000c7300000, 0x00000000c7300000, 0x00000000c7400000|  0%| F|  |TAMS 0x00000000c7300000, 0x00000000c7300000| Untracked 
| 116|0x00000000c7400000, 0x00000000c7400000, 0x00000000c7500000|  0%| F|  |TAMS 0x00000000c7400000, 0x00000000c7400000| Untracked 
| 117|0x00000000c7500000, 0x00000000c7500000, 0x00000000c7600000|  0%| F|  |TAMS 0x00000000c7500000, 0x00000000c7500000| Untracked 
| 118|0x00000000c7600000, 0x00000000c7600000, 0x00000000c7700000|  0%| F|  |TAMS 0x00000000c7600000, 0x00000000c7600000| Untracked 
| 119|0x00000000c7700000, 0x00000000c7700000, 0x00000000c7800000|  0%| F|  |TAMS 0x00000000c7700000, 0x00000000c7700000| Untracked 
| 120|0x00000000c7800000, 0x00000000c7800000, 0x00000000c7900000|  0%| F|  |TAMS 0x00000000c7800000, 0x00000000c7800000| Untracked 
| 121|0x00000000c7900000, 0x00000000c7900000, 0x00000000c7a00000|  0%| F|  |TAMS 0x00000000c7900000, 0x00000000c7900000| Untracked 
| 122|0x00000000c7a00000, 0x00000000c7a00000, 0x00000000c7b00000|  0%| F|  |TAMS 0x00000000c7a00000, 0x00000000c7a00000| Untracked 
| 123|0x00000000c7b00000, 0x00000000c7b00000, 0x00000000c7c00000|  0%| F|  |TAMS 0x00000000c7b00000, 0x00000000c7b00000| Untracked 
| 124|0x00000000c7c00000, 0x00000000c7c00000, 0x00000000c7d00000|  0%| F|  |TAMS 0x00000000c7c00000, 0x00000000c7c00000| Untracked 
| 125|0x00000000c7d00000, 0x00000000c7d00000, 0x00000000c7e00000|  0%| F|  |TAMS 0x00000000c7d00000, 0x00000000c7d00000| Untracked 
| 126|0x00000000c7e00000, 0x00000000c7e00000, 0x00000000c7f00000|  0%| F|  |TAMS 0x00000000c7e00000, 0x00000000c7e00000| Untracked 
| 127|0x00000000c7f00000, 0x00000000c7f00000, 0x00000000c8000000|  0%| F|  |TAMS 0x00000000c7f00000, 0x00000000c7f00000| Untracked 
| 128|0x00000000c8000000, 0x00000000c8000000, 0x00000000c8100000|  0%| F|  |TAMS 0x00000000c8000000, 0x00000000c8000000| Untracked 
| 129|0x00000000c8100000, 0x00000000c8100000, 0x00000000c8200000|  0%| F|  |TAMS 0x00000000c8100000, 0x00000000c8100000| Untracked 
| 130|0x00000000c8200000, 0x00000000c8200000, 0x00000000c8300000|  0%| F|  |TAMS 0x00000000c8200000, 0x00000000c8200000| Untracked 
| 131|0x00000000c8300000, 0x00000000c8300000, 0x00000000c8400000|  0%| F|  |TAMS 0x00000000c8300000, 0x00000000c8300000| Untracked 
| 132|0x00000000c8400000, 0x00000000c8400000, 0x00000000c8500000|  0%| F|  |TAMS 0x00000000c8400000, 0x00000000c8400000| Untracked 
| 133|0x00000000c8500000, 0x00000000c8500000, 0x00000000c8600000|  0%| F|  |TAMS 0x00000000c8500000, 0x00000000c8500000| Untracked 
| 134|0x00000000c8600000, 0x00000000c8600000, 0x00000000c8700000|  0%| F|  |TAMS 0x00000000c8600000, 0x00000000c8600000| Untracked 
| 135|0x00000000c8700000, 0x00000000c8700000, 0x00000000c8800000|  0%| F|  |TAMS 0x00000000c8700000, 0x00000000c8700000| Untracked 
| 136|0x00000000c8800000, 0x00000000c8800000, 0x00000000c8900000|  0%| F|  |TAMS 0x00000000c8800000, 0x00000000c8800000| Untracked 
| 137|0x00000000c8900000, 0x00000000c8900000, 0x00000000c8a00000|  0%| F|  |TAMS 0x00000000c8900000, 0x00000000c8900000| Untracked 
| 138|0x00000000c8a00000, 0x00000000c8a00000, 0x00000000c8b00000|  0%| F|  |TAMS 0x00000000c8a00000, 0x00000000c8a00000| Untracked 
| 139|0x00000000c8b00000, 0x00000000c8b00000, 0x00000000c8c00000|  0%| F|  |TAMS 0x00000000c8b00000, 0x00000000c8b00000| Untracked 
| 140|0x00000000c8c00000, 0x00000000c8c00000, 0x00000000c8d00000|  0%| F|  |TAMS 0x00000000c8c00000, 0x00000000c8c00000| Untracked 
| 141|0x00000000c8d00000, 0x00000000c8d00000, 0x00000000c8e00000|  0%| F|  |TAMS 0x00000000c8d00000, 0x00000000c8d00000| Untracked 
| 142|0x00000000c8e00000, 0x00000000c8e00000, 0x00000000c8f00000|  0%| F|  |TAMS 0x00000000c8e00000, 0x00000000c8e00000| Untracked 
| 143|0x00000000c8f00000, 0x00000000c8f00000, 0x00000000c9000000|  0%| F|  |TAMS 0x00000000c8f00000, 0x00000000c8f00000| Untracked 
| 144|0x00000000c9000000, 0x00000000c9000000, 0x00000000c9100000|  0%| F|  |TAMS 0x00000000c9000000, 0x00000000c9000000| Untracked 
| 145|0x00000000c9100000, 0x00000000c9100000, 0x00000000c9200000|  0%| F|  |TAMS 0x00000000c9100000, 0x00000000c9100000| Untracked 
| 146|0x00000000c9200000, 0x00000000c9200000, 0x00000000c9300000|  0%| F|  |TAMS 0x00000000c9200000, 0x00000000c9200000| Untracked 
| 147|0x00000000c9300000, 0x00000000c9300000, 0x00000000c9400000|  0%| F|  |TAMS 0x00000000c9300000, 0x00000000c9300000| Untracked 
| 148|0x00000000c9400000, 0x00000000c9400000, 0x00000000c9500000|  0%| F|  |TAMS 0x00000000c9400000, 0x00000000c9400000| Untracked 
| 149|0x00000000c9500000, 0x00000000c9500000, 0x00000000c9600000|  0%| F|  |TAMS 0x00000000c9500000, 0x00000000c9500000| Untracked 
| 150|0x00000000c9600000, 0x00000000c9600000, 0x00000000c9700000|  0%| F|  |TAMS 0x00000000c9600000, 0x00000000c9600000| Untracked 
| 151|0x00000000c9700000, 0x00000000c9700000, 0x00000000c9800000|  0%| F|  |TAMS 0x00000000c9700000, 0x00000000c9700000| Untracked 
| 152|0x00000000c9800000, 0x00000000c9800000, 0x00000000c9900000|  0%| F|  |TAMS 0x00000000c9800000, 0x00000000c9800000| Untracked 
| 153|0x00000000c9900000, 0x00000000c9900000, 0x00000000c9a00000|  0%| F|  |TAMS 0x00000000c9900000, 0x00000000c9900000| Untracked 
| 154|0x00000000c9a00000, 0x00000000c9a00000, 0x00000000c9b00000|  0%| F|  |TAMS 0x00000000c9a00000, 0x00000000c9a00000| Untracked 
| 155|0x00000000c9b00000, 0x00000000c9b00000, 0x00000000c9c00000|  0%| F|  |TAMS 0x00000000c9b00000, 0x00000000c9b00000| Untracked 
| 156|0x00000000c9c00000, 0x00000000c9c00000, 0x00000000c9d00000|  0%| F|  |TAMS 0x00000000c9c00000, 0x00000000c9c00000| Untracked 
| 157|0x00000000c9d00000, 0x00000000c9d00000, 0x00000000c9e00000|  0%| F|  |TAMS 0x00000000c9d00000, 0x00000000c9d00000| Untracked 
| 158|0x00000000c9e00000, 0x00000000c9e00000, 0x00000000c9f00000|  0%| F|  |TAMS 0x00000000c9e00000, 0x00000000c9e00000| Untracked 
| 159|0x00000000c9f00000, 0x00000000c9f00000, 0x00000000ca000000|  0%| F|  |TAMS 0x00000000c9f00000, 0x00000000c9f00000| Untracked 
| 160|0x00000000ca000000, 0x00000000ca000000, 0x00000000ca100000|  0%| F|  |TAMS 0x00000000ca000000, 0x00000000ca000000| Untracked 
| 161|0x00000000ca100000, 0x00000000ca100000, 0x00000000ca200000|  0%| F|  |TAMS 0x00000000ca100000, 0x00000000ca100000| Untracked 
| 162|0x00000000ca200000, 0x00000000ca200000, 0x00000000ca300000|  0%| F|  |TAMS 0x00000000ca200000, 0x00000000ca200000| Untracked 
| 163|0x00000000ca300000, 0x00000000ca300000, 0x00000000ca400000|  0%| F|  |TAMS 0x00000000ca300000, 0x00000000ca300000| Untracked 
| 164|0x00000000ca400000, 0x00000000ca400000, 0x00000000ca500000|  0%| F|  |TAMS 0x00000000ca400000, 0x00000000ca400000| Untracked 
| 165|0x00000000ca500000, 0x00000000ca500000, 0x00000000ca600000|  0%| F|  |TAMS 0x00000000ca500000, 0x00000000ca500000| Untracked 
| 166|0x00000000ca600000, 0x00000000ca600000, 0x00000000ca700000|  0%| F|  |TAMS 0x00000000ca600000, 0x00000000ca600000| Untracked 
| 167|0x00000000ca700000, 0x00000000ca700000, 0x00000000ca800000|  0%| F|  |TAMS 0x00000000ca700000, 0x00000000ca700000| Untracked 
| 168|0x00000000ca800000, 0x00000000ca800000, 0x00000000ca900000|  0%| F|  |TAMS 0x00000000ca800000, 0x00000000ca800000| Untracked 
| 169|0x00000000ca900000, 0x00000000ca900000, 0x00000000caa00000|  0%| F|  |TAMS 0x00000000ca900000, 0x00000000ca900000| Untracked 
| 170|0x00000000caa00000, 0x00000000caa00000, 0x00000000cab00000|  0%| F|  |TAMS 0x00000000caa00000, 0x00000000caa00000| Untracked 
| 171|0x00000000cab00000, 0x00000000cab00000, 0x00000000cac00000|  0%| F|  |TAMS 0x00000000cab00000, 0x00000000cab00000| Untracked 
| 172|0x00000000cac00000, 0x00000000cac00000, 0x00000000cad00000|  0%| F|  |TAMS 0x00000000cac00000, 0x00000000cac00000| Untracked 
| 173|0x00000000cad00000, 0x00000000cad00000, 0x00000000cae00000|  0%| F|  |TAMS 0x00000000cad00000, 0x00000000cad00000| Untracked 
| 174|0x00000000cae00000, 0x00000000cae00000, 0x00000000caf00000|  0%| F|  |TAMS 0x00000000cae00000, 0x00000000cae00000| Untracked 
| 175|0x00000000caf00000, 0x00000000caf00000, 0x00000000cb000000|  0%| F|  |TAMS 0x00000000caf00000, 0x00000000caf00000| Untracked 
| 176|0x00000000cb000000, 0x00000000cb000000, 0x00000000cb100000|  0%| F|  |TAMS 0x00000000cb000000, 0x00000000cb000000| Untracked 
| 177|0x00000000cb100000, 0x00000000cb100000, 0x00000000cb200000|  0%| F|  |TAMS 0x00000000cb100000, 0x00000000cb100000| Untracked 
| 178|0x00000000cb200000, 0x00000000cb200000, 0x00000000cb300000|  0%| F|  |TAMS 0x00000000cb200000, 0x00000000cb200000| Untracked 
| 179|0x00000000cb300000, 0x00000000cb300000, 0x00000000cb400000|  0%| F|  |TAMS 0x00000000cb300000, 0x00000000cb300000| Untracked 
| 180|0x00000000cb400000, 0x00000000cb400000, 0x00000000cb500000|  0%| F|  |TAMS 0x00000000cb400000, 0x00000000cb400000| Untracked 
| 181|0x00000000cb500000, 0x00000000cb500000, 0x00000000cb600000|  0%| F|  |TAMS 0x00000000cb500000, 0x00000000cb500000| Untracked 
| 182|0x00000000cb600000, 0x00000000cb600000, 0x00000000cb700000|  0%| F|  |TAMS 0x00000000cb600000, 0x00000000cb600000| Untracked 
| 183|0x00000000cb700000, 0x00000000cb700000, 0x00000000cb800000|  0%| F|  |TAMS 0x00000000cb700000, 0x00000000cb700000| Untracked 
| 184|0x00000000cb800000, 0x00000000cb800000, 0x00000000cb900000|  0%| F|  |TAMS 0x00000000cb800000, 0x00000000cb800000| Untracked 
| 185|0x00000000cb900000, 0x00000000cb900000, 0x00000000cba00000|  0%| F|  |TAMS 0x00000000cb900000, 0x00000000cb900000| Untracked 
| 186|0x00000000cba00000, 0x00000000cba00000, 0x00000000cbb00000|  0%| F|  |TAMS 0x00000000cba00000, 0x00000000cba00000| Untracked 
| 187|0x00000000cbb00000, 0x00000000cbb00000, 0x00000000cbc00000|  0%| F|  |TAMS 0x00000000cbb00000, 0x00000000cbb00000| Untracked 
| 188|0x00000000cbc00000, 0x00000000cbc00000, 0x00000000cbd00000|  0%| F|  |TAMS 0x00000000cbc00000, 0x00000000cbc00000| Untracked 
| 189|0x00000000cbd00000, 0x00000000cbd00000, 0x00000000cbe00000|  0%| F|  |TAMS 0x00000000cbd00000, 0x00000000cbd00000| Untracked 
| 190|0x00000000cbe00000, 0x00000000cbe00000, 0x00000000cbf00000|  0%| F|  |TAMS 0x00000000cbe00000, 0x00000000cbe00000| Untracked 
| 191|0x00000000cbf00000, 0x00000000cbf00000, 0x00000000cc000000|  0%| F|  |TAMS 0x00000000cbf00000, 0x00000000cbf00000| Untracked 
| 192|0x00000000cc000000, 0x00000000cc000000, 0x00000000cc100000|  0%| F|  |TAMS 0x00000000cc000000, 0x00000000cc000000| Untracked 
| 193|0x00000000cc100000, 0x00000000cc100000, 0x00000000cc200000|  0%| F|  |TAMS 0x00000000cc100000, 0x00000000cc100000| Untracked 
| 194|0x00000000cc200000, 0x00000000cc200000, 0x00000000cc300000|  0%| F|  |TAMS 0x00000000cc200000, 0x00000000cc200000| Untracked 
| 195|0x00000000cc300000, 0x00000000cc300000, 0x00000000cc400000|  0%| F|  |TAMS 0x00000000cc300000, 0x00000000cc300000| Untracked 
| 196|0x00000000cc400000, 0x00000000cc400000, 0x00000000cc500000|  0%| F|  |TAMS 0x00000000cc400000, 0x00000000cc400000| Untracked 
| 197|0x00000000cc500000, 0x00000000cc500000, 0x00000000cc600000|  0%| F|  |TAMS 0x00000000cc500000, 0x00000000cc500000| Untracked 
| 198|0x00000000cc600000, 0x00000000cc600000, 0x00000000cc700000|  0%| F|  |TAMS 0x00000000cc600000, 0x00000000cc600000| Untracked 
| 199|0x00000000cc700000, 0x00000000cc700000, 0x00000000cc800000|  0%| F|  |TAMS 0x00000000cc700000, 0x00000000cc700000| Untracked 
| 200|0x00000000cc800000, 0x00000000cc800000, 0x00000000cc900000|  0%| F|  |TAMS 0x00000000cc800000, 0x00000000cc800000| Untracked 
| 201|0x00000000cc900000, 0x00000000cc900000, 0x00000000cca00000|  0%| F|  |TAMS 0x00000000cc900000, 0x00000000cc900000| Untracked 
| 202|0x00000000cca00000, 0x00000000cca00000, 0x00000000ccb00000|  0%| F|  |TAMS 0x00000000cca00000, 0x00000000cca00000| Untracked 
| 203|0x00000000ccb00000, 0x00000000ccb00000, 0x00000000ccc00000|  0%| F|  |TAMS 0x00000000ccb00000, 0x00000000ccb00000| Untracked 
| 204|0x00000000ccc00000, 0x00000000ccc00000, 0x00000000ccd00000|  0%| F|  |TAMS 0x00000000ccc00000, 0x00000000ccc00000| Untracked 
| 205|0x00000000ccd00000, 0x00000000ccd00000, 0x00000000cce00000|  0%| F|  |TAMS 0x00000000ccd00000, 0x00000000ccd00000| Untracked 
| 206|0x00000000cce00000, 0x00000000cce00000, 0x00000000ccf00000|  0%| F|  |TAMS 0x00000000cce00000, 0x00000000cce00000| Untracked 
| 207|0x00000000ccf00000, 0x00000000ccf00000, 0x00000000cd000000|  0%| F|  |TAMS 0x00000000ccf00000, 0x00000000ccf00000| Untracked 
| 208|0x00000000cd000000, 0x00000000cd000000, 0x00000000cd100000|  0%| F|  |TAMS 0x00000000cd000000, 0x00000000cd000000| Untracked 
| 209|0x00000000cd100000, 0x00000000cd100000, 0x00000000cd200000|  0%| F|  |TAMS 0x00000000cd100000, 0x00000000cd100000| Untracked 
| 210|0x00000000cd200000, 0x00000000cd200000, 0x00000000cd300000|  0%| F|  |TAMS 0x00000000cd200000, 0x00000000cd200000| Untracked 
| 211|0x00000000cd300000, 0x00000000cd300000, 0x00000000cd400000|  0%| F|  |TAMS 0x00000000cd300000, 0x00000000cd300000| Untracked 
| 212|0x00000000cd400000, 0x00000000cd400000, 0x00000000cd500000|  0%| F|  |TAMS 0x00000000cd400000, 0x00000000cd400000| Untracked 
| 213|0x00000000cd500000, 0x00000000cd500000, 0x00000000cd600000|  0%| F|  |TAMS 0x00000000cd500000, 0x00000000cd500000| Untracked 
| 214|0x00000000cd600000, 0x00000000cd600000, 0x00000000cd700000|  0%| F|  |TAMS 0x00000000cd600000, 0x00000000cd600000| Untracked 
| 215|0x00000000cd700000, 0x00000000cd700000, 0x00000000cd800000|  0%| F|  |TAMS 0x00000000cd700000, 0x00000000cd700000| Untracked 
| 216|0x00000000cd800000, 0x00000000cd800000, 0x00000000cd900000|  0%| F|  |TAMS 0x00000000cd800000, 0x00000000cd800000| Untracked 
| 217|0x00000000cd900000, 0x00000000cd900000, 0x00000000cda00000|  0%| F|  |TAMS 0x00000000cd900000, 0x00000000cd900000| Untracked 
| 218|0x00000000cda00000, 0x00000000cda00000, 0x00000000cdb00000|  0%| F|  |TAMS 0x00000000cda00000, 0x00000000cda00000| Untracked 
| 219|0x00000000cdb00000, 0x00000000cdb00000, 0x00000000cdc00000|  0%| F|  |TAMS 0x00000000cdb00000, 0x00000000cdb00000| Untracked 
| 220|0x00000000cdc00000, 0x00000000cdc00000, 0x00000000cdd00000|  0%| F|  |TAMS 0x00000000cdc00000, 0x00000000cdc00000| Untracked 
| 221|0x00000000cdd00000, 0x00000000cdd00000, 0x00000000cde00000|  0%| F|  |TAMS 0x00000000cdd00000, 0x00000000cdd00000| Untracked 
| 222|0x00000000cde00000, 0x00000000cde00000, 0x00000000cdf00000|  0%| F|  |TAMS 0x00000000cde00000, 0x00000000cde00000| Untracked 
| 223|0x00000000cdf00000, 0x00000000cdf00000, 0x00000000ce000000|  0%| F|  |TAMS 0x00000000cdf00000, 0x00000000cdf00000| Untracked 
| 224|0x00000000ce000000, 0x00000000ce000000, 0x00000000ce100000|  0%| F|  |TAMS 0x00000000ce000000, 0x00000000ce000000| Untracked 
| 225|0x00000000ce100000, 0x00000000ce100000, 0x00000000ce200000|  0%| F|  |TAMS 0x00000000ce100000, 0x00000000ce100000| Untracked 
| 226|0x00000000ce200000, 0x00000000ce200000, 0x00000000ce300000|  0%| F|  |TAMS 0x00000000ce200000, 0x00000000ce200000| Untracked 
| 227|0x00000000ce300000, 0x00000000ce300000, 0x00000000ce400000|  0%| F|  |TAMS 0x00000000ce300000, 0x00000000ce300000| Untracked 
| 228|0x00000000ce400000, 0x00000000ce400000, 0x00000000ce500000|  0%| F|  |TAMS 0x00000000ce400000, 0x00000000ce400000| Untracked 
| 229|0x00000000ce500000, 0x00000000ce500000, 0x00000000ce600000|  0%| F|  |TAMS 0x00000000ce500000, 0x00000000ce500000| Untracked 
| 230|0x00000000ce600000, 0x00000000ce600000, 0x00000000ce700000|  0%| F|  |TAMS 0x00000000ce600000, 0x00000000ce600000| Untracked 
| 231|0x00000000ce700000, 0x00000000ce700000, 0x00000000ce800000|  0%| F|  |TAMS 0x00000000ce700000, 0x00000000ce700000| Untracked 
| 232|0x00000000ce800000, 0x00000000ce800000, 0x00000000ce900000|  0%| F|  |TAMS 0x00000000ce800000, 0x00000000ce800000| Untracked 
| 233|0x00000000ce900000, 0x00000000ce900000, 0x00000000cea00000|  0%| F|  |TAMS 0x00000000ce900000, 0x00000000ce900000| Untracked 
| 234|0x00000000cea00000, 0x00000000cea00000, 0x00000000ceb00000|  0%| F|  |TAMS 0x00000000cea00000, 0x00000000cea00000| Untracked 
| 235|0x00000000ceb00000, 0x00000000ceb00000, 0x00000000cec00000|  0%| F|  |TAMS 0x00000000ceb00000, 0x00000000ceb00000| Untracked 
| 236|0x00000000cec00000, 0x00000000cec00000, 0x00000000ced00000|  0%| F|  |TAMS 0x00000000cec00000, 0x00000000cec00000| Untracked 
| 237|0x00000000ced00000, 0x00000000ced00000, 0x00000000cee00000|  0%| F|  |TAMS 0x00000000ced00000, 0x00000000ced00000| Untracked 
| 238|0x00000000cee00000, 0x00000000cee00000, 0x00000000cef00000|  0%| F|  |TAMS 0x00000000cee00000, 0x00000000cee00000| Untracked 
| 239|0x00000000cef00000, 0x00000000cef00000, 0x00000000cf000000|  0%| F|  |TAMS 0x00000000cef00000, 0x00000000cef00000| Untracked 
| 240|0x00000000cf000000, 0x00000000cf000000, 0x00000000cf100000|  0%| F|  |TAMS 0x00000000cf000000, 0x00000000cf000000| Untracked 
| 241|0x00000000cf100000, 0x00000000cf100000, 0x00000000cf200000|  0%| F|  |TAMS 0x00000000cf100000, 0x00000000cf100000| Untracked 
| 242|0x00000000cf200000, 0x00000000cf200000, 0x00000000cf300000|  0%| F|  |TAMS 0x00000000cf200000, 0x00000000cf200000| Untracked 
| 243|0x00000000cf300000, 0x00000000cf300000, 0x00000000cf400000|  0%| F|  |TAMS 0x00000000cf300000, 0x00000000cf300000| Untracked 
| 244|0x00000000cf400000, 0x00000000cf400000, 0x00000000cf500000|  0%| F|  |TAMS 0x00000000cf400000, 0x00000000cf400000| Untracked 
| 245|0x00000000cf500000, 0x00000000cf500000, 0x00000000cf600000|  0%| F|  |TAMS 0x00000000cf500000, 0x00000000cf500000| Untracked 
| 246|0x00000000cf600000, 0x00000000cf600000, 0x00000000cf700000|  0%| F|  |TAMS 0x00000000cf600000, 0x00000000cf600000| Untracked 
| 247|0x00000000cf700000, 0x00000000cf700000, 0x00000000cf800000|  0%| F|  |TAMS 0x00000000cf700000, 0x00000000cf700000| Untracked 
| 248|0x00000000cf800000, 0x00000000cf800000, 0x00000000cf900000|  0%| F|  |TAMS 0x00000000cf800000, 0x00000000cf800000| Untracked 
| 249|0x00000000cf900000, 0x00000000cf900000, 0x00000000cfa00000|  0%| F|  |TAMS 0x00000000cf900000, 0x00000000cf900000| Untracked 
| 250|0x00000000cfa00000, 0x00000000cfa00000, 0x00000000cfb00000|  0%| F|  |TAMS 0x00000000cfa00000, 0x00000000cfa00000| Untracked 
| 251|0x00000000cfb00000, 0x00000000cfb00000, 0x00000000cfc00000|  0%| F|  |TAMS 0x00000000cfb00000, 0x00000000cfb00000| Untracked 
| 252|0x00000000cfc00000, 0x00000000cfc00000, 0x00000000cfd00000|  0%| F|  |TAMS 0x00000000cfc00000, 0x00000000cfc00000| Untracked 
| 253|0x00000000cfd00000, 0x00000000cfd00000, 0x00000000cfe00000|  0%| F|  |TAMS 0x00000000cfd00000, 0x00000000cfd00000| Untracked 
| 254|0x00000000cfe00000, 0x00000000cfe00000, 0x00000000cff00000|  0%| F|  |TAMS 0x00000000cfe00000, 0x00000000cfe00000| Untracked 
| 255|0x00000000cff00000, 0x00000000cff00000, 0x00000000d0000000|  0%| F|  |TAMS 0x00000000cff00000, 0x00000000cff00000| Untracked 
| 256|0x00000000d0000000, 0x00000000d0000000, 0x00000000d0100000|  0%| F|  |TAMS 0x00000000d0000000, 0x00000000d0000000| Untracked 
| 257|0x00000000d0100000, 0x00000000d0100000, 0x00000000d0200000|  0%| F|  |TAMS 0x00000000d0100000, 0x00000000d0100000| Untracked 
| 258|0x00000000d0200000, 0x00000000d0200000, 0x00000000d0300000|  0%| F|  |TAMS 0x00000000d0200000, 0x00000000d0200000| Untracked 
| 259|0x00000000d0300000, 0x00000000d0300000, 0x00000000d0400000|  0%| F|  |TAMS 0x00000000d0300000, 0x00000000d0300000| Untracked 
| 260|0x00000000d0400000, 0x00000000d0400000, 0x00000000d0500000|  0%| F|  |TAMS 0x00000000d0400000, 0x00000000d0400000| Untracked 
| 261|0x00000000d0500000, 0x00000000d0500000, 0x00000000d0600000|  0%| F|  |TAMS 0x00000000d0500000, 0x00000000d0500000| Untracked 
| 262|0x00000000d0600000, 0x00000000d0600000, 0x00000000d0700000|  0%| F|  |TAMS 0x00000000d0600000, 0x00000000d0600000| Untracked 
| 263|0x00000000d0700000, 0x00000000d0700000, 0x00000000d0800000|  0%| F|  |TAMS 0x00000000d0700000, 0x00000000d0700000| Untracked 
| 264|0x00000000d0800000, 0x00000000d0900000, 0x00000000d0900000|100%| E|  |TAMS 0x00000000d0800000, 0x00000000d0800000| Complete 
|1022|0x00000000ffe00000, 0x00000000ffe75000, 0x00000000fff00000| 45%|OA|  |TAMS 0x00000000ffe75000, 0x00000000ffe00000| Untracked 
|1023|0x00000000fff00000, 0x00000000fff78000, 0x0000000100000000| 46%|CA|  |TAMS 0x00000000fff78000, 0x00000000fff00000| Untracked 

Card table byte_map: [0x000070d46f915000,0x000070d46fb15000] _byte_map_base: 0x000070d46f315000

Marking Bits (Prev, Next): (CMBitMap*) 0x0000000003fdf590, (CMBitMap*) 0x0000000003fdf550
 Prev Bits: [0x000070d46d715000, 0x000070d46e715000)
 Next Bits: [0x000070d46e715000, 0x000070d46f715000)

Polling page: 0x000070d4fbc7e000

Metaspace:

Usage:
  Non-class:      8.80 MB used.
      Class:      1.50 MB used.
       Both:     10.31 MB used.

Virtual space:
  Non-class space:       64.00 MB reserved,       8.94 MB ( 14%) committed,  1 nodes.
      Class space:        1.00 GB reserved,       1.62 MB ( <1%) committed,  1 nodes.
             Both:        1.06 GB reserved,      10.56 MB ( <1%) committed. 

Chunk freelists:
   Non-Class:  5.91 MB
       Class:  14.42 MB
        Both:  20.33 MB

MaxMetaspaceSize: unlimited
CompressedClassSpaceSize: 1.00 GB
Initial GC threshold: 21.00 MB
Current GC threshold: 21.00 MB
CDS: on
MetaspaceReclaimPolicy: balanced
 - commit_granule_bytes: 65536.
 - commit_granule_words: 8192.
 - virtual_space_node_default_size: 8388608.
 - enlarge_chunks_in_place: 1.
 - new_chunks_are_fully_committed: 0.
 - uncommit_free_chunks: 1.
 - use_allocation_guard: 0.
 - handle_deallocations: 1.


Internal statistics:

num_allocs_failed_limit: 0.
num_arena_births: 128.
num_arena_deaths: 0.
num_vsnodes_births: 2.
num_vsnodes_deaths: 0.
num_space_committed: 169.
num_space_uncommitted: 0.
num_chunks_returned_to_freelist: 0.
num_chunks_taken_from_freelist: 426.
num_chunk_merges: 0.
num_chunk_splits: 321.
num_chunks_enlarged: 269.
num_inconsistent_stats: 0.

CodeHeap 'non-profiled nmethods': size=120028Kb used=3727Kb max_used=3727Kb free=116300Kb
 bounds [0x000070d4778c9000, 0x000070d477c89000, 0x000070d47ee00000]
CodeHeap 'profiled nmethods': size=120028Kb used=4246Kb max_used=6447Kb free=115781Kb
 bounds [0x000070d46fe00000, 0x000070d470450000, 0x000070d477337000]
CodeHeap 'non-nmethods': size=5704Kb used=1140Kb max_used=1248Kb free=4563Kb
 bounds [0x000070d477337000, 0x000070d4775a7000, 0x000070d4778c9000]
 total_blobs=3612 nmethods=3189 adapters=335
 compilation: enabled
              stopped_count=0, restarted_count=0
 full_count=0

Compilation events (20 events):
Event: 400.862 Thread 0x0000000004d52bf0 4174       4       java.util.regex.Matcher::find (69 bytes)
Event: 400.866 Thread 0x0000000004d52bf0 nmethod 4174 0x000070d477a74990 code [0x000070d477a74b40, 0x000070d477a75098]
Event: 471.227 Thread 0x0000000004d54290 4175       3       java.util.Arrays::sort (37 bytes)
Event: 471.227 Thread 0x0000000004d54290 nmethod 4175 0x000070d470177f10 code [0x000070d4701780e0, 0x000070d4701782d0]
Event: 471.639 Thread 0x0000000004d52bf0 4176       4       java.util.Arrays::sort (37 bytes)
Event: 471.639 Thread 0x0000000004d52bf0 nmethod 4176 0x000070d477a0f990 code [0x000070d477a0fb20, 0x000070d477a0fbe8]
Event: 634.764 Thread 0x0000000004d54290 4177       3       java.util.regex.Matcher::replaceAll (59 bytes)
Event: 634.764 Thread 0x0000000004d54290 nmethod 4177 0x000070d4703d1110 code [0x000070d4703d13a0, 0x000070d4703d1cd0]
Event: 635.207 Thread 0x0000000004d52bf0 4178       4       java.util.regex.Pattern$Start::match (90 bytes)
Event: 635.208 Thread 0x0000000004d52bf0 nmethod 4178 0x000070d4778fa110 code [0x000070d4778fa2a0, 0x000070d4778fa3f8]
Event: 635.655 Thread 0x0000000004d52bf0 4179       4       java.util.regex.Matcher::replaceAll (59 bytes)
Event: 635.664 Thread 0x0000000004d52bf0 nmethod 4179 0x000070d4778fe990 code [0x000070d4778febc0, 0x000070d4778ff670]
Event: 641.167 Thread 0x0000000004d52bf0 4180       4       scala.collection.mutable.StringBuilder::length (8 bytes)
Event: 641.167 Thread 0x0000000004d52bf0 nmethod 4180 0x000070d4778f9c90 code [0x000070d4778f9e20, 0x000070d4778f9eb8]
Event: 746.408 Thread 0x0000000004d52bf0 4181   !   4       java.lang.ref.ReferenceQueue::remove (125 bytes)
Event: 746.412 Thread 0x0000000004d52bf0 nmethod 4181 0x000070d477980e90 code [0x000070d477981040, 0x000070d477981b88]
Event: 1327.120 Thread 0x0000000004d54290 4182   !   3       jdk.internal.ref.PhantomCleanable::isListEmpty (34 bytes)
Event: 1327.120 Thread 0x0000000004d54290 nmethod 4182 0x000070d46ff26a90 code [0x000070d46ff26c40, 0x000070d46ff26e70]
Event: 1327.120 Thread 0x0000000004d54290 4183       3       jdk.internal.misc.InnocuousThread::eraseThreadLocals (23 bytes)
Event: 1327.120 Thread 0x0000000004d54290 nmethod 4183 0x000070d4700cf090 code [0x000070d4700cf240, 0x000070d4700cf430]

GC Heap History (20 events):
Event: 687.923 GC heap before
{Heap before GC invocations=4854 (full 5):
 garbage-first heap   total 280576K, used 244426K [0x00000000c0000000, 0x0000000100000000)
  region size 1024K, 162 young (165888K), 1 survivors (1024K)
 Metaspace       used 10551K, committed 10816K, reserved 1114112K
  class space    used 1538K, committed 1664K, reserved 1048576K
}
Event: 687.924 GC heap after
{Heap after GC invocations=4855 (full 5):
 garbage-first heap   total 280576K, used 79562K [0x00000000c0000000, 0x0000000100000000)
  region size 1024K, 1 young (1024K), 1 survivors (1024K)
 Metaspace       used 10551K, committed 10816K, reserved 1114112K
  class space    used 1538K, committed 1664K, reserved 1048576K
}
Event: 688.094 GC heap before
{Heap before GC invocations=4855 (full 5):
 garbage-first heap   total 280576K, used 244426K [0x00000000c0000000, 0x0000000100000000)
  region size 1024K, 162 young (165888K), 1 survivors (1024K)
 Metaspace       used 10551K, committed 10816K, reserved 1114112K
  class space    used 1538K, committed 1664K, reserved 1048576K
}
Event: 688.096 GC heap after
{Heap after GC invocations=4856 (full 5):
 garbage-first heap   total 280576K, used 79570K [0x00000000c0000000, 0x0000000100000000)
  region size 1024K, 1 young (1024K), 1 survivors (1024K)
 Metaspace       used 10551K, committed 10816K, reserved 1114112K
  class space    used 1538K, committed 1664K, reserved 1048576K
}
Event: 688.262 GC heap before
{Heap before GC invocations=4856 (full 5):
 garbage-first heap   total 280576K, used 244434K [0x00000000c0000000, 0x0000000100000000)
  region size 1024K, 162 young (165888K), 1 survivors (1024K)
 Metaspace       used 10551K, committed 10816K, reserved 1114112K
  class space    used 1538K, committed 1664K, reserved 1048576K
}
Event: 688.263 GC heap after
{Heap after GC invocations=4857 (full 5):
 garbage-first heap   total 280576K, used 79560K [0x00000000c0000000, 0x0000000100000000)
  region size 1024K, 1 young (1024K), 1 survivors (1024K)
 Metaspace       used 10551K, committed 10816K, reserved 1114112K
  class space    used 1538K, committed 1664K, reserved 1048576K
}
Event: 688.423 GC heap before
{Heap before GC invocations=4857 (full 5):
 garbage-first heap   total 280576K, used 244424K [0x00000000c0000000, 0x0000000100000000)
  region size 1024K, 162 young (165888K), 1 survivors (1024K)
 Metaspace       used 10551K, committed 10816K, reserved 1114112K
  class space    used 1538K, committed 1664K, reserved 1048576K
}
Event: 688.425 GC heap after
{Heap after GC invocations=4858 (full 5):
 garbage-first heap   total 280576K, used 79560K [0x00000000c0000000, 0x0000000100000000)
  region size 1024K, 1 young (1024K), 1 survivors (1024K)
 Metaspace       used 10551K, committed 10816K, reserved 1114112K
  class space    used 1538K, committed 1664K, reserved 1048576K
}
Event: 688.581 GC heap before
{Heap before GC invocations=4858 (full 5):
 garbage-first heap   total 280576K, used 244424K [0x00000000c0000000, 0x0000000100000000)
  region size 1024K, 162 young (165888K), 1 survivors (1024K)
 Metaspace       used 10551K, committed 10816K, reserved 1114112K
  class space    used 1538K, committed 1664K, reserved 1048576K
}
Event: 688.582 GC heap after
{Heap after GC invocations=4859 (full 5):
 garbage-first heap   total 280576K, used 79584K [0x00000000c0000000, 0x0000000100000000)
  region size 1024K, 1 young (1024K), 1 survivors (1024K)
 Metaspace       used 10551K, committed 10816K, reserved 1114112K
  class space    used 1538K, committed 1664K, reserved 1048576K
}
Event: 688.739 GC heap before
{Heap before GC invocations=4859 (full 5):
 garbage-first heap   total 280576K, used 244448K [0x00000000c0000000, 0x0000000100000000)
  region size 1024K, 162 young (165888K), 1 survivors (1024K)
 Metaspace       used 10551K, committed 10816K, reserved 1114112K
  class space    used 1538K, committed 1664K, reserved 1048576K
}
Event: 688.740 GC heap after
{Heap after GC invocations=4860 (full 5):
 garbage-first heap   total 280576K, used 79566K [0x00000000c0000000, 0x0000000100000000)
  region size 1024K, 1 young (1024K), 1 survivors (1024K)
 Metaspace       used 10551K, committed 10816K, reserved 1114112K
  class space    used 1538K, committed 1664K, reserved 1048576K
}
Event: 688.892 GC heap before
{Heap before GC invocations=4860 (full 5):
 garbage-first heap   total 280576K, used 244430K [0x00000000c0000000, 0x0000000100000000)
  region size 1024K, 162 young (165888K), 1 survivors (1024K)
 Metaspace       used 10551K, committed 10816K, reserved 1114112K
  class space    used 1538K, committed 1664K, reserved 1048576K
}
Event: 688.893 GC heap after
{Heap after GC invocations=4861 (full 5):
 garbage-first heap   total 280576K, used 79590K [0x00000000c0000000, 0x0000000100000000)
  region size 1024K, 1 young (1024K), 1 survivors (1024K)
 Metaspace       used 10551K, committed 10816K, reserved 1114112K
  class space    used 1538K, committed 1664K, reserved 1048576K
}
Event: 689.056 GC heap before
{Heap before GC invocations=4861 (full 5):
 garbage-first heap   total 280576K, used 244454K [0x00000000c0000000, 0x0000000100000000)
  region size 1024K, 162 young (165888K), 1 survivors (1024K)
 Metaspace       used 10551K, committed 10816K, reserved 1114112K
  class space    used 1538K, committed 1664K, reserved 1048576K
}
Event: 689.057 GC heap after
{Heap after GC invocations=4862 (full 5):
 garbage-first heap   total 280576K, used 79560K [0x00000000c0000000, 0x0000000100000000)
  region size 1024K, 1 young (1024K), 1 survivors (1024K)
 Metaspace       used 10551K, committed 10816K, reserved 1114112K
  class space    used 1538K, committed 1664K, reserved 1048576K
}
Event: 707.845 GC heap before
{Heap before GC invocations=4862 (full 5):
 garbage-first heap   total 280576K, used 131784K [0x00000000c0000000, 0x0000000100000000)
  region size 1024K, 53 young (54272K), 1 survivors (1024K)
 Metaspace       used 10551K, committed 10816K, reserved 1114112K
  class space    used 1538K, committed 1664K, reserved 1048576K
}
Event: 707.868 GC heap after
{Heap after GC invocations=4863 (full 6):
 garbage-first heap   total 276480K, used 79500K [0x00000000c0000000, 0x0000000100000000)
  region size 1024K, 0 young (0K), 0 survivors (0K)
 Metaspace       used 10551K, committed 10816K, reserved 1114112K
  class space    used 1538K, committed 1664K, reserved 1048576K
}
Event: 708.275 GC heap before
{Heap before GC invocations=4863 (full 6):
 garbage-first heap   total 276480K, used 79500K [0x00000000c0000000, 0x0000000100000000)
  region size 1024K, 1 young (1024K), 0 survivors (0K)
 Metaspace       used 10551K, committed 10816K, reserved 1114112K
  class space    used 1538K, committed 1664K, reserved 1048576K
}
Event: 708.296 GC heap after
{Heap after GC invocations=4864 (full 7):
 garbage-first heap   total 273408K, used 79500K [0x00000000c0000000, 0x0000000100000000)
  region size 1024K, 0 young (0K), 0 survivors (0K)
 Metaspace       used 10551K, committed 10816K, reserved 1114112K
  class space    used 1538K, committed 1664K, reserved 1048576K
}

Dll operation events (7 events):
Event: 0.005 Loaded shared library /usr/lib/jvm/java-17-openjdk-amd64/lib/libjava.so
Event: 0.055 Loaded shared library /usr/lib/jvm/java-17-openjdk-amd64/lib/libjsvml.so
Event: 0.064 Loaded shared library /usr/lib/jvm/java-17-openjdk-amd64/lib/libnio.so
Event: 0.065 Loaded shared library /usr/lib/jvm/java-17-openjdk-amd64/lib/libzip.so
Event: 0.087 Loaded shared library /home/thkim0/venv/v1/lib/python3.10/site-packages/_jpype.so
Event: 0.108 Loaded shared library /usr/lib/jvm/java-17-openjdk-amd64/lib/libjimage.so
Event: 0.935 Loaded shared library /usr/lib/jvm/java-17-openjdk-amd64/lib/libverify.so

Deoptimization events (20 events):
Event: 258.395 Thread 0x00000000034ad010 Uncommon trap: trap_request=0xffffff45 fr.pc=0x000070d477c684e0 relative=0x0000000000004ce0
Event: 258.395 Thread 0x00000000034ad010 Uncommon trap: reason=unstable_if action=reinterpret pc=0x000070d477c684e0 method=java.util.TimSort.sort([Ljava/lang/Object;IILjava/util/Comparator;[Ljava/lang/Object;II)V @ 114 c2
Event: 258.395 Thread 0x00000000034ad010 DEOPT PACKING pc=0x000070d477c684e0 sp=0x00007ffe8677e450
Event: 258.395 Thread 0x00000000034ad010 DEOPT UNPACKING pc=0x000070d47738d699 sp=0x00007ffe8677e348 mode 2
Event: 396.414 Thread 0x00000000034ad010 Uncommon trap: trap_request=0xffffffc6 fr.pc=0x000070d477c2950c relative=0x00000000000009ac
Event: 396.414 Thread 0x00000000034ad010 Uncommon trap: reason=bimorphic_or_optimized_type_check action=maybe_recompile pc=0x000070d477c2950c method=java.util.regex.Matcher.search(I)Z @ 121 c2
Event: 396.414 Thread 0x00000000034ad010 DEOPT PACKING pc=0x000070d477c2950c sp=0x00007ffe8677e470
Event: 396.414 Thread 0x00000000034ad010 DEOPT UNPACKING pc=0x000070d47738d699 sp=0x00007ffe8677e358 mode 2
Event: 396.414 Thread 0x00000000034ad010 Uncommon trap: trap_request=0xffffffc6 fr.pc=0x000070d477b59af4 relative=0x0000000000000574
Event: 396.414 Thread 0x00000000034ad010 Uncommon trap: reason=bimorphic_or_optimized_type_check action=maybe_recompile pc=0x000070d477b59af4 method=java.util.regex.Matcher.search(I)Z @ 121 c2
Event: 396.414 Thread 0x00000000034ad010 DEOPT PACKING pc=0x000070d477b59af4 sp=0x00007ffe8677e3f0
Event: 396.414 Thread 0x00000000034ad010 DEOPT UNPACKING pc=0x000070d47738d699 sp=0x00007ffe8677e348 mode 2
Event: 471.223 Thread 0x00000000034ad010 Uncommon trap: trap_request=0xffffff45 fr.pc=0x000070d477c610c8 relative=0x0000000000002c08
Event: 471.223 Thread 0x00000000034ad010 Uncommon trap: reason=unstable_if action=reinterpret pc=0x000070d477c610c8 method=java.util.TimSort.sort([Ljava/lang/Object;IILjava/util/Comparator;[Ljava/lang/Object;II)V @ 114 c2
Event: 471.223 Thread 0x00000000034ad010 DEOPT PACKING pc=0x000070d477c610c8 sp=0x00007ffe8677e3f0
Event: 471.223 Thread 0x00000000034ad010 DEOPT UNPACKING pc=0x000070d47738d699 sp=0x00007ffe8677e360 mode 2
Event: 634.753 Thread 0x00000000034ad010 Uncommon trap: trap_request=0xffffffc6 fr.pc=0x000070d477c2950c relative=0x00000000000009ac
Event: 634.753 Thread 0x00000000034ad010 Uncommon trap: reason=bimorphic_or_optimized_type_check action=maybe_recompile pc=0x000070d477c2950c method=java.util.regex.Matcher.search(I)Z @ 121 c2
Event: 634.753 Thread 0x00000000034ad010 DEOPT PACKING pc=0x000070d477c2950c sp=0x00007ffe8677e470
Event: 634.753 Thread 0x00000000034ad010 DEOPT UNPACKING pc=0x000070d47738d699 sp=0x00007ffe8677e358 mode 2

Classes loaded (20 events):
Event: 1.039 Loading class java/util/concurrent/locks/ReentrantReadWriteLock$NonfairSync
Event: 1.039 Loading class java/util/concurrent/locks/ReentrantReadWriteLock$NonfairSync done
Event: 1.599 Loading class java/lang/SafeVarargs
Event: 1.599 Loading class java/lang/SafeVarargs done
Event: 1.601 Loading class java/util/AbstractList$Itr
Event: 1.601 Loading class java/util/AbstractList$Itr done
Event: 1.601 Loading class java/util/AbstractList$ListItr
Event: 1.601 Loading class java/util/AbstractList$ListItr done
Event: 1.601 Loading class java/util/AbstractList$RandomAccessSubList
Event: 1.601 Loading class java/util/AbstractList$SubList
Event: 1.601 Loading class java/util/AbstractList$SubList done
Event: 1.601 Loading class java/util/AbstractList$RandomAccessSubList done
Event: 1.601 Loading class java/util/ArrayList$ListItr
Event: 1.601 Loading class java/util/ArrayList$ListItr done
Event: 2.159 Loading class java/util/regex/Pattern$BnM
Event: 2.159 Loading class java/util/regex/Pattern$BnM done
Event: 154.730 Loading class java/util/regex/Pattern$SliceS
Event: 154.730 Loading class java/util/regex/Pattern$SliceS done
Event: 5460.456 Loading class jdk/internal/misc/Signal$1
Event: 5460.457 Loading class jdk/internal/misc/Signal$1 done

Classes unloaded (0 events):
No events

Classes redefined (0 events):
No events

Internal exceptions (20 events):
Event: 0.390 Thread 0x00000000034ad010 Exception <a 'java/lang/NoSuchMethodError'{0x00000000c182b7c0}: 'java.lang.Object java.lang.invoke.Invokers$Holder.invokeExact_MT(java.lang.Object, java.lang.Object, java.lang.Object, java.lang.Object, java.lang.Object, java.lang.Object)'> (0x00000000c182b7c0) 
thrown [./src/hotspot/share/interpreter/linkResolver.cpp, line 758]
Event: 0.437 Thread 0x00000000034ad010 Exception <a 'java/lang/NoSuchMethodError'{0x00000000c1419f70}: 'int java.lang.invoke.DirectMethodHandle$Holder.invokeStatic(java.lang.Object, java.lang.Object, int)'> (0x00000000c1419f70) 
thrown [./src/hotspot/share/interpreter/linkResolver.cpp, line 758]
Event: 0.454 Thread 0x00000000034ad010 Exception <a 'java/lang/NoSuchMethodError'{0x00000000c13a1910}: 'java.lang.Object java.lang.invoke.DirectMethodHandle$Holder.invokeStaticInit(java.lang.Object, java.lang.Object, java.lang.Object)'> (0x00000000c13a1910) 
thrown [./src/hotspot/share/interpreter/linkResolver.cpp, line 758]
Event: 0.456 Thread 0x00000000034ad010 Exception <a 'java/lang/NoSuchMethodError'{0x00000000c13f30e0}: 'java.lang.Object java.lang.invoke.DirectMethodHandle$Holder.invokeStaticInit(java.lang.Object, java.lang.Object, java.lang.Object, java.lang.Object)'> (0x00000000c13f30e0) 
thrown [./src/hotspot/share/interpreter/linkResolver.cpp, line 758]
Event: 0.459 Thread 0x00000000034ad010 Exception <a 'java/lang/NoSuchMethodError'{0x00000000c12564a0}: 'void java.lang.invoke.DirectMethodHandle$Holder.invokeStatic(java.lang.Object, java.lang.Object)'> (0x00000000c12564a0) 
thrown [./src/hotspot/share/interpreter/linkResolver.cpp, line 758]
Event: 0.561 Thread 0x00000000034ad010 Exception <a 'java/lang/NoSuchMethodError'{0x00000000c3f05cb0}: 'java.lang.Object java.lang.invoke.DirectMethodHandle$Holder.invokeStatic(java.lang.Object, java.lang.Object, int, java.lang.Object)'> (0x00000000c3f05cb0) 
thrown [./src/hotspot/share/interpreter/linkResolver.cpp, line 758]
Event: 0.562 Thread 0x00000000034ad010 Exception <a 'java/lang/NoSuchMethodError'{0x00000000c3f0e7e0}: 'java.lang.Object java.lang.invoke.DirectMethodHandle$Holder.newInvokeSpecial(java.lang.Object, java.lang.Object, int)'> (0x00000000c3f0e7e0) 
thrown [./src/hotspot/share/interpreter/linkResolver.cpp, line 758]
Event: 0.566 Thread 0x00000000034ad010 Exception <a 'java/lang/NoSuchMethodError'{0x00000000c3f39ac8}: 'java.lang.Object java.lang.invoke.DirectMethodHandle$Holder.invokeStatic(java.lang.Object, int, java.lang.Object)'> (0x00000000c3f39ac8) 
thrown [./src/hotspot/share/interpreter/linkResolver.cpp, line 758]
Event: 0.952 Thread 0x00000000034ad010 Exception <a 'java/lang/NoSuchMethodError'{0x00000000cbe326b8}: 'java.lang.Object java.lang.invoke.DirectMethodHandle$Holder.newInvokeSpecial(java.lang.Object, java.lang.Object, java.lang.Object, java.lang.Object, java.lang.Object)'> (0x00000000cbe326b8) 
thrown [./src/hotspot/share/interpreter/linkResolver.cpp, line 758]
Event: 0.957 Thread 0x00000000034ad010 Exception <a 'java/lang/NoSuchMethodError'{0x00000000cbe72c60}: 'java.lang.Object java.lang.invoke.DirectMethodHandle$Holder.invokeStatic(java.lang.Object, java.lang.Object, int, java.lang.Object, java.lang.Object)'> (0x00000000cbe72c60) 
thrown [./src/hotspot/share/interpreter/linkResolver.cpp, line 758]
Event: 0.957 Thread 0x00000000034ad010 Exception <a 'java/lang/NoSuchMethodError'{0x00000000cbe7cc60}: 'java.lang.Object java.lang.invoke.DirectMethodHandle$Holder.newInvokeSpecial(java.lang.Object, java.lang.Object, int, java.lang.Object)'> (0x00000000cbe7cc60) 
thrown [./src/hotspot/share/interpreter/linkResolver.cpp, line 758]
Event: 0.957 Thread 0x00000000034ad010 Exception <a 'java/lang/NoSuchMethodError'{0x00000000cbe81030}: 'java.lang.Object java.lang.invoke.DirectMethodHandle$Holder.invokeSpecial(java.lang.Object, java.lang.Object, java.lang.Object, int, java.lang.Object)'> (0x00000000cbe81030) 
thrown [./src/hotspot/share/interpreter/linkResolver.cpp, line 758]
Event: 0.963 Thread 0x00000000034ad010 Exception <a 'java/lang/NoSuchMethodError'{0x00000000cbedf8d0}: 'java.lang.Object java.lang.invoke.DirectMethodHandle$Holder.newInvokeSpecial(java.lang.Object, java.lang.Object, java.lang.Object, java.lang.Object, java.lang.Object, int)'> (0x00000000cbedf8d0) 
thrown [./src/hotspot/share/interpreter/linkResolver.cpp, line 758]
Event: 0.964 Thread 0x00000000034ad010 Exception <a 'java/lang/NoSuchMethodError'{0x00000000cbee3f38}: 'java.lang.Object java.lang.invoke.DirectMethodHandle$Holder.invokeSpecial(java.lang.Object, java.lang.Object, java.lang.Object, java.lang.Object, java.lang.Object, java.lang.Object, int)'> (0x00000000cbee3f38) 
thrown [./src/hotspot/share/interpreter/linkResolver.cpp, line 758]
Event: 0.975 Thread 0x00000000034ad010 Exception <a 'java/lang/NoSuchMethodError'{0x00000000cbd9c758}: 'java.lang.Object java.lang.invoke.DirectMethodHandle$Holder.newInvokeSpecial(java.lang.Object, java.lang.Object, java.lang.Object, java.lang.Object, int, java.lang.Object)'> (0x00000000cbd9c758) 
thrown [./src/hotspot/share/interpreter/linkResolver.cpp, line 758]
Event: 0.976 Thread 0x00000000034ad010 Exception <a 'java/lang/NoSuchMethodError'{0x00000000cbda0a30}: 'java.lang.Object java.lang.invoke.DirectMethodHandle$Holder.invokeSpecial(java.lang.Object, java.lang.Object, java.lang.Object, java.lang.Object, java.lang.Object, int, java.lang.Object)'> (0x00000000cbda0a30) 
thrown [./src/hotspot/share/interpreter/linkResolver.cpp, line 758]
Event: 1.037 Thread 0x00000000034ad010 Exception <a 'java/lang/NoSuchMethodError'{0x00000000c990b588}: 'java.lang.Object java.lang.invoke.DirectMethodHandle$Holder.invokeStaticInit(java.lang.Object, java.lang.Object, java.lang.Object, java.lang.Object, java.lang.Object)'> (0x00000000c990b588) 
thrown [./src/hotspot/share/interpreter/linkResolver.cpp, line 758]
Event: 1.037 Thread 0x00000000034ad010 Exception <a 'java/lang/NoSuchMethodError'{0x00000000c9912550}: 'java.lang.Object java.lang.invoke.Invokers$Holder.invoke_MT(java.lang.Object, java.lang.Object, java.lang.Object, java.lang.Object, java.lang.Object, java.lang.Object)'> (0x00000000c9912550) 
thrown [./src/hotspot/share/interpreter/linkResolver.cpp, line 758]
Event: 1.038 Thread 0x00000000034ad010 Exception <a 'java/lang/NoSuchMethodError'{0x00000000c991b300}: 'java.lang.Object java.lang.invoke.Invokers$Holder.invoker(java.lang.Object, java.lang.Object, java.lang.Object)'> (0x00000000c991b300) 
thrown [./src/hotspot/share/interpreter/linkResolver.cpp, line 758]
Event: 1.038 Thread 0x00000000034ad010 Exception <a 'java/lang/NoSuchMethodError'{0x00000000c99243c8}: 'java.lang.Object java.lang.invoke.Invokers$Holder.invokeExact_MT(java.lang.Object, java.lang.Object, java.lang.Object, java.lang.Object)'> (0x00000000c99243c8) 
thrown [./src/hotspot/share/interpreter/linkResolver.cpp, line 758]

VM Operations (20 events):
Event: 687.923 Executing VM operation: G1CollectForAllocation
Event: 687.924 Executing VM operation: G1CollectForAllocation done
Event: 688.094 Executing VM operation: G1CollectForAllocation
Event: 688.096 Executing VM operation: G1CollectForAllocation done
Event: 688.262 Executing VM operation: G1CollectForAllocation
Event: 688.263 Executing VM operation: G1CollectForAllocation done
Event: 688.423 Executing VM operation: G1CollectForAllocation
Event: 688.425 Executing VM operation: G1CollectForAllocation done
Event: 688.581 Executing VM operation: G1CollectForAllocation
Event: 688.582 Executing VM operation: G1CollectForAllocation done
Event: 688.739 Executing VM operation: G1CollectForAllocation
Event: 688.740 Executing VM operation: G1CollectForAllocation done
Event: 688.892 Executing VM operation: G1CollectForAllocation
Event: 688.893 Executing VM operation: G1CollectForAllocation done
Event: 689.056 Executing VM operation: G1CollectForAllocation
Event: 689.057 Executing VM operation: G1CollectForAllocation done
Event: 707.845 Executing VM operation: G1CollectFull
Event: 707.868 Executing VM operation: G1CollectFull done
Event: 708.275 Executing VM operation: G1CollectFull
Event: 708.296 Executing VM operation: G1CollectFull done

Memory protections (19 events):
Event: 0.005 Protecting memory [0x00007ffe86684000,0x00007ffe86688000] with protection modes 0
Event: 0.056 Protecting memory [0x000070d46cedb000,0x000070d46cedf000] with protection modes 0
Event: 0.057 Protecting memory [0x000070d46cddb000,0x000070d46cddf000] with protection modes 0
Event: 0.058 Protecting memory [0x000070d46ccdb000,0x000070d46ccdf000] with protection modes 0
Event: 0.058 Protecting memory [0x000070d46cbdb000,0x000070d46cbdf000] with protection modes 0
Event: 0.059 Protecting memory [0x000070d46cadb000,0x000070d46cadf000] with protection modes 0
Event: 0.059 Protecting memory [0x000070d46c9db000,0x000070d46c9df000] with protection modes 0
Event: 0.059 Protecting memory [0x000070d46c8db000,0x000070d46c8df000] with protection modes 0
Event: 0.059 Protecting memory [0x000070d46c7db000,0x000070d46c7df000] with protection modes 0
Event: 0.061 Protecting memory [0x000070d46c6db000,0x000070d46c6df000] with protection modes 0
Event: 0.063 Protecting memory [0x000070d46c4da000,0x000070d46c4de000] with protection modes 0
Event: 0.097 Protecting memory [0x000070d4d76ce000,0x000070d4d76cf000] with protection modes 1
Event: 0.104 Protecting memory [0x000070d46c3da000,0x000070d46c3de000] with protection modes 0
Event: 0.204 Protecting memory [0x000070d45dbfd000,0x000070d45dc01000] with protection modes 0
Event: 0.207 Protecting memory [0x000070d45dafd000,0x000070d45db01000] with protection modes 0
Event: 1.666 Protecting memory [0x000070d45dafd000,0x000070d45db01000] with protection modes 0
Event: 7.656 Protecting memory [0x000070d45dbfd000,0x000070d45dc01000] with protection modes 0
Event: 7.657 Protecting memory [0x000070d45dafd000,0x000070d45db01000] with protection modes 0
Event: 5460.464 Protecting memory [0x000070d45dbfd000,0x000070d45dc01000] with protection modes 0

Nmethod flushes (20 events):
Event: 2.532 Thread 0x0000000004d5d860 flushing  nmethod 0x000070d4703bca10
Event: 2.532 Thread 0x0000000004d5d860 flushing  nmethod 0x000070d4703be990
Event: 2.532 Thread 0x0000000004d5d860 flushing  nmethod 0x000070d4703c4b90
Event: 2.532 Thread 0x0000000004d5d860 flushing  nmethod 0x000070d4703cf090
Event: 2.532 Thread 0x0000000004d5d860 flushing  nmethod 0x000070d4703cfd90
Event: 2.532 Thread 0x0000000004d5d860 flushing  nmethod 0x000070d4703d1110
Event: 2.532 Thread 0x0000000004d5d860 flushing  nmethod 0x000070d4703d2490
Event: 2.532 Thread 0x0000000004d5d860 flushing  nmethod 0x000070d4703d6290
Event: 2.532 Thread 0x0000000004d5d860 flushing  nmethod 0x000070d4703e1690
Event: 2.532 Thread 0x0000000004d5d860 flushing  nmethod 0x000070d4703f5e90
Event: 2.532 Thread 0x0000000004d5d860 flushing  nmethod 0x000070d4703f8590
Event: 2.532 Thread 0x0000000004d5d860 flushing  nmethod 0x000070d4703f8e90
Event: 2.532 Thread 0x0000000004d5d860 flushing  nmethod 0x000070d470416310
Event: 2.532 Thread 0x0000000004d5d860 flushing  nmethod 0x000070d470418c90
Event: 2.532 Thread 0x0000000004d5d860 flushing  nmethod 0x000070d47041bb90
Event: 2.532 Thread 0x0000000004d5d860 flushing  nmethod 0x000070d470428a90
Event: 2.532 Thread 0x0000000004d5d860 flushing  nmethod 0x000070d470434510
Event: 2.532 Thread 0x0000000004d5d860 flushing  nmethod 0x000070d470437a10
Event: 2.532 Thread 0x0000000004d5d860 flushing  nmethod 0x000070d470439f10
Event: 2.532 Thread 0x0000000004d5d860 flushing  nmethod 0x000070d470441e90

Events (20 events):
Event: 0.058 Thread 0x00000000034ad010 Thread added: 0x0000000004d4ea10
Event: 0.058 Thread 0x00000000034ad010 Thread added: 0x0000000004d4ff30
Event: 0.059 Thread 0x00000000034ad010 Thread added: 0x0000000004d514b0
Event: 0.059 Thread 0x00000000034ad010 Thread added: 0x0000000004d52bf0
Event: 0.059 Thread 0x00000000034ad010 Thread added: 0x0000000004d54290
Event: 0.059 Thread 0x00000000034ad010 Thread added: 0x0000000004d5d860
Event: 0.061 Thread 0x00000000034ad010 Thread added: 0x0000000004d646f0
Event: 0.063 Thread 0x00000000034ad010 Thread added: 0x0000000004d67dd0
Event: 0.104 Thread 0x00000000034ad010 Thread added: 0x0000000004e98150
Event: 0.204 Thread 0x0000000004d54290 Thread added: 0x000070d3e81c8fa0
Event: 0.207 Thread 0x0000000004d54290 Thread added: 0x000070d3e8203460
Event: 1.523 Thread 0x000070d3e8203460 Thread exited: 0x000070d3e8203460
Event: 1.666 Thread 0x0000000004d54290 Thread added: 0x000070d3e86c7ba0
Event: 3.575 Thread 0x000070d3e86c7ba0 Thread exited: 0x000070d3e86c7ba0
Event: 3.642 Thread 0x000070d3e81c8fa0 Thread exited: 0x000070d3e81c8fa0
Event: 7.656 Thread 0x0000000004d52bf0 Thread added: 0x000070d3f4980040
Event: 7.657 Thread 0x0000000004d52bf0 Thread added: 0x000070d3f4128360
Event: 7.963 Thread 0x000070d3f4128360 Thread exited: 0x000070d3f4128360
Event: 11.446 Thread 0x000070d3f4980040 Thread exited: 0x000070d3f4980040
Event: 5460.464 Thread 0x0000000004d4ea10 Thread added: 0x000070d3f8000fc0


Dynamic libraries:
00400000-0041f000 r--p 00000000 08:30 58062                              /usr/bin/python3.10
0041f000-00689000 r-xp 0001f000 08:30 58062                              /usr/bin/python3.10
00689000-008bd000 r--p 00289000 08:30 58062                              /usr/bin/python3.10
008bd000-008be000 r--p 004bc000 08:30 58062                              /usr/bin/python3.10
008be000-008fe000 rw-p 004bd000 08:30 58062                              /usr/bin/python3.10
008fe000-00906000 rw-p 00000000 00:00 0 
01b7b000-0aaa2000 rw-p 00000000 00:00 0                                  [heap]
c0000000-d0900000 rw-p 00000000 00:00 0 
d0900000-ffe00000 ---p 00000000 00:00 0 
ffe00000-ffe75000 rw-p 00c77000 08:30 259095                             /usr/lib/jvm/java-17-openjdk-amd64/lib/server/classes.jsa
ffe75000-fff00000 rw-p 00000000 00:00 0 
fff00000-fff78000 rw-p 00bff000 08:30 259095                             /usr/lib/jvm/java-17-openjdk-amd64/lib/server/classes.jsa
fff78000-100000000 rw-p 00000000 00:00 0 
70d377ee5000-70d379209000 rw-p 00000000 00:00 0 
70d37a0e8000-70d37f2e8000 rw-p 00000000 00:00 0 
70d37f2e8000-70d37f2f8000 r--p 00000000 08:30 228628                     /home/thkim0/venv/v1/lib/python3.10/site-packages/matplotlib/backends/_backend_agg.cpython-310-x86_64-linux-gnu.so
70d37f2f8000-70d37f36e000 r-xp 00010000 08:30 228628                     /home/thkim0/venv/v1/lib/python3.10/site-packages/matplotlib/backends/_backend_agg.cpython-310-x86_64-linux-gnu.so
70d37f36e000-70d37f383000 r--p 00086000 08:30 228628                     /home/thkim0/venv/v1/lib/python3.10/site-packages/matplotlib/backends/_backend_agg.cpython-310-x86_64-linux-gnu.so
70d37f383000-70d37f384000 ---p 0009b000 08:30 228628                     /home/thkim0/venv/v1/lib/python3.10/site-packages/matplotlib/backends/_backend_agg.cpython-310-x86_64-linux-gnu.so
70d37f384000-70d37f385000 r--p 0009b000 08:30 228628                     /home/thkim0/venv/v1/lib/python3.10/site-packages/matplotlib/backends/_backend_agg.cpython-310-x86_64-linux-gnu.so
70d37f385000-70d37f386000 rw-p 0009c000 08:30 228628                     /home/thkim0/venv/v1/lib/python3.10/site-packages/matplotlib/backends/_backend_agg.cpython-310-x86_64-linux-gnu.so
70d37f386000-70d37f687000 rw-p 00000000 00:00 0 
70d37f687000-70d37f695000 r--p 00000000 08:30 225122                     /home/thkim0/venv/v1/lib/python3.10/site-packages/pandas/_libs/groupby.cpython-310-x86_64-linux-gnu.so
70d37f695000-70d37f7b0000 r-xp 0000e000 08:30 225122                     /home/thkim0/venv/v1/lib/python3.10/site-packages/pandas/_libs/groupby.cpython-310-x86_64-linux-gnu.so
70d37f7b0000-70d37f7c8000 r--p 00129000 08:30 225122                     /home/thkim0/venv/v1/lib/python3.10/site-packages/pandas/_libs/groupby.cpython-310-x86_64-linux-gnu.so
70d37f7c8000-70d37f7c9000 r--p 00140000 08:30 225122                     /home/thkim0/venv/v1/lib/python3.10/site-packages/pandas/_libs/groupby.cpython-310-x86_64-linux-gnu.so
70d37f7c9000-70d37f7d5000 rw-p 00141000 08:30 225122                     /home/thkim0/venv/v1/lib/python3.10/site-packages/pandas/_libs/groupby.cpython-310-x86_64-linux-gnu.so
70d37f7d5000-70d37f7d7000 rw-p 00000000 00:00 0 
70d37f7d7000-70d37f7de000 r--p 00000000 08:30 225127                     /home/thkim0/venv/v1/lib/python3.10/site-packages/pandas/_libs/reshape.cpython-310-x86_64-linux-gnu.so
70d37f7de000-70d37f80d000 r-xp 00007000 08:30 225127                     /home/thkim0/venv/v1/lib/python3.10/site-packages/pandas/_libs/reshape.cpython-310-x86_64-linux-gnu.so
70d37f80d000-70d37f815000 r--p 00036000 08:30 225127                     /home/thkim0/venv/v1/lib/python3.10/site-packages/pandas/_libs/reshape.cpython-310-x86_64-linux-gnu.so
70d37f815000-70d37f816000 r--p 0003d000 08:30 225127                     /home/thkim0/venv/v1/lib/python3.10/site-packages/pandas/_libs/reshape.cpython-310-x86_64-linux-gnu.so
70d37f816000-70d37f81a000 rw-p 0003e000 08:30 225127                     /home/thkim0/venv/v1/lib/python3.10/site-packages/pandas/_libs/reshape.cpython-310-x86_64-linux-gnu.so
70d37f81a000-70d37f91b000 rw-p 00000000 00:00 0 
70d37f91b000-70d37f924000 r--p 00000000 08:30 225201                     /home/thkim0/venv/v1/lib/python3.10/site-packages/pandas/_libs/window/aggregations.cpython-310-x86_64-linux-gnu.so
70d37f924000-70d37f96a000 r-xp 00009000 08:30 225201                     /home/thkim0/venv/v1/lib/python3.10/site-packages/pandas/_libs/window/aggregations.cpython-310-x86_64-linux-gnu.so
70d37f96a000-70d37f973000 r--p 0004f000 08:30 225201                     /home/thkim0/venv/v1/lib/python3.10/site-packages/pandas/_libs/window/aggregations.cpython-310-x86_64-linux-gnu.so
70d37f973000-70d37f974000 ---p 00058000 08:30 225201                     /home/thkim0/venv/v1/lib/python3.10/site-packages/pandas/_libs/window/aggregations.cpython-310-x86_64-linux-gnu.so
70d37f974000-70d37f975000 r--p 00058000 08:30 225201                     /home/thkim0/venv/v1/lib/python3.10/site-packages/pandas/_libs/window/aggregations.cpython-310-x86_64-linux-gnu.so
70d37f975000-70d37f97a000 rw-p 00059000 08:30 225201                     /home/thkim0/venv/v1/lib/python3.10/site-packages/pandas/_libs/window/aggregations.cpython-310-x86_64-linux-gnu.so
70d37f97a000-70d37f97c000 rw-p 00000000 00:00 0 
70d37f97c000-70d37f983000 r--p 00000000 08:30 225131                     /home/thkim0/venv/v1/lib/python3.10/site-packages/pandas/_libs/writers.cpython-310-x86_64-linux-gnu.so
70d37f983000-70d37f9a7000 r-xp 00007000 08:30 225131                     /home/thkim0/venv/v1/lib/python3.10/site-packages/pandas/_libs/writers.cpython-310-x86_64-linux-gnu.so
70d37f9a7000-70d37f9ae000 r--p 0002b000 08:30 225131                     /home/thkim0/venv/v1/lib/python3.10/site-packages/pandas/_libs/writers.cpython-310-x86_64-linux-gnu.so
70d37f9ae000-70d37f9af000 r--p 00031000 08:30 225131                     /home/thkim0/venv/v1/lib/python3.10/site-packages/pandas/_libs/writers.cpython-310-x86_64-linux-gnu.so
70d37f9af000-70d37f9b3000 rw-p 00032000 08:30 225131                     /home/thkim0/venv/v1/lib/python3.10/site-packages/pandas/_libs/writers.cpython-310-x86_64-linux-gnu.so
70d37f9b3000-70d37f9b4000 rw-p 00000000 00:00 0 
70d37f9b4000-70d37f9bc000 r--p 00000000 08:30 225155                     /home/thkim0/venv/v1/lib/python3.10/site-packages/pandas/_libs/internals.cpython-310-x86_64-linux-gnu.so
70d37f9bc000-70d37f9f9000 r-xp 00008000 08:30 225155                     /home/thkim0/venv/v1/lib/python3.10/site-packages/pandas/_libs/internals.cpython-310-x86_64-linux-gnu.so
70d37f9f9000-70d37fa03000 r--p 00045000 08:30 225155                     /home/thkim0/venv/v1/lib/python3.10/site-packages/pandas/_libs/internals.cpython-310-x86_64-linux-gnu.so
70d37fa03000-70d37fa04000 r--p 0004e000 08:30 225155                     /home/thkim0/venv/v1/lib/python3.10/site-packages/pandas/_libs/internals.cpython-310-x86_64-linux-gnu.so
70d37fa04000-70d37fa0a000 rw-p 0004f000 08:30 225155                     /home/thkim0/venv/v1/lib/python3.10/site-packages/pandas/_libs/internals.cpython-310-x86_64-linux-gnu.so
70d37fa0a000-70d37fd0b000 rw-p 00000000 00:00 0 
70d37fd0b000-70d37fd26000 r--p 00000000 08:30 205603                     /home/thkim0/venv/v1/lib/python3.10/site-packages/pyarrow/_compute.cpython-310-x86_64-linux-gnu.so
70d37fd26000-70d37fdc1000 r-xp 0001b000 08:30 205603                     /home/thkim0/venv/v1/lib/python3.10/site-packages/pyarrow/_compute.cpython-310-x86_64-linux-gnu.so
70d37fdc1000-70d37fdeb000 r--p 000b6000 08:30 205603                     /home/thkim0/venv/v1/lib/python3.10/site-packages/pyarrow/_compute.cpython-310-x86_64-linux-gnu.so
70d37fdeb000-70d37fdee000 r--p 000df000 08:30 205603                     /home/thkim0/venv/v1/lib/python3.10/site-packages/pyarrow/_compute.cpython-310-x86_64-linux-gnu.so
70d37fdee000-70d37fdfc000 rw-p 000e2000 08:30 205603                     /home/thkim0/venv/v1/lib/python3.10/site-packages/pyarrow/_compute.cpython-310-x86_64-linux-gnu.so
70d37fdfc000-70d37fe00000 rw-p 00000000 00:00 0 
70d37fe00000-70d37fe0f000 r--p 00000000 08:30 225150                     /home/thkim0/venv/v1/lib/python3.10/site-packages/pandas/_libs/join.cpython-310-x86_64-linux-gnu.so
70d37fe0f000-70d380092000 r-xp 0000f000 08:30 225150                     /home/thkim0/venv/v1/lib/python3.10/site-packages/pandas/_libs/join.cpython-310-x86_64-linux-gnu.so
70d380092000-70d3800b0000 r--p 00292000 08:30 225150                     /home/thkim0/venv/v1/lib/python3.10/site-packages/pandas/_libs/join.cpython-310-x86_64-linux-gnu.so
70d3800b0000-70d3800b1000 r--p 002af000 08:30 225150                     /home/thkim0/venv/v1/lib/python3.10/site-packages/pandas/_libs/join.cpython-310-x86_64-linux-gnu.so
70d3800b1000-70d3800ba000 rw-p 002b0000 08:30 225150                     /home/thkim0/venv/v1/lib/python3.10/site-packages/pandas/_libs/join.cpython-310-x86_64-linux-gnu.so
70d3800ba000-70d3800bd000 rw-p 00000000 00:00 0 
70d3800e9000-70d3800f2000 r--p 00000000 08:30 225188                     /home/thkim0/venv/v1/lib/python3.10/site-packages/pandas/_libs/sparse.cpython-310-x86_64-linux-gnu.so
70d3800f2000-70d3801aa000 r-xp 00009000 08:30 225188                     /home/thkim0/venv/v1/lib/python3.10/site-packages/pandas/_libs/sparse.cpython-310-x86_64-linux-gnu.so
70d3801aa000-70d3801b8000 r--p 000c1000 08:30 225188                     /home/thkim0/venv/v1/lib/python3.10/site-packages/pandas/_libs/sparse.cpython-310-x86_64-linux-gnu.so
70d3801b8000-70d3801b9000 r--p 000ce000 08:30 225188                     /home/thkim0/venv/v1/lib/python3.10/site-packages/pandas/_libs/sparse.cpython-310-x86_64-linux-gnu.so
70d3801b9000-70d3801bf000 rw-p 000cf000 08:30 225188                     /home/thkim0/venv/v1/lib/python3.10/site-packages/pandas/_libs/sparse.cpython-310-x86_64-linux-gnu.so
70d3801bf000-70d3803c0000 rw-p 00000000 00:00 0 
70d3803c0000-70d380e00000 rw-p 00000000 00:00 0 
70d380e00000-70d381144000 r--p 00000000 08:30 205681                     /home/thkim0/venv/v1/lib/python3.10/site-packages/pyarrow/libarrow.so.2400
70d381144000-70d382ec6000 r-xp 00344000 08:30 205681                     /home/thkim0/venv/v1/lib/python3.10/site-packages/pyarrow/libarrow.so.2400
70d382ec6000-70d383679000 r--p 020c6000 08:30 205681                     /home/thkim0/venv/v1/lib/python3.10/site-packages/pyarrow/libarrow.so.2400
70d383679000-70d383783000 r--p 02878000 08:30 205681                     /home/thkim0/venv/v1/lib/python3.10/site-packages/pyarrow/libarrow.so.2400
70d383783000-70d3837bf000 rw-p 02982000 08:30 205681                     /home/thkim0/venv/v1/lib/python3.10/site-packages/pyarrow/libarrow.so.2400
70d3837bf000-70d3839ef000 rw-p 00000000 00:00 0 
70d383a00000-70d383aac000 r--p 00000000 08:30 205683                     /home/thkim0/venv/v1/lib/python3.10/site-packages/pyarrow/libarrow_compute.so.2400
70d383aac000-70d3845c6000 r-xp 000ac000 08:30 205683                     /home/thkim0/venv/v1/lib/python3.10/site-packages/pyarrow/libarrow_compute.so.2400
70d3845c6000-70d3847c8000 r--p 00bc6000 08:30 205683                     /home/thkim0/venv/v1/lib/python3.10/site-packages/pyarrow/libarrow_compute.so.2400
70d3847c8000-70d3847e8000 r--p 00dc7000 08:30 205683                     /home/thkim0/venv/v1/lib/python3.10/site-packages/pyarrow/libarrow_compute.so.2400
70d3847e8000-70d3847eb000 rw-p 00de7000 08:30 205683                     /home/thkim0/venv/v1/lib/python3.10/site-packages/pyarrow/libarrow_compute.so.2400
70d3847eb000-70d3847f8000 rw-p 00000000 00:00 0 
70d3847fb000-70d384800000 r--p 00000000 08:30 225199                     /home/thkim0/venv/v1/lib/python3.10/site-packages/pandas/_libs/window/indexers.cpython-310-x86_64-linux-gnu.so
70d384800000-70d38481f000 r-xp 00005000 08:30 225199                     /home/thkim0/venv/v1/lib/python3.10/site-packages/pandas/_libs/window/indexers.cpython-310-x86_64-linux-gnu.so
70d38481f000-70d384825000 r--p 00024000 08:30 225199                     /home/thkim0/venv/v1/lib/python3.10/site-packages/pandas/_libs/window/indexers.cpython-310-x86_64-linux-gnu.so
70d384825000-70d384826000 r--p 00029000 08:30 225199                     /home/thkim0/venv/v1/lib/python3.10/site-packages/pandas/_libs/window/indexers.cpython-310-x86_64-linux-gnu.so
70d384826000-70d384829000 rw-p 0002a000 08:30 225199                     /home/thkim0/venv/v1/lib/python3.10/site-packages/pandas/_libs/window/indexers.cpython-310-x86_64-linux-gnu.so
70d384829000-70d384832000 r--p 00000000 08:30 225197                     /home/thkim0/venv/v1/lib/python3.10/site-packages/pandas/_libs/index.cpython-310-x86_64-linux-gnu.so
70d384832000-70d384893000 r-xp 00009000 08:30 225197                     /home/thkim0/venv/v1/lib/python3.10/site-packages/pandas/_libs/index.cpython-310-x86_64-linux-gnu.so
70d384893000-70d3848a0000 r--p 0006a000 08:30 225197                     /home/thkim0/venv/v1/lib/python3.10/site-packages/pandas/_libs/index.cpython-310-x86_64-linux-gnu.so
70d3848a0000-70d3848a1000 r--p 00076000 08:30 225197                     /home/thkim0/venv/v1/lib/python3.10/site-packages/pandas/_libs/index.cpython-310-x86_64-linux-gnu.so
70d3848a1000-70d3848a8000 rw-p 00077000 08:30 225197                     /home/thkim0/venv/v1/lib/python3.10/site-packages/pandas/_libs/index.cpython-310-x86_64-linux-gnu.so
70d3848a8000-70d3848aa000 rw-p 00000000 00:00 0 
70d3848aa000-70d3848d6000 r--p 00000000 08:30 205682                     /home/thkim0/venv/v1/lib/python3.10/site-packages/pyarrow/libarrow_acero.so.2400
70d3848d6000-70d3849c0000 r-xp 0002c000 08:30 205682                     /home/thkim0/venv/v1/lib/python3.10/site-packages/pyarrow/libarrow_acero.so.2400
70d3849c0000-70d3849f8000 r--p 00116000 08:30 205682                     /home/thkim0/venv/v1/lib/python3.10/site-packages/pyarrow/libarrow_acero.so.2400
70d3849f8000-70d3849fe000 r--p 0014d000 08:30 205682                     /home/thkim0/venv/v1/lib/python3.10/site-packages/pyarrow/libarrow_acero.so.2400
70d3849fe000-70d384a00000 rw-p 00153000 08:30 205682                     /home/thkim0/venv/v1/lib/python3.10/site-packages/pyarrow/libarrow_acero.so.2400
70d384a00000-70d384bae000 r--p 00000000 08:30 205696                     /home/thkim0/venv/v1/lib/python3.10/site-packages/pyarrow/libparquet.so.2400
70d384bae000-70d385166000 r-xp 001ae000 08:30 205696                     /home/thkim0/venv/v1/lib/python3.10/site-packages/pyarrow/libparquet.so.2400
70d385166000-70d385334000 r--p 00766000 08:30 205696                     /home/thkim0/venv/v1/lib/python3.10/site-packages/pyarrow/libparquet.so.2400
70d385334000-70d3853d0000 r--p 00934000 08:30 205696                     /home/thkim0/venv/v1/lib/python3.10/site-packages/pyarrow/libparquet.so.2400
70d3853d0000-70d3853dc000 rw-p 009d0000 08:30 205696                     /home/thkim0/venv/v1/lib/python3.10/site-packages/pyarrow/libparquet.so.2400
70d3853dc000-70d3853e0000 rw-p 00000000 00:00 0 
70d385400000-70d38544b000 r--p 00000000 08:30 205695                     /home/thkim0/venv/v1/lib/python3.10/site-packages/pyarrow/libarrow_substrait.so.2400
70d38544b000-70d385728000 r-xp 0004b000 08:30 205695                     /home/thkim0/venv/v1/lib/python3.10/site-packages/pyarrow/libarrow_substrait.so.2400
70d385728000-70d3857d5000 r--p 00328000 08:30 205695                     /home/thkim0/venv/v1/lib/python3.10/site-packages/pyarrow/libarrow_substrait.so.2400
70d3857d5000-70d3857e3000 r--p 003d4000 08:30 205695                     /home/thkim0/venv/v1/lib/python3.10/site-packages/pyarrow/libarrow_substrait.so.2400
70d3857e3000-70d3857f9000 rw-p 003e2000 08:30 205695                     /home/thkim0/venv/v1/lib/python3.10/site-packages/pyarrow/libarrow_substrait.so.2400
70d3857f9000-70d3857fa000 rw-p 00000000 00:00 0 
70d385816000-70d38581a000 r--p 00000000 08:30 225143                     /home/thkim0/venv/v1/lib/python3.10/site-packages/pandas/_libs/arrays.cpython-310-x86_64-linux-gnu.so
70d38581a000-70d385828000 r-xp 00004000 08:30 225143                     /home/thkim0/venv/v1/lib/python3.10/site-packages/pandas/_libs/arrays.cpython-310-x86_64-linux-gnu.so
70d385828000-70d38582b000 r--p 00012000 08:30 225143                     /home/thkim0/venv/v1/lib/python3.10/site-packages/pandas/_libs/arrays.cpython-310-x86_64-linux-gnu.so
70d38582b000-70d38582c000 r--p 00014000 08:30 225143                     /home/thkim0/venv/v1/lib/python3.10/site-packages/pandas/_libs/arrays.cpython-310-x86_64-linux-gnu.so
70d38582c000-70d38582e000 rw-p 00015000 08:30 225143                     /home/thkim0/venv/v1/lib/python3.10/site-packages/pandas/_libs/arrays.cpython-310-x86_64-linux-gnu.so
70d38582e000-70d385834000 r--p 00000000 08:30 225142                     /home/thkim0/venv/v1/lib/python3.10/site-packages/pandas/_libs/ops.cpython-310-x86_64-linux-gnu.so
70d385834000-70d38585e000 r-xp 00006000 08:30 225142                     /home/thkim0/venv/v1/lib/python3.10/site-packages/pandas/_libs/ops.cpython-310-x86_64-linux-gnu.so
70d38585e000-70d385865000 r--p 00030000 08:30 225142                     /home/thkim0/venv/v1/lib/python3.10/site-packages/pandas/_libs/ops.cpython-310-x86_64-linux-gnu.so
70d385865000-70d385866000 r--p 00036000 08:30 225142                     /home/thkim0/venv/v1/lib/python3.10/site-packages/pandas/_libs/ops.cpython-310-x86_64-linux-gnu.so
70d385866000-70d38586a000 rw-p 00037000 08:30 225142                     /home/thkim0/venv/v1/lib/python3.10/site-packages/pandas/_libs/ops.cpython-310-x86_64-linux-gnu.so
70d38586a000-70d3858ad000 r--p 00000000 08:30 205687                     /home/thkim0/venv/v1/lib/python3.10/site-packages/pyarrow/libarrow_python.so.2400
70d3858ad000-70d3859af000 r-xp 00043000 08:30 205687                     /home/thkim0/venv/v1/lib/python3.10/site-packages/pyarrow/libarrow_python.so.2400
70d3859af000-70d3859f2000 r--p 00145000 08:30 205687                     /home/thkim0/venv/v1/lib/python3.10/site-packages/pyarrow/libarrow_python.so.2400
70d3859f2000-70d3859fe000 r--p 00187000 08:30 205687                     /home/thkim0/venv/v1/lib/python3.10/site-packages/pyarrow/libarrow_python.so.2400
70d3859fe000-70d385a00000 rw-p 00193000 08:30 205687                     /home/thkim0/venv/v1/lib/python3.10/site-packages/pyarrow/libarrow_python.so.2400
70d385a00000-70d385a3f000 r--p 00000000 08:30 205678                     /home/thkim0/venv/v1/lib/python3.10/site-packages/pyarrow/lib.cpython-310-x86_64-linux-gnu.so
70d385a3f000-70d385c8d000 r-xp 0003f000 08:30 205678                     /home/thkim0/venv/v1/lib/python3.10/site-packages/pyarrow/lib.cpython-310-x86_64-linux-gnu.so
70d385c8d000-70d385d41000 r--p 0028d000 08:30 205678                     /home/thkim0/venv/v1/lib/python3.10/site-packages/pyarrow/lib.cpython-310-x86_64-linux-gnu.so
70d385d41000-70d385d43000 r--p 00341000 08:30 205678                     /home/thkim0/venv/v1/lib/python3.10/site-packages/pyarrow/lib.cpython-310-x86_64-linux-gnu.so
70d385d43000-70d385d6c000 rw-p 00343000 08:30 205678                     /home/thkim0/venv/v1/lib/python3.10/site-packages/pyarrow/lib.cpython-310-x86_64-linux-gnu.so
70d385d6c000-70d385d7a000 rw-p 00000000 00:00 0 
70d385d81000-70d385dc3000 r--p 00000000 08:30 205684                     /home/thkim0/venv/v1/lib/python3.10/site-packages/pyarrow/libarrow_dataset.so.2400
70d385dc3000-70d385e9f000 r-xp 00042000 08:30 205684                     /home/thkim0/venv/v1/lib/python3.10/site-packages/pyarrow/libarrow_dataset.so.2400
70d385e9f000-70d385ee2000 r--p 0011e000 08:30 205684                     /home/thkim0/venv/v1/lib/python3.10/site-packages/pyarrow/libarrow_dataset.so.2400
70d385ee2000-70d385eea000 r--p 00161000 08:30 205684                     /home/thkim0/venv/v1/lib/python3.10/site-packages/pyarrow/libarrow_dataset.so.2400
70d385eea000-70d385eeb000 rw-p 00169000 08:30 205684                     /home/thkim0/venv/v1/lib/python3.10/site-packages/pyarrow/libarrow_dataset.so.2400
70d385eeb000-70d385feb000 rw-p 00000000 00:00 0 
70d385feb000-70d385ff1000 r--p 00000000 08:30 225145                     /home/thkim0/venv/v1/lib/python3.10/site-packages/pandas/_libs/hashing.cpython-310-x86_64-linux-gnu.so
70d385ff1000-70d386011000 r-xp 00006000 08:30 225145                     /home/thkim0/venv/v1/lib/python3.10/site-packages/pandas/_libs/hashing.cpython-310-x86_64-linux-gnu.so
70d386011000-70d386017000 r--p 00026000 08:30 225145                     /home/thkim0/venv/v1/lib/python3.10/site-packages/pandas/_libs/hashing.cpython-310-x86_64-linux-gnu.so
70d386017000-70d386018000 r--p 0002b000 08:30 225145                     /home/thkim0/venv/v1/lib/python3.10/site-packages/pandas/_libs/hashing.cpython-310-x86_64-linux-gnu.so
70d386018000-70d38601b000 rw-p 0002c000 08:30 225145                     /home/thkim0/venv/v1/lib/python3.10/site-packages/pandas/_libs/hashing.cpython-310-x86_64-linux-gnu.so
70d38601b000-70d386020000 r--p 00000000 08:30 225154                     /home/thkim0/venv/v1/lib/python3.10/site-packages/pandas/_libs/tslib.cpython-310-x86_64-linux-gnu.so
70d386020000-70d386042000 r-xp 00005000 08:30 225154                     /home/thkim0/venv/v1/lib/python3.10/site-packages/pandas/_libs/tslib.cpython-310-x86_64-linux-gnu.so
70d386042000-70d386046000 r--p 00027000 08:30 225154                     /home/thkim0/venv/v1/lib/python3.10/site-packages/pandas/_libs/tslib.cpython-310-x86_64-linux-gnu.so
70d386046000-70d386047000 r--p 0002a000 08:30 225154                     /home/thkim0/venv/v1/lib/python3.10/site-packages/pandas/_libs/tslib.cpython-310-x86_64-linux-gnu.so
70d386047000-70d38604a000 rw-p 0002b000 08:30 225154                     /home/thkim0/venv/v1/lib/python3.10/site-packages/pandas/_libs/tslib.cpython-310-x86_64-linux-gnu.so
70d38604a000-70d386058000 r--p 00000000 08:30 225170                     /home/thkim0/venv/v1/lib/python3.10/site-packages/pandas/_libs/lib.cpython-310-x86_64-linux-gnu.so
70d386058000-70d3860d4000 r-xp 0000e000 08:30 225170                     /home/thkim0/venv/v1/lib/python3.10/site-packages/pandas/_libs/lib.cpython-310-x86_64-linux-gnu.so
70d3860d4000-70d3860e5000 r--p 0008a000 08:30 225170                     /home/thkim0/venv/v1/lib/python3.10/site-packages/pandas/_libs/lib.cpython-310-x86_64-linux-gnu.so
70d3860e5000-70d3860e6000 ---p 0009b000 08:30 225170                     /home/thkim0/venv/v1/lib/python3.10/site-packages/pandas/_libs/lib.cpython-310-x86_64-linux-gnu.so
70d3860e6000-70d3860e7000 r--p 0009b000 08:30 225170                     /home/thkim0/venv/v1/lib/python3.10/site-packages/pandas/_libs/lib.cpython-310-x86_64-linux-gnu.so
70d3860e7000-70d3860f5000 rw-p 0009c000 08:30 225170                     /home/thkim0/venv/v1/lib/python3.10/site-packages/pandas/_libs/lib.cpython-310-x86_64-linux-gnu.so
70d3860f5000-70d3860f7000 rw-p 00000000 00:00 0 
70d3860f7000-70d386109000 r--p 00000000 08:30 225153                     /home/thkim0/venv/v1/lib/python3.10/site-packages/pandas/_libs/algos.cpython-310-x86_64-linux-gnu.so
70d386109000-70d386268000 r-xp 00012000 08:30 225153                     /home/thkim0/venv/v1/lib/python3.10/site-packages/pandas/_libs/algos.cpython-310-x86_64-linux-gnu.so
70d386268000-70d386287000 r--p 00171000 08:30 225153                     /home/thkim0/venv/v1/lib/python3.10/site-packages/pandas/_libs/algos.cpython-310-x86_64-linux-gnu.so
70d386287000-70d386288000 r--p 0018f000 08:30 225153                     /home/thkim0/venv/v1/lib/python3.10/site-packages/pandas/_libs/algos.cpython-310-x86_64-linux-gnu.so
70d386288000-70d386294000 rw-p 00190000 08:30 225153                     /home/thkim0/venv/v1/lib/python3.10/site-packages/pandas/_libs/algos.cpython-310-x86_64-linux-gnu.so
70d386294000-70d386297000 rw-p 00000000 00:00 0 
70d386297000-70d3862a2000 r--p 00000000 08:30 225271                     /home/thkim0/venv/v1/lib/python3.10/site-packages/pandas/_libs/tslibs/period.cpython-310-x86_64-linux-gnu.so
70d3862a2000-70d3862e9000 r-xp 0000b000 08:30 225271                     /home/thkim0/venv/v1/lib/python3.10/site-packages/pandas/_libs/tslibs/period.cpython-310-x86_64-linux-gnu.so
70d3862e9000-70d3862fc000 r--p 00052000 08:30 225271                     /home/thkim0/venv/v1/lib/python3.10/site-packages/pandas/_libs/tslibs/period.cpython-310-x86_64-linux-gnu.so
70d3862fc000-70d3862fd000 r--p 00064000 08:30 225271                     /home/thkim0/venv/v1/lib/python3.10/site-packages/pandas/_libs/tslibs/period.cpython-310-x86_64-linux-gnu.so
70d3862fd000-70d386306000 rw-p 00065000 08:30 225271                     /home/thkim0/venv/v1/lib/python3.10/site-packages/pandas/_libs/tslibs/period.cpython-310-x86_64-linux-gnu.so
70d386306000-70d386307000 rw-p 00000000 00:00 0 
70d386307000-70d386313000 r--p 00000000 08:30 225287                     /home/thkim0/venv/v1/lib/python3.10/site-packages/pandas/_libs/tslibs/timestamps.cpython-310-x86_64-linux-gnu.so
70d386313000-70d386365000 r-xp 0000c000 08:30 225287                     /home/thkim0/venv/v1/lib/python3.10/site-packages/pandas/_libs/tslibs/timestamps.cpython-310-x86_64-linux-gnu.so
70d386365000-70d38637b000 r--p 0005e000 08:30 225287                     /home/thkim0/venv/v1/lib/python3.10/site-packages/pandas/_libs/tslibs/timestamps.cpython-310-x86_64-linux-gnu.so
70d38637b000-70d38637c000 r--p 00073000 08:30 225287                     /home/thkim0/venv/v1/lib/python3.10/site-packages/pandas/_libs/tslibs/timestamps.cpython-310-x86_64-linux-gnu.so
70d38637c000-70d386389000 rw-p 00074000 08:30 225287                     /home/thkim0/venv/v1/lib/python3.10/site-packages/pandas/_libs/tslibs/timestamps.cpython-310-x86_64-linux-gnu.so
70d386389000-70d38638b000 rw-p 00000000 00:00 0 
70d38638b000-70d38639d000 r--p 00000000 08:30 225263                     /home/thkim0/venv/v1/lib/python3.10/site-packages/pandas/_libs/tslibs/offsets.cpython-310-x86_64-linux-gnu.so
70d38639d000-70d386460000 r-xp 00012000 08:30 225263                     /home/thkim0/venv/v1/lib/python3.10/site-packages/pandas/_libs/tslibs/offsets.cpython-310-x86_64-linux-gnu.so
70d386460000-70d38647a000 r--p 000d5000 08:30 225263                     /home/thkim0/venv/v1/lib/python3.10/site-packages/pandas/_libs/tslibs/offsets.cpython-310-x86_64-linux-gnu.so
70d38647a000-70d38647b000 r--p 000ee000 08:30 225263                     /home/thkim0/venv/v1/lib/python3.10/site-packages/pandas/_libs/tslibs/offsets.cpython-310-x86_64-linux-gnu.so
70d38647b000-70d38648e000 rw-p 000ef000 08:30 225263                     /home/thkim0/venv/v1/lib/python3.10/site-packages/pandas/_libs/tslibs/offsets.cpython-310-x86_64-linux-gnu.so
70d38648e000-70d386491000 rw-p 00000000 00:00 0 
70d386491000-70d3864a2000 r--p 00000000 08:30 225125                     /home/thkim0/venv/v1/lib/python3.10/site-packages/pandas/_libs/hashtable.cpython-310-x86_64-linux-gnu.so
70d3864a2000-70d3865c3000 r-xp 00011000 08:30 225125                     /home/thkim0/venv/v1/lib/python3.10/site-packages/pandas/_libs/hashtable.cpython-310-x86_64-linux-gnu.so
70d3865c3000-70d3865e2000 r--p 00132000 08:30 225125                     /home/thkim0/venv/v1/lib/python3.10/site-packages/pandas/_libs/hashtable.cpython-310-x86_64-linux-gnu.so
70d3865e2000-70d3865e3000 r--p 00150000 08:30 225125                     /home/thkim0/venv/v1/lib/python3.10/site-packages/pandas/_libs/hashtable.cpython-310-x86_64-linux-gnu.so
70d3865e3000-70d3865fe000 rw-p 00151000 08:30 225125                     /home/thkim0/venv/v1/lib/python3.10/site-packages/pandas/_libs/hashtable.cpython-310-x86_64-linux-gnu.so
70d3865fe000-70d386800000 rw-p 00000000 00:00 0 
70d38680a000-70d386814000 r--p 00000000 08:30 225239                     /home/thkim0/venv/v1/lib/python3.10/site-packages/pandas/_libs/tslibs/strptime.cpython-310-x86_64-linux-gnu.so
70d386814000-70d38685d000 r-xp 0000a000 08:30 225239                     /home/thkim0/venv/v1/lib/python3.10/site-packages/pandas/_libs/tslibs/strptime.cpython-310-x86_64-linux-gnu.so
70d38685d000-70d386867000 r--p 00053000 08:30 225239                     /home/thkim0/venv/v1/lib/python3.10/site-packages/pandas/_libs/tslibs/strptime.cpython-310-x86_64-linux-gnu.so
70d386867000-70d386868000 r--p 0005c000 08:30 225239                     /home/thkim0/venv/v1/lib/python3.10/site-packages/pandas/_libs/tslibs/strptime.cpython-310-x86_64-linux-gnu.so
70d386868000-70d38686f000 rw-p 0005d000 08:30 225239                     /home/thkim0/venv/v1/lib/python3.10/site-packages/pandas/_libs/tslibs/strptime.cpython-310-x86_64-linux-gnu.so
70d38686f000-70d386870000 rw-p 00000000 00:00 0 
70d386870000-70d386878000 r--p 00000000 08:30 225241                     /home/thkim0/venv/v1/lib/python3.10/site-packages/pandas/_libs/tslibs/fields.cpython-310-x86_64-linux-gnu.so
70d386878000-70d3868af000 r-xp 00008000 08:30 225241                     /home/thkim0/venv/v1/lib/python3.10/site-packages/pandas/_libs/tslibs/fields.cpython-310-x86_64-linux-gnu.so
70d3868af000-70d3868b8000 r--p 0003f000 08:30 225241                     /home/thkim0/venv/v1/lib/python3.10/site-packages/pandas/_libs/tslibs/fields.cpython-310-x86_64-linux-gnu.so
70d3868b8000-70d3868b9000 r--p 00047000 08:30 225241                     /home/thkim0/venv/v1/lib/python3.10/site-packages/pandas/_libs/tslibs/fields.cpython-310-x86_64-linux-gnu.so
70d3868b9000-70d3868be000 rw-p 00048000 08:30 225241                     /home/thkim0/venv/v1/lib/python3.10/site-packages/pandas/_libs/tslibs/fields.cpython-310-x86_64-linux-gnu.so
70d3868be000-70d3868bf000 rw-p 00000000 00:00 0 
70d3868bf000-70d3868cd000 r--p 00000000 08:30 225177                     /home/thkim0/venv/v1/lib/python3.10/site-packages/pandas/_libs/interval.cpython-310-x86_64-linux-gnu.so
70d3868cd000-70d3869d2000 r-xp 0000e000 08:30 225177                     /home/thkim0/venv/v1/lib/python3.10/site-packages/pandas/_libs/interval.cpython-310-x86_64-linux-gnu.so
70d3869d2000-70d3869f2000 r--p 00113000 08:30 225177                     /home/thkim0/venv/v1/lib/python3.10/site-packages/pandas/_libs/interval.cpython-310-x86_64-linux-gnu.so
70d3869f2000-70d3869f3000 r--p 00132000 08:30 225177                     /home/thkim0/venv/v1/lib/python3.10/site-packages/pandas/_libs/interval.cpython-310-x86_64-linux-gnu.so
70d3869f3000-70d3869ff000 rw-p 00133000 08:30 225177                     /home/thkim0/venv/v1/lib/python3.10/site-packages/pandas/_libs/interval.cpython-310-x86_64-linux-gnu.so
70d3869ff000-70d386a00000 rw-p 00000000 00:00 0 
70d386a00000-70d386a39000 r-xp 00000000 08:30 210116                     /home/thkim0/venv/v1/lib/python3.10/site-packages/kiwisolver/_cext.cpython-310-x86_64-linux-gnu.so
70d386a39000-70d386c38000 ---p 00039000 08:30 210116                     /home/thkim0/venv/v1/lib/python3.10/site-packages/kiwisolver/_cext.cpython-310-x86_64-linux-gnu.so
70d386c38000-70d386c39000 r--p 00038000 08:30 210116                     /home/thkim0/venv/v1/lib/python3.10/site-packages/kiwisolver/_cext.cpython-310-x86_64-linux-gnu.so
70d386c39000-70d386c3a000 rw-p 00039000 08:30 210116                     /home/thkim0/venv/v1/lib/python3.10/site-packages/kiwisolver/_cext.cpython-310-x86_64-linux-gnu.so
70d386c3a000-70d386c3b000 rw-p 00000000 00:00 0 
70d386c4c000-70d386c52000 r--p 00000000 08:30 225265                     /home/thkim0/venv/v1/lib/python3.10/site-packages/pandas/_libs/tslibs/vectorized.cpython-310-x86_64-linux-gnu.so
70d386c52000-70d386c7d000 r-xp 00006000 08:30 225265                     /home/thkim0/venv/v1/lib/python3.10/site-packages/pandas/_libs/tslibs/vectorized.cpython-310-x86_64-linux-gnu.so
70d386c7d000-70d386c84000 r--p 00031000 08:30 225265                     /home/thkim0/venv/v1/lib/python3.10/site-packages/pandas/_libs/tslibs/vectorized.cpython-310-x86_64-linux-gnu.so
70d386c84000-70d386c85000 r--p 00037000 08:30 225265                     /home/thkim0/venv/v1/lib/python3.10/site-packages/pandas/_libs/tslibs/vectorized.cpython-310-x86_64-linux-gnu.so
70d386c85000-70d386c89000 rw-p 00038000 08:30 225265                     /home/thkim0/venv/v1/lib/python3.10/site-packages/pandas/_libs/tslibs/vectorized.cpython-310-x86_64-linux-gnu.so
70d386c89000-70d386c94000 r--p 00000000 08:30 225251                     /home/thkim0/venv/v1/lib/python3.10/site-packages/pandas/_libs/tslibs/timedeltas.cpython-310-x86_64-linux-gnu.so
70d386c94000-70d386ce7000 r-xp 0000b000 08:30 225251                     /home/thkim0/venv/v1/lib/python3.10/site-packages/pandas/_libs/tslibs/timedeltas.cpython-310-x86_64-linux-gnu.so
70d386ce7000-70d386cf5000 r--p 0005e000 08:30 225251                     /home/thkim0/venv/v1/lib/python3.10/site-packages/pandas/_libs/tslibs/timedeltas.cpython-310-x86_64-linux-gnu.so
70d386cf5000-70d386cf6000 ---p 0006c000 08:30 225251                     /home/thkim0/venv/v1/lib/python3.10/site-packages/pandas/_libs/tslibs/timedeltas.cpython-310-x86_64-linux-gnu.so
70d386cf6000-70d386cf7000 r--p 0006c000 08:30 225251                     /home/thkim0/venv/v1/lib/python3.10/site-packages/pandas/_libs/tslibs/timedeltas.cpython-310-x86_64-linux-gnu.so
70d386cf7000-70d386cff000 rw-p 0006d000 08:30 225251                     /home/thkim0/venv/v1/lib/python3.10/site-packages/pandas/_libs/tslibs/timedeltas.cpython-310-x86_64-linux-gnu.so
70d386cff000-70d38802f000 rw-p 00000000 00:00 0 
70d38802f000-70d38c000000 ---p 00000000 00:00 0 
70d38c000000-70d38e000000 rw-p 00000000 00:00 0 
70d38e000000-70d390000000 rw-p 00000000 00:00 0 
70d390000000-70d390021000 rw-p 00000000 00:00 0 
70d390021000-70d394000000 ---p 00000000 00:00 0 
70d394000000-70d394500000 rw-p 00000000 00:00 0 
70d39450b000-70d394516000 r--p 00000000 08:30 225245                     /home/thkim0/venv/v1/lib/python3.10/site-packages/pandas/_libs/tslibs/parsing.cpython-310-x86_64-linux-gnu.so
70d394516000-70d394568000 r-xp 0000b000 08:30 225245                     /home/thkim0/venv/v1/lib/python3.10/site-packages/pandas/_libs/tslibs/parsing.cpython-310-x86_64-linux-gnu.so
70d394568000-70d394574000 r--p 0005d000 08:30 225245                     /home/thkim0/venv/v1/lib/python3.10/site-packages/pandas/_libs/tslibs/parsing.cpython-310-x86_64-linux-gnu.so
70d394574000-70d394575000 r--p 00068000 08:30 225245                     /home/thkim0/venv/v1/lib/python3.10/site-packages/pandas/_libs/tslibs/parsing.cpython-310-x86_64-linux-gnu.so
70d394575000-70d39457d000 rw-p 00069000 08:30 225245                     /home/thkim0/venv/v1/lib/python3.10/site-packages/pandas/_libs/tslibs/parsing.cpython-310-x86_64-linux-gnu.so
70d39457d000-70d39457e000 rw-p 00000000 00:00 0 
70d39457e000-70d394585000 r--p 00000000 08:30 225250                     /home/thkim0/venv/v1/lib/python3.10/site-packages/pandas/_libs/tslibs/tzconversion.cpython-310-x86_64-linux-gnu.so
70d394585000-70d3945c3000 r-xp 00007000 08:30 225250                     /home/thkim0/venv/v1/lib/python3.10/site-packages/pandas/_libs/tslibs/tzconversion.cpython-310-x86_64-linux-gnu.so
70d3945c3000-70d3945cb000 r--p 00045000 08:30 225250                     /home/thkim0/venv/v1/lib/python3.10/site-packages/pandas/_libs/tslibs/tzconversion.cpython-310-x86_64-linux-gnu.so
70d3945cb000-70d3945cc000 r--p 0004c000 08:30 225250                     /home/thkim0/venv/v1/lib/python3.10/site-packages/pandas/_libs/tslibs/tzconversion.cpython-310-x86_64-linux-gnu.so
70d3945cc000-70d3945d0000 rw-p 0004d000 08:30 225250                     /home/thkim0/venv/v1/lib/python3.10/site-packages/pandas/_libs/tslibs/tzconversion.cpython-310-x86_64-linux-gnu.so
70d3945d0000-70d3946d1000 rw-p 00000000 00:00 0 
70d3946d1000-70d3946ea000 r--p 00000000 08:30 228547                     /home/thkim0/venv/v1/lib/python3.10/site-packages/matplotlib/ft2font.cpython-310-x86_64-linux-gnu.so
70d3946ea000-70d3947ba000 r-xp 00019000 08:30 228547                     /home/thkim0/venv/v1/lib/python3.10/site-packages/matplotlib/ft2font.cpython-310-x86_64-linux-gnu.so
70d3947ba000-70d3947f7000 r--p 000e9000 08:30 228547                     /home/thkim0/venv/v1/lib/python3.10/site-packages/matplotlib/ft2font.cpython-310-x86_64-linux-gnu.so
70d3947f7000-70d3947fe000 r--p 00125000 08:30 228547                     /home/thkim0/venv/v1/lib/python3.10/site-packages/matplotlib/ft2font.cpython-310-x86_64-linux-gnu.so
70d3947fe000-70d3947ff000 rw-p 0012c000 08:30 228547                     /home/thkim0/venv/v1/lib/python3.10/site-packages/matplotlib/ft2font.cpython-310-x86_64-linux-gnu.so
70d3947ff000-70d394b00000 rw-p 00000000 00:00 0 
70d394b0b000-70d394b0e000 r--p 00000000 08:30 225152                     /home/thkim0/venv/v1/lib/python3.10/site-packages/pandas/_libs/indexing.cpython-310-x86_64-linux-gnu.so
70d394b0e000-70d394b13000 r-xp 00003000 08:30 225152                     /home/thkim0/venv/v1/lib/python3.10/site-packages/pandas/_libs/indexing.cpython-310-x86_64-linux-gnu.so
70d394b13000-70d394b15000 r--p 00008000 08:30 225152                     /home/thkim0/venv/v1/lib/python3.10/site-packages/pandas/_libs/indexing.cpython-310-x86_64-linux-gnu.so
70d394b15000-70d394b16000 r--p 00009000 08:30 225152                     /home/thkim0/venv/v1/lib/python3.10/site-packages/pandas/_libs/indexing.cpython-310-x86_64-linux-gnu.so
70d394b16000-70d394b17000 rw-p 0000a000 08:30 225152                     /home/thkim0/venv/v1/lib/python3.10/site-packages/pandas/_libs/indexing.cpython-310-x86_64-linux-gnu.so
70d394b17000-70d394b1d000 r--p 00000000 08:30 225275                     /home/thkim0/venv/v1/lib/python3.10/site-packages/pandas/_libs/tslibs/timezones.cpython-310-x86_64-linux-gnu.so
70d394b1d000-70d394b49000 r-xp 00006000 08:30 225275                     /home/thkim0/venv/v1/lib/python3.10/site-packages/pandas/_libs/tslibs/timezones.cpython-310-x86_64-linux-gnu.so
70d394b49000-70d394b50000 r--p 00032000 08:30 225275                     /home/thkim0/venv/v1/lib/python3.10/site-packages/pandas/_libs/tslibs/timezones.cpython-310-x86_64-linux-gnu.so
70d394b50000-70d394b51000 ---p 00039000 08:30 225275                     /home/thkim0/venv/v1/lib/python3.10/site-packages/pandas/_libs/tslibs/timezones.cpython-310-x86_64-linux-gnu.so
70d394b51000-70d394b52000 r--p 00039000 08:30 225275                     /home/thkim0/venv/v1/lib/python3.10/site-packages/pandas/_libs/tslibs/timezones.cpython-310-x86_64-linux-gnu.so
70d394b52000-70d394b56000 rw-p 0003a000 08:30 225275                     /home/thkim0/venv/v1/lib/python3.10/site-packages/pandas/_libs/tslibs/timezones.cpython-310-x86_64-linux-gnu.so
70d394b56000-70d394b57000 rw-p 00000000 00:00 0 
70d394b57000-70d394b5e000 r--p 00000000 08:30 225276                     /home/thkim0/venv/v1/lib/python3.10/site-packages/pandas/_libs/tslibs/nattype.cpython-310-x86_64-linux-gnu.so
70d394b5e000-70d394b78000 r-xp 00007000 08:30 225276                     /home/thkim0/venv/v1/lib/python3.10/site-packages/pandas/_libs/tslibs/nattype.cpython-310-x86_64-linux-gnu.so
70d394b78000-70d394b83000 r--p 00021000 08:30 225276                     /home/thkim0/venv/v1/lib/python3.10/site-packages/pandas/_libs/tslibs/nattype.cpython-310-x86_64-linux-gnu.so
70d394b83000-70d394b84000 r--p 0002b000 08:30 225276                     /home/thkim0/venv/v1/lib/python3.10/site-packages/pandas/_libs/tslibs/nattype.cpython-310-x86_64-linux-gnu.so
70d394b84000-70d394b89000 rw-p 0002c000 08:30 225276                     /home/thkim0/venv/v1/lib/python3.10/site-packages/pandas/_libs/tslibs/nattype.cpython-310-x86_64-linux-gnu.so
70d394b89000-70d394c8a000 rw-p 00000000 00:00 0 
70d394c8a000-70d394c99000 r--p 00000000 08:30 228490                     /home/thkim0/venv/v1/lib/python3.10/site-packages/matplotlib/_image.cpython-310-x86_64-linux-gnu.so
70d394c99000-70d394cec000 r-xp 0000f000 08:30 228490                     /home/thkim0/venv/v1/lib/python3.10/site-packages/matplotlib/_image.cpython-310-x86_64-linux-gnu.so
70d394cec000-70d394cfd000 r--p 00062000 08:30 228490                     /home/thkim0/venv/v1/lib/python3.10/site-packages/matplotlib/_image.cpython-310-x86_64-linux-gnu.so
70d394cfd000-70d394cfe000 r--p 00072000 08:30 228490                     /home/thkim0/venv/v1/lib/python3.10/site-packages/matplotlib/_image.cpython-310-x86_64-linux-gnu.so
70d394cfe000-70d394cff000 rw-p 00073000 08:30 228490                     /home/thkim0/venv/v1/lib/python3.10/site-packages/matplotlib/_image.cpython-310-x86_64-linux-gnu.so
70d394cff000-70d394e00000 rw-p 00000000 00:00 0 
70d394e00000-70d394e03000 r-xp 00000000 08:30 206861                     /home/thkim0/venv/v1/lib/python3.10/site-packages/Pillow.libs/libXau-154567c4.so.6.0.0
70d394e03000-70d395002000 ---p 00003000 08:30 206861                     /home/thkim0/venv/v1/lib/python3.10/site-packages/Pillow.libs/libXau-154567c4.so.6.0.0
70d395002000-70d395003000 r--p 00002000 08:30 206861                     /home/thkim0/venv/v1/lib/python3.10/site-packages/Pillow.libs/libXau-154567c4.so.6.0.0
70d395003000-70d395004000 rw-p 00000000 00:00 0 
70d395004000-70d395005000 rw-p 00005000 08:30 206861                     /home/thkim0/venv/v1/lib/python3.10/site-packages/Pillow.libs/libXau-154567c4.so.6.0.0
70d395005000-70d395009000 r--p 00000000 08:30 225147                     /home/thkim0/venv/v1/lib/python3.10/site-packages/pandas/_libs/ops_dispatch.cpython-310-x86_64-linux-gnu.so
70d395009000-70d395010000 r-xp 00004000 08:30 225147                     /home/thkim0/venv/v1/lib/python3.10/site-packages/pandas/_libs/ops_dispatch.cpython-310-x86_64-linux-gnu.so
70d395010000-70d395012000 r--p 0000b000 08:30 225147                     /home/thkim0/venv/v1/lib/python3.10/site-packages/pandas/_libs/ops_dispatch.cpython-310-x86_64-linux-gnu.so
70d395012000-70d395013000 r--p 0000c000 08:30 225147                     /home/thkim0/venv/v1/lib/python3.10/site-packages/pandas/_libs/ops_dispatch.cpython-310-x86_64-linux-gnu.so
70d395013000-70d395015000 rw-p 0000d000 08:30 225147                     /home/thkim0/venv/v1/lib/python3.10/site-packages/pandas/_libs/ops_dispatch.cpython-310-x86_64-linux-gnu.so
70d395015000-70d39501d000 r--p 00000000 08:30 225238                     /home/thkim0/venv/v1/lib/python3.10/site-packages/pandas/_libs/tslibs/conversion.cpython-310-x86_64-linux-gnu.so
70d39501d000-70d395052000 r-xp 00008000 08:30 225238                     /home/thkim0/venv/v1/lib/python3.10/site-packages/pandas/_libs/tslibs/conversion.cpython-310-x86_64-linux-gnu.so
70d395052000-70d39505b000 r--p 0003d000 08:30 225238                     /home/thkim0/venv/v1/lib/python3.10/site-packages/pandas/_libs/tslibs/conversion.cpython-310-x86_64-linux-gnu.so
70d39505b000-70d39505c000 r--p 00045000 08:30 225238                     /home/thkim0/venv/v1/lib/python3.10/site-packages/pandas/_libs/tslibs/conversion.cpython-310-x86_64-linux-gnu.so
70d39505c000-70d395060000 rw-p 00046000 08:30 225238                     /home/thkim0/venv/v1/lib/python3.10/site-packages/pandas/_libs/tslibs/conversion.cpython-310-x86_64-linux-gnu.so
70d395060000-70d395061000 rw-p 00000000 00:00 0 
70d395061000-70d395070000 r--p 00000000 08:30 228496                     /home/thkim0/venv/v1/lib/python3.10/site-packages/matplotlib/_path.cpython-310-x86_64-linux-gnu.so
70d395070000-70d3950b4000 r-xp 0000f000 08:30 228496                     /home/thkim0/venv/v1/lib/python3.10/site-packages/matplotlib/_path.cpython-310-x86_64-linux-gnu.so
70d3950b4000-70d3950c4000 r--p 00053000 08:30 228496                     /home/thkim0/venv/v1/lib/python3.10/site-packages/matplotlib/_path.cpython-310-x86_64-linux-gnu.so
70d3950c4000-70d3950c5000 ---p 00063000 08:30 228496                     /home/thkim0/venv/v1/lib/python3.10/site-packages/matplotlib/_path.cpython-310-x86_64-linux-gnu.so
70d3950c5000-70d3950c6000 r--p 00063000 08:30 228496                     /home/thkim0/venv/v1/lib/python3.10/site-packages/matplotlib/_path.cpython-310-x86_64-linux-gnu.so
70d3950c6000-70d3950c7000 rw-p 00064000 08:30 228496                     /home/thkim0/venv/v1/lib/python3.10/site-packages/matplotlib/_path.cpython-310-x86_64-linux-gnu.so
70d3950c7000-70d3950c8000 rw-p 00000000 00:00 0 
70d3950c8000-70d3950d1000 r--p 00000000 08:30 206856                     /home/thkim0/venv/v1/lib/python3.10/site-packages/Pillow.libs/libtiff-f706b4a5.so.5.8.0
70d3950d1000-70d395139000 r-xp 00009000 08:30 206856                     /home/thkim0/venv/v1/lib/python3.10/site-packages/Pillow.libs/libtiff-f706b4a5.so.5.8.0
70d395139000-70d395167000 r--p 00071000 08:30 206856                     /home/thkim0/venv/v1/lib/python3.10/site-packages/Pillow.libs/libtiff-f706b4a5.so.5.8.0
70d395167000-70d395168000 ---p 0009f000 08:30 206856                     /home/thkim0/venv/v1/lib/python3.10/site-packages/Pillow.libs/libtiff-f706b4a5.so.5.8.0
70d395168000-70d39516c000 r--p 0009f000 08:30 206856                     /home/thkim0/venv/v1/lib/python3.10/site-packages/Pillow.libs/libtiff-f706b4a5.so.5.8.0
70d39516c000-70d39516d000 rw-p 000a3000 08:30 206856                     /home/thkim0/venv/v1/lib/python3.10/site-packages/Pillow.libs/libtiff-f706b4a5.so.5.8.0
70d39516d000-70d395172000 rw-p 000a5000 08:30 206856                     /home/thkim0/venv/v1/lib/python3.10/site-packages/Pillow.libs/libtiff-f706b4a5.so.5.8.0
70d395172000-70d39517a000 r--p 00000000 08:30 206857                     /home/thkim0/venv/v1/lib/python3.10/site-packages/Pillow.libs/libopenjp2-8fa4ced9.so.2.5.0
70d39517a000-70d3951e7000 r-xp 00008000 08:30 206857                     /home/thkim0/venv/v1/lib/python3.10/site-packages/Pillow.libs/libopenjp2-8fa4ced9.so.2.5.0
70d3951e7000-70d3951fa000 r--p 00075000 08:30 206857                     /home/thkim0/venv/v1/lib/python3.10/site-packages/Pillow.libs/libopenjp2-8fa4ced9.so.2.5.0
70d3951fa000-70d3951fb000 ---p 00088000 08:30 206857                     /home/thkim0/venv/v1/lib/python3.10/site-packages/Pillow.libs/libopenjp2-8fa4ced9.so.2.5.0
70d3951fb000-70d3951fc000 r--p 00088000 08:30 206857                     /home/thkim0/venv/v1/lib/python3.10/site-packages/Pillow.libs/libopenjp2-8fa4ced9.so.2.5.0
70d3951fc000-70d3951fd000 rw-p 00089000 08:30 206857                     /home/thkim0/venv/v1/lib/python3.10/site-packages/Pillow.libs/libopenjp2-8fa4ced9.so.2.5.0
70d3951fd000-70d395200000 rw-p 0008b000 08:30 206857                     /home/thkim0/venv/v1/lib/python3.10/site-packages/Pillow.libs/libopenjp2-8fa4ced9.so.2.5.0
70d395200000-70d395300000 rw-p 00000000 00:00 0 
70d395301000-70d395304000 r--p 00000000 08:30 225136                     /home/thkim0/venv/v1/lib/python3.10/site-packages/pandas/_libs/properties.cpython-310-x86_64-linux-gnu.so
70d395304000-70d39530d000 r-xp 00003000 08:30 225136                     /home/thkim0/venv/v1/lib/python3.10/site-packages/pandas/_libs/properties.cpython-310-x86_64-linux-gnu.so
70d39530d000-70d39530f000 r--p 0000c000 08:30 225136                     /home/thkim0/venv/v1/lib/python3.10/site-packages/pandas/_libs/properties.cpython-310-x86_64-linux-gnu.so
70d39530f000-70d395310000 r--p 0000d000 08:30 225136                     /home/thkim0/venv/v1/lib/python3.10/site-packages/pandas/_libs/properties.cpython-310-x86_64-linux-gnu.so
70d395310000-70d395312000 rw-p 0000e000 08:30 225136                     /home/thkim0/venv/v1/lib/python3.10/site-packages/pandas/_libs/properties.cpython-310-x86_64-linux-gnu.so
70d395312000-70d395315000 r--p 00000000 08:30 225237                     /home/thkim0/venv/v1/lib/python3.10/site-packages/pandas/_libs/tslibs/ccalendar.cpython-310-x86_64-linux-gnu.so
70d395315000-70d395320000 r-xp 00003000 08:30 225237                     /home/thkim0/venv/v1/lib/python3.10/site-packages/pandas/_libs/tslibs/ccalendar.cpython-310-x86_64-linux-gnu.so
70d395320000-70d395322000 r--p 0000e000 08:30 225237                     /home/thkim0/venv/v1/lib/python3.10/site-packages/pandas/_libs/tslibs/ccalendar.cpython-310-x86_64-linux-gnu.so
70d395322000-70d395323000 r--p 0000f000 08:30 225237                     /home/thkim0/venv/v1/lib/python3.10/site-packages/pandas/_libs/tslibs/ccalendar.cpython-310-x86_64-linux-gnu.so
70d395323000-70d395325000 rw-p 00010000 08:30 225237                     /home/thkim0/venv/v1/lib/python3.10/site-packages/pandas/_libs/tslibs/ccalendar.cpython-310-x86_64-linux-gnu.so
70d395325000-70d39532c000 r--p 00000000 08:30 225146                     /home/thkim0/venv/v1/lib/python3.10/site-packages/pandas/_libs/missing.cpython-310-x86_64-linux-gnu.so
70d39532c000-70d39534b000 r-xp 00007000 08:30 225146                     /home/thkim0/venv/v1/lib/python3.10/site-packages/pandas/_libs/missing.cpython-310-x86_64-linux-gnu.so
70d39534b000-70d395351000 r--p 00026000 08:30 225146                     /home/thkim0/venv/v1/lib/python3.10/site-packages/pandas/_libs/missing.cpython-310-x86_64-linux-gnu.so
70d395351000-70d395352000 r--p 0002b000 08:30 225146                     /home/thkim0/venv/v1/lib/python3.10/site-packages/pandas/_libs/missing.cpython-310-x86_64-linux-gnu.so
70d395352000-70d395356000 rw-p 0002c000 08:30 225146                     /home/thkim0/venv/v1/lib/python3.10/site-packages/pandas/_libs/missing.cpython-310-x86_64-linux-gnu.so
70d395356000-70d395357000 rw-p 00000000 00:00 0 
70d395357000-70d39535b000 r--p 00000000 08:30 206854                     /home/thkim0/venv/v1/lib/python3.10/site-packages/Pillow.libs/libjpeg-a4c3d5e9.so.62.3.0
70d39535b000-70d3953b9000 r-xp 00004000 08:30 206854                     /home/thkim0/venv/v1/lib/python3.10/site-packages/Pillow.libs/libjpeg-a4c3d5e9.so.62.3.0
70d3953b9000-70d3953fc000 r--p 00062000 08:30 206854                     /home/thkim0/venv/v1/lib/python3.10/site-packages/Pillow.libs/libjpeg-a4c3d5e9.so.62.3.0
70d3953fc000-70d3953fd000 r--p 000a4000 08:30 206854                     /home/thkim0/venv/v1/lib/python3.10/site-packages/Pillow.libs/libjpeg-a4c3d5e9.so.62.3.0
70d3953fd000-70d395400000 rw-p 000a5000 08:30 206854                     /home/thkim0/venv/v1/lib/python3.10/site-packages/Pillow.libs/libjpeg-a4c3d5e9.so.62.3.0
70d395400000-70d395425000 r-xp 00000000 08:30 223212                     /home/thkim0/venv/v1/lib/python3.10/site-packages/scikit_learn.libs/libgomp-a34b3233.so.1.0.0
70d395425000-70d395624000 ---p 00025000 08:30 223212                     /home/thkim0/venv/v1/lib/python3.10/site-packages/scikit_learn.libs/libgomp-a34b3233.so.1.0.0
70d395624000-70d395625000 r--p 00024000 08:30 223212                     /home/thkim0/venv/v1/lib/python3.10/site-packages/scikit_learn.libs/libgomp-a34b3233.so.1.0.0
70d395625000-70d39562a000 rw-p 00025000 08:30 223212                     /home/thkim0/venv/v1/lib/python3.10/site-packages/scikit_learn.libs/libgomp-a34b3233.so.1.0.0
70d395632000-70d395635000 r--p 00000000 08:30 225296                     /home/thkim0/venv/v1/lib/python3.10/site-packages/pandas/_libs/tslibs/np_datetime.cpython-310-x86_64-linux-gnu.so
70d395635000-70d39563b000 r-xp 00003000 08:30 225296                     /home/thkim0/venv/v1/lib/python3.10/site-packages/pandas/_libs/tslibs/np_datetime.cpython-310-x86_64-linux-gnu.so
70d39563b000-70d39563d000 r--p 00009000 08:30 225296                     /home/thkim0/venv/v1/lib/python3.10/site-packages/pandas/_libs/tslibs/np_datetime.cpython-310-x86_64-linux-gnu.so
70d39563d000-70d39563e000 r--p 0000a000 08:30 225296                     /home/thkim0/venv/v1/lib/python3.10/site-packages/pandas/_libs/tslibs/np_datetime.cpython-310-x86_64-linux-gnu.so
70d39563e000-70d39563f000 rw-p 0000b000 08:30 225296                     /home/thkim0/venv/v1/lib/python3.10/site-packages/pandas/_libs/tslibs/np_datetime.cpython-310-x86_64-linux-gnu.so
70d39563f000-70d395642000 r--p 00000000 08:30 206859                     /home/thkim0/venv/v1/lib/python3.10/site-packages/Pillow.libs/liblzma-96284f0d.so.5.2.5
70d395642000-70d395667000 r-xp 00003000 08:30 206859                     /home/thkim0/venv/v1/lib/python3.10/site-packages/Pillow.libs/liblzma-96284f0d.so.5.2.5
70d395667000-70d395672000 r--p 00028000 08:30 206859                     /home/thkim0/venv/v1/lib/python3.10/site-packages/Pillow.libs/liblzma-96284f0d.so.5.2.5
70d395672000-70d395673000 ---p 00033000 08:30 206859                     /home/thkim0/venv/v1/lib/python3.10/site-packages/Pillow.libs/liblzma-96284f0d.so.5.2.5
70d395673000-70d395674000 r--p 00033000 08:30 206859                     /home/thkim0/venv/v1/lib/python3.10/site-packages/Pillow.libs/liblzma-96284f0d.so.5.2.5
70d395674000-70d395676000 rw-p 00034000 08:30 206859                     /home/thkim0/venv/v1/lib/python3.10/site-packages/Pillow.libs/liblzma-96284f0d.so.5.2.5
70d395676000-70d395682000 r--p 00000000 08:30 206863                     /home/thkim0/venv/v1/lib/python3.10/site-packages/Pillow.libs/libxcb-4971137c.so.1.1.0
70d395682000-70d39569d000 r-xp 0000c000 08:30 206863                     /home/thkim0/venv/v1/lib/python3.10/site-packages/Pillow.libs/libxcb-4971137c.so.1.1.0
70d39569d000-70d3956a7000 r--p 00027000 08:30 206863                     /home/thkim0/venv/v1/lib/python3.10/site-packages/Pillow.libs/libxcb-4971137c.so.1.1.0
70d3956a7000-70d3956a8000 r--p 00030000 08:30 206863                     /home/thkim0/venv/v1/lib/python3.10/site-packages/Pillow.libs/libxcb-4971137c.so.1.1.0
70d3956a8000-70d3956b4000 rw-p 00031000 08:30 206863                     /home/thkim0/venv/v1/lib/python3.10/site-packages/Pillow.libs/libxcb-4971137c.so.1.1.0
70d3956b4000-70d3956b5000 ---p 00000000 00:00 0 
70d3956b5000-70d395eb5000 rw-p 00000000 00:00 0 
70d395eb5000-70d395eb6000 ---p 00000000 00:00 0 
70d395eb6000-70d3966b6000 rw-p 00000000 00:00 0 
70d3966b6000-70d3966b7000 ---p 00000000 00:00 0 
70d3966b7000-70d396eb7000 rw-p 00000000 00:00 0 
70d396eb7000-70d396eb8000 ---p 00000000 00:00 0 
70d396eb8000-70d398021000 rw-p 00000000 00:00 0 
70d398021000-70d39c000000 ---p 00000000 00:00 0 
70d39c003000-70d39c006000 r--p 00000000 08:30 225262                     /home/thkim0/venv/v1/lib/python3.10/site-packages/pandas/_libs/tslibs/base.cpython-310-x86_64-linux-gnu.so
70d39c006000-70d39c00b000 r-xp 00003000 08:30 225262                     /home/thkim0/venv/v1/lib/python3.10/site-packages/pandas/_libs/tslibs/base.cpython-310-x86_64-linux-gnu.so
70d39c00b000-70d39c00d000 r--p 00008000 08:30 225262                     /home/thkim0/venv/v1/lib/python3.10/site-packages/pandas/_libs/tslibs/base.cpython-310-x86_64-linux-gnu.so
70d39c00d000-70d39c00e000 r--p 00009000 08:30 225262                     /home/thkim0/venv/v1/lib/python3.10/site-packages/pandas/_libs/tslibs/base.cpython-310-x86_64-linux-gnu.so
70d39c00e000-70d39c00f000 rw-p 0000a000 08:30 225262                     /home/thkim0/venv/v1/lib/python3.10/site-packages/pandas/_libs/tslibs/base.cpython-310-x86_64-linux-gnu.so
70d39c00f000-70d39c022000 r--p 00000000 08:30 206815                     /home/thkim0/venv/v1/lib/python3.10/site-packages/PIL/_imaging.cpython-310-x86_64-linux-gnu.so
70d39c022000-70d39c098000 r-xp 00013000 08:30 206815                     /home/thkim0/venv/v1/lib/python3.10/site-packages/PIL/_imaging.cpython-310-x86_64-linux-gnu.so
70d39c098000-70d39c0a9000 r--p 00089000 08:30 206815                     /home/thkim0/venv/v1/lib/python3.10/site-packages/PIL/_imaging.cpython-310-x86_64-linux-gnu.so
70d39c0a9000-70d39c0ad000 r--p 00099000 08:30 206815                     /home/thkim0/venv/v1/lib/python3.10/site-packages/PIL/_imaging.cpython-310-x86_64-linux-gnu.so
70d39c0ad000-70d39c0b1000 rw-p 0009d000 08:30 206815                     /home/thkim0/venv/v1/lib/python3.10/site-packages/PIL/_imaging.cpython-310-x86_64-linux-gnu.so
70d39c0b1000-70d39c0b8000 rw-p 000a2000 08:30 206815                     /home/thkim0/venv/v1/lib/python3.10/site-packages/PIL/_imaging.cpython-310-x86_64-linux-gnu.so
70d39c0b8000-70d39c1b9000 rw-p 00000000 00:00 0 
70d39c1b9000-70d39cb00000 rw-p 00000000 00:00 0 
70d39cb00000-70d3a0021000 rw-p 00000000 00:00 0 
70d3a0021000-70d3a4000000 ---p 00000000 00:00 0 
70d3a4000000-70d3a4021000 rw-p 00000000 00:00 0 
70d3a4021000-70d3a8000000 ---p 00000000 00:00 0 
70d3a8000000-70d3a8021000 rw-p 00000000 00:00 0 
70d3a8021000-70d3ac000000 ---p 00000000 00:00 0 
70d3ac000000-70d3ac021000 rw-p 00000000 00:00 0 
70d3ac021000-70d3b0000000 ---p 00000000 00:00 0 
70d3b0000000-70d3b0021000 rw-p 00000000 00:00 0 
70d3b0021000-70d3b4000000 ---p 00000000 00:00 0 
70d3b4000000-70d3b4021000 rw-p 00000000 00:00 0 
70d3b4021000-70d3b8000000 ---p 00000000 00:00 0 
70d3b8000000-70d3b9711000 rw-p 00000000 00:00 0 
70d3b9711000-70d3bc000000 ---p 00000000 00:00 0 
70d3bc000000-70d3bd649000 rw-p 00000000 00:00 0 
70d3bd649000-70d3c0000000 ---p 00000000 00:00 0 
70d3c0000000-70d3c0021000 rw-p 00000000 00:00 0 
70d3c0021000-70d3c4000000 ---p 00000000 00:00 0 
70d3c4000000-70d3c4021000 rw-p 00000000 00:00 0 
70d3c4021000-70d3c8000000 ---p 00000000 00:00 0 
70d3c8000000-70d3c8021000 rw-p 00000000 00:00 0 
70d3c8021000-70d3cc000000 ---p 00000000 00:00 0 
70d3cc000000-70d3cc021000 rw-p 00000000 00:00 0 
70d3cc021000-70d3d0000000 ---p 00000000 00:00 0 
70d3d0000000-70d3d0021000 rw-p 00000000 00:00 0 
70d3d0021000-70d3d4000000 ---p 00000000 00:00 0 
70d3d4000000-70d3d4021000 rw-p 00000000 00:00 0 
70d3d4021000-70d3d8000000 ---p 00000000 00:00 0 
70d3d8000000-70d3d8021000 rw-p 00000000 00:00 0 
70d3d8021000-70d3dc000000 ---p 00000000 00:00 0 
70d3dc000000-70d3dc021000 rw-p 00000000 00:00 0 
70d3dc021000-70d3e0000000 ---p 00000000 00:00 0 
70d3e0000000-70d3e0021000 rw-p 00000000 00:00 0 
70d3e0021000-70d3e4000000 ---p 00000000 00:00 0 
70d3e4000000-70d3e4021000 rw-p 00000000 00:00 0 
70d3e4021000-70d3e8000000 ---p 00000000 00:00 0 
70d3e8000000-70d3e874c000 rw-p 00000000 00:00 0 
70d3e874c000-70d3ec000000 ---p 00000000 00:00 0 
70d3ec000000-70d3ec021000 rw-p 00000000 00:00 0 
70d3ec021000-70d3f0000000 ---p 00000000 00:00 0 
70d3f0000000-70d3f0021000 rw-p 00000000 00:00 0 
70d3f0021000-70d3f4000000 ---p 00000000 00:00 0 
70d3f4000000-70d3f644f000 rw-p 00000000 00:00 0 
70d3f644f000-70d3f8000000 ---p 00000000 00:00 0 
70d3f8000000-70d3f8021000 rw-p 00000000 00:00 0 
70d3f8021000-70d3fc000000 ---p 00000000 00:00 0 
70d3fc000000-70d3fc021000 rw-p 00000000 00:00 0 
70d3fc021000-70d400000000 ---p 00000000 00:00 0 
70d400000000-70d400021000 rw-p 00000000 00:00 0 
70d400021000-70d404000000 ---p 00000000 00:00 0 
70d404000000-70d404021000 rw-p 00000000 00:00 0 
70d404021000-70d408000000 ---p 00000000 00:00 0 
70d408000000-70d409c35000 rw-p 00000000 00:00 0 
70d409c35000-70d40c000000 ---p 00000000 00:00 0 
70d40c000000-70d40f000000 rw-p 00000000 00:00 0 
70d40f000000-70d40fbc7000 rw-p 00001000 08:30 259095                     /usr/lib/jvm/java-17-openjdk-amd64/lib/server/classes.jsa
70d40fbc7000-70d410000000 ---p 00000000 00:00 0 
70d410000000-70d410030000 rw-p 00000000 00:00 0 
70d410030000-70d410070000 rw-p 00000000 00:00 0 
70d410070000-70d4101a0000 rw-p 00000000 00:00 0 
70d4101a0000-70d450000000 ---p 00000000 00:00 0 
70d450000000-70d450021000 rw-p 00000000 00:00 0 
70d450021000-70d454000000 ---p 00000000 00:00 0 
70d454000000-70d4542d0000 rw-p 00000000 00:00 0 
70d4542d0000-70d454400000 ---p 00000000 00:00 0 
70d454400000-70d454a20000 rw-p 00000000 00:00 0 
70d454a20000-70d458000000 ---p 00000000 00:00 0 
70d458000000-70d458021000 rw-p 00000000 00:00 0 
70d458021000-70d45c000000 ---p 00000000 00:00 0 
70d45c007000-70d45c015000 r--p 00000000 08:30 228476                     /home/thkim0/venv/v1/lib/python3.10/site-packages/matplotlib/_c_internal_utils.cpython-310-x86_64-linux-gnu.so
70d45c015000-70d45c031000 r-xp 0000e000 08:30 228476                     /home/thkim0/venv/v1/lib/python3.10/site-packages/matplotlib/_c_internal_utils.cpython-310-x86_64-linux-gnu.so
70d45c031000-70d45c03b000 r--p 0002a000 08:30 228476                     /home/thkim0/venv/v1/lib/python3.10/site-packages/matplotlib/_c_internal_utils.cpython-310-x86_64-linux-gnu.so
70d45c03b000-70d45c03c000 r--p 00033000 08:30 228476                     /home/thkim0/venv/v1/lib/python3.10/site-packages/matplotlib/_c_internal_utils.cpython-310-x86_64-linux-gnu.so
70d45c03c000-70d45c03d000 rw-p 00034000 08:30 228476                     /home/thkim0/venv/v1/lib/python3.10/site-packages/matplotlib/_c_internal_utils.cpython-310-x86_64-linux-gnu.so
70d45c03d000-70d45c046000 r--p 00000000 08:30 222821                     /home/thkim0/venv/v1/lib/python3.10/site-packages/sklearn/utils/sparsefuncs_fast.cpython-310-x86_64-linux-gnu.so
70d45c046000-70d45c0e0000 r-xp 00009000 08:30 222821                     /home/thkim0/venv/v1/lib/python3.10/site-packages/sklearn/utils/sparsefuncs_fast.cpython-310-x86_64-linux-gnu.so
70d45c0e0000-70d45c0eb000 r--p 000a3000 08:30 222821                     /home/thkim0/venv/v1/lib/python3.10/site-packages/sklearn/utils/sparsefuncs_fast.cpython-310-x86_64-linux-gnu.so
70d45c0eb000-70d45c0ec000 r--p 000ad000 08:30 222821                     /home/thkim0/venv/v1/lib/python3.10/site-packages/sklearn/utils/sparsefuncs_fast.cpython-310-x86_64-linux-gnu.so
70d45c0ec000-70d45c0f2000 rw-p 000ae000 08:30 222821                     /home/thkim0/venv/v1/lib/python3.10/site-packages/sklearn/utils/sparsefuncs_fast.cpython-310-x86_64-linux-gnu.so
70d45c0f2000-70d45c0f3000 rw-p 00000000 00:00 0 
70d45c0f3000-70d45c0f6000 rw-p 00520000 08:30 222821                     /home/thkim0/venv/v1/lib/python3.10/site-packages/sklearn/utils/sparsefuncs_fast.cpython-310-x86_64-linux-gnu.so
70d45c0f6000-70d45d3f6000 rw-p 00000000 00:00 0 
70d45d3f6000-70d45d3f7000 ---p 00000000 00:00 0 
70d45d3f7000-70d45d4f7000 rw-p 00000000 00:00 0 
70d45d4f7000-70d45d4f8000 ---p 00000000 00:00 0 
70d45d4f8000-70d45d5f8000 rw-p 00000000 00:00 0 
70d45d5f8000-70d45d5f9000 ---p 00000000 00:00 0 
70d45d5f9000-70d45d6f9000 rw-p 00000000 00:00 0 
70d45d6f9000-70d45d6fa000 ---p 00000000 00:00 0 
70d45d6fa000-70d45d7fa000 rw-p 00000000 00:00 0 
70d45d7fa000-70d45d7fb000 ---p 00000000 00:00 0 
70d45d7fb000-70d45d8fb000 rw-p 00000000 00:00 0 
70d45d8fb000-70d45d8fc000 ---p 00000000 00:00 0 
70d45d8fc000-70d45d9fc000 rw-p 00000000 00:00 0 
70d45d9fc000-70d45d9fd000 ---p 00000000 00:00 0 
70d45d9fd000-70d45dafd000 rw-p 00000000 00:00 0 
70d45dafd000-70d45db01000 ---p 00000000 00:00 0 
70d45db01000-70d45dbfd000 rw-p 00000000 00:00 0 
70d45dbfd000-70d45dc01000 ---p 00000000 00:00 0 
70d45dc01000-70d45dcfd000 rw-p 00000000 00:00 0 
70d45dcfd000-70d45dcfe000 ---p 00000000 00:00 0 
70d45dcfe000-70d45ddfe000 rw-p 00000000 00:00 0 
70d45ddfe000-70d45ddff000 ---p 00000000 00:00 0 
70d45ddff000-70d45deff000 rw-p 00000000 00:00 0 
70d45deff000-70d45df00000 ---p 00000000 00:00 0 
70d45df00000-70d460021000 rw-p 00000000 00:00 0 
70d460021000-70d464000000 ---p 00000000 00:00 0 
70d464000000-70d464021000 rw-p 00000000 00:00 0 
70d464021000-70d468000000 ---p 00000000 00:00 0 
70d468000000-70d468021000 rw-p 00000000 00:00 0 
70d468021000-70d46c000000 ---p 00000000 00:00 0 
70d46c000000-70d46c002000 r--p 00000000 08:30 225181                     /home/thkim0/venv/v1/lib/python3.10/site-packages/pandas/_libs/reduction.cpython-310-x86_64-linux-gnu.so
70d46c002000-70d46c005000 r-xp 00002000 08:30 225181                     /home/thkim0/venv/v1/lib/python3.10/site-packages/pandas/_libs/reduction.cpython-310-x86_64-linux-gnu.so
70d46c005000-70d46c006000 r--p 00005000 08:30 225181                     /home/thkim0/venv/v1/lib/python3.10/site-packages/pandas/_libs/reduction.cpython-310-x86_64-linux-gnu.so
70d46c006000-70d46c007000 ---p 00006000 08:30 225181                     /home/thkim0/venv/v1/lib/python3.10/site-packages/pandas/_libs/reduction.cpython-310-x86_64-linux-gnu.so
70d46c007000-70d46c008000 r--p 00006000 08:30 225181                     /home/thkim0/venv/v1/lib/python3.10/site-packages/pandas/_libs/reduction.cpython-310-x86_64-linux-gnu.so
70d46c008000-70d46c009000 rw-p 00007000 08:30 225181                     /home/thkim0/venv/v1/lib/python3.10/site-packages/pandas/_libs/reduction.cpython-310-x86_64-linux-gnu.so
70d46c009000-70d46c00f000 r--p 00000000 08:30 225244                     /home/thkim0/venv/v1/lib/python3.10/site-packages/pandas/_libs/tslibs/dtypes.cpython-310-x86_64-linux-gnu.so
70d46c00f000-70d46c020000 r-xp 00006000 08:30 225244                     /home/thkim0/venv/v1/lib/python3.10/site-packages/pandas/_libs/tslibs/dtypes.cpython-310-x86_64-linux-gnu.so
70d46c020000-70d46c024000 r--p 00017000 08:30 225244                     /home/thkim0/venv/v1/lib/python3.10/site-packages/pandas/_libs/tslibs/dtypes.cpython-310-x86_64-linux-gnu.so
70d46c024000-70d46c025000 r--p 0001a000 08:30 225244                     /home/thkim0/venv/v1/lib/python3.10/site-packages/pandas/_libs/tslibs/dtypes.cpython-310-x86_64-linux-gnu.so
70d46c025000-70d46c028000 rw-p 0001b000 08:30 225244                     /home/thkim0/venv/v1/lib/python3.10/site-packages/pandas/_libs/tslibs/dtypes.cpython-310-x86_64-linux-gnu.so
70d46c028000-70d46c029000 rw-p 00000000 00:00 0 
70d46c029000-70d46c030000 r--p 00000000 08:30 223035                     /home/thkim0/venv/v1/lib/python3.10/site-packages/sklearn/preprocessing/_csr_polynomial_expansion.cpython-310-x86_64-linux-gnu.so
70d46c030000-70d46c05d000 r-xp 00007000 08:30 223035                     /home/thkim0/venv/v1/lib/python3.10/site-packages/sklearn/preprocessing/_csr_polynomial_expansion.cpython-310-x86_64-linux-gnu.so
70d46c05d000-70d46c065000 r--p 00034000 08:30 223035                     /home/thkim0/venv/v1/lib/python3.10/site-packages/sklearn/preprocessing/_csr_polynomial_expansion.cpython-310-x86_64-linux-gnu.so
70d46c065000-70d46c066000 r--p 0003b000 08:30 223035                     /home/thkim0/venv/v1/lib/python3.10/site-packages/sklearn/preprocessing/_csr_polynomial_expansion.cpython-310-x86_64-linux-gnu.so
70d46c066000-70d46c06a000 rw-p 0003c000 08:30 223035                     /home/thkim0/venv/v1/lib/python3.10/site-packages/sklearn/preprocessing/_csr_polynomial_expansion.cpython-310-x86_64-linux-gnu.so
70d46c06a000-70d46c06b000 rw-p 00000000 00:00 0 
70d46c06b000-70d46c06e000 rw-p 001b5000 08:30 223035                     /home/thkim0/venv/v1/lib/python3.10/site-packages/sklearn/preprocessing/_csr_polynomial_expansion.cpython-310-x86_64-linux-gnu.so
70d46c06e000-70d46c073000 r--p 00000000 08:30 222822                     /home/thkim0/venv/v1/lib/python3.10/site-packages/sklearn/utils/_logistic_sigmoid.cpython-310-x86_64-linux-gnu.so
70d46c073000-70d46c090000 r-xp 00005000 08:30 222822                     /home/thkim0/venv/v1/lib/python3.10/site-packages/sklearn/utils/_logistic_sigmoid.cpython-310-x86_64-linux-gnu.so
70d46c090000-70d46c096000 r--p 00022000 08:30 222822                     /home/thkim0/venv/v1/lib/python3.10/site-packages/sklearn/utils/_logistic_sigmoid.cpython-310-x86_64-linux-gnu.so
70d46c096000-70d46c097000 r--p 00027000 08:30 222822                     /home/thkim0/venv/v1/lib/python3.10/site-packages/sklearn/utils/_logistic_sigmoid.cpython-310-x86_64-linux-gnu.so
70d46c097000-70d46c09a000 rw-p 00028000 08:30 222822                     /home/thkim0/venv/v1/lib/python3.10/site-packages/sklearn/utils/_logistic_sigmoid.cpython-310-x86_64-linux-gnu.so
70d46c09a000-70d46c09d000 rw-p 00125000 08:30 222822                     /home/thkim0/venv/v1/lib/python3.10/site-packages/sklearn/utils/_logistic_sigmoid.cpython-310-x86_64-linux-gnu.so
70d46c09d000-70d46c0a0000 r--p 00000000 08:30 223093                     /home/thkim0/venv/v1/lib/python3.10/site-packages/sklearn/feature_extraction/_hashing_fast.cpython-310-x86_64-linux-gnu.so
70d46c0a0000-70d46c0aa000 r-xp 00003000 08:30 223093                     /home/thkim0/venv/v1/lib/python3.10/site-packages/sklearn/feature_extraction/_hashing_fast.cpython-310-x86_64-linux-gnu.so
70d46c0aa000-70d46c0ac000 r--p 0000d000 08:30 223093                     /home/thkim0/venv/v1/lib/python3.10/site-packages/sklearn/feature_extraction/_hashing_fast.cpython-310-x86_64-linux-gnu.so
70d46c0ac000-70d46c0ad000 r--p 0000e000 08:30 223093                     /home/thkim0/venv/v1/lib/python3.10/site-packages/sklearn/feature_extraction/_hashing_fast.cpython-310-x86_64-linux-gnu.so
70d46c0ad000-70d46c0ae000 rw-p 0000f000 08:30 223093                     /home/thkim0/venv/v1/lib/python3.10/site-packages/sklearn/feature_extraction/_hashing_fast.cpython-310-x86_64-linux-gnu.so
70d46c0ae000-70d46c0af000 rw-p 00000000 00:00 0 
70d46c0af000-70d46c0b2000 rw-p 0005c000 08:30 223093                     /home/thkim0/venv/v1/lib/python3.10/site-packages/sklearn/feature_extraction/_hashing_fast.cpython-310-x86_64-linux-gnu.so
70d46c0b2000-70d46c0b4000 r--p 00000000 08:30 222844                     /home/thkim0/venv/v1/lib/python3.10/site-packages/sklearn/utils/_openmp_helpers.cpython-310-x86_64-linux-gnu.so
70d46c0b4000-70d46c0b8000 r-xp 00002000 08:30 222844                     /home/thkim0/venv/v1/lib/python3.10/site-packages/sklearn/utils/_openmp_helpers.cpython-310-x86_64-linux-gnu.so
70d46c0b8000-70d46c0b9000 r--p 00006000 08:30 222844                     /home/thkim0/venv/v1/lib/python3.10/site-packages/sklearn/utils/_openmp_helpers.cpython-310-x86_64-linux-gnu.so
70d46c0b9000-70d46c0ba000 r--p 00006000 08:30 222844                     /home/thkim0/venv/v1/lib/python3.10/site-packages/sklearn/utils/_openmp_helpers.cpython-310-x86_64-linux-gnu.so
70d46c0ba000-70d46c0bb000 rw-p 00007000 08:30 222844                     /home/thkim0/venv/v1/lib/python3.10/site-packages/sklearn/utils/_openmp_helpers.cpython-310-x86_64-linux-gnu.so
70d46c0bb000-70d46c0bd000 rw-p 0002a000 08:30 222844                     /home/thkim0/venv/v1/lib/python3.10/site-packages/sklearn/utils/_openmp_helpers.cpython-310-x86_64-linux-gnu.so
70d46c0bd000-70d46c0c0000 r--p 00000000 08:30 222826                     /home/thkim0/venv/v1/lib/python3.10/site-packages/sklearn/utils/murmurhash.cpython-310-x86_64-linux-gnu.so
70d46c0c0000-70d46c0cd000 r-xp 00003000 08:30 222826                     /home/thkim0/venv/v1/lib/python3.10/site-packages/sklearn/utils/murmurhash.cpython-310-x86_64-linux-gnu.so
70d46c0cd000-70d46c0d0000 r--p 00010000 08:30 222826                     /home/thkim0/venv/v1/lib/python3.10/site-packages/sklearn/utils/murmurhash.cpython-310-x86_64-linux-gnu.so
70d46c0d0000-70d46c0d1000 ---p 00013000 08:30 222826                     /home/thkim0/venv/v1/lib/python3.10/site-packages/sklearn/utils/murmurhash.cpython-310-x86_64-linux-gnu.so
70d46c0d1000-70d46c0d2000 r--p 00013000 08:30 222826                     /home/thkim0/venv/v1/lib/python3.10/site-packages/sklearn/utils/murmurhash.cpython-310-x86_64-linux-gnu.so
70d46c0d2000-70d46c0d4000 rw-p 00014000 08:30 222826                     /home/thkim0/venv/v1/lib/python3.10/site-packages/sklearn/utils/murmurhash.cpython-310-x86_64-linux-gnu.so
70d46c0d4000-70d46c0d7000 rw-p 0008c000 08:30 222826                     /home/thkim0/venv/v1/lib/python3.10/site-packages/sklearn/utils/murmurhash.cpython-310-x86_64-linux-gnu.so
70d46c0d7000-70d46c0d8000 ---p 00000000 00:00 0 
70d46c0d8000-70d46c1d8000 rw-p 00000000 00:00 0 
70d46c1d8000-70d46c1d9000 ---p 00000000 00:00 0 
70d46c1d9000-70d46c2d9000 rw-p 00000000 00:00 0 
70d46c2d9000-70d46c2da000 ---p 00000000 00:00 0 
70d46c2da000-70d46c3da000 rw-p 00000000 00:00 0 
70d46c3da000-70d46c3de000 ---p 00000000 00:00 0 
70d46c3de000-70d46c4da000 rw-p 00000000 00:00 0 
70d46c4da000-70d46c4de000 ---p 00000000 00:00 0 
70d46c4de000-70d46c5da000 rw-p 00000000 00:00 0 
70d46c5da000-70d46c5db000 ---p 00000000 00:00 0 
70d46c5db000-70d46c6db000 rw-p 00000000 00:00 0 
70d46c6db000-70d46c6df000 ---p 00000000 00:00 0 
70d46c6df000-70d46c7db000 rw-p 00000000 00:00 0 
70d46c7db000-70d46c7df000 ---p 00000000 00:00 0 
70d46c7df000-70d46c8db000 rw-p 00000000 00:00 0 
70d46c8db000-70d46c8df000 ---p 00000000 00:00 0 
70d46c8df000-70d46c9db000 rw-p 00000000 00:00 0 
70d46c9db000-70d46c9df000 ---p 00000000 00:00 0 
70d46c9df000-70d46cadb000 rw-p 00000000 00:00 0 
70d46cadb000-70d46cadf000 ---p 00000000 00:00 0 
70d46cadf000-70d46cbdb000 rw-p 00000000 00:00 0 
70d46cbdb000-70d46cbdf000 ---p 00000000 00:00 0 
70d46cbdf000-70d46ccdb000 rw-p 00000000 00:00 0 
70d46ccdb000-70d46ccdf000 ---p 00000000 00:00 0 
70d46ccdf000-70d46cddb000 rw-p 00000000 00:00 0 
70d46cddb000-70d46cddf000 ---p 00000000 00:00 0 
70d46cddf000-70d46cedb000 rw-p 00000000 00:00 0 
70d46cedb000-70d46cedf000 ---p 00000000 00:00 0 
70d46cedf000-70d46cfdb000 rw-p 00000000 00:00 0 
70d46cfdb000-70d46cfdc000 ---p 00000000 00:00 0 
70d46cfdc000-70d46d0dc000 rw-p 00000000 00:00 0 
70d46d0dc000-70d46d0e1000 r--p 00000000 08:30 259077                     /usr/lib/jvm/java-17-openjdk-amd64/lib/libjsvml.so
70d46d0e1000-70d46d122000 r-xp 00005000 08:30 259077                     /usr/lib/jvm/java-17-openjdk-amd64/lib/libjsvml.so
70d46d122000-70d46d1ab000 r--p 00046000 08:30 259077                     /usr/lib/jvm/java-17-openjdk-amd64/lib/libjsvml.so
70d46d1ab000-70d46d1ac000 r--p 000ce000 08:30 259077                     /usr/lib/jvm/java-17-openjdk-amd64/lib/libjsvml.so
70d46d1ac000-70d46d1ad000 rw-p 000cf000 08:30 259077                     /usr/lib/jvm/java-17-openjdk-amd64/lib/libjsvml.so
70d46d1ad000-70d46d1ae000 ---p 00000000 00:00 0 
70d46d1ae000-70d46d2ae000 rw-p 00000000 00:00 0 
70d46d2ae000-70d46d2af000 ---p 00000000 00:00 0 
70d46d2af000-70d46d3af000 rw-p 00000000 00:00 0 
70d46d3af000-70d46d3b0000 ---p 00000000 00:00 0 
70d46d3b0000-70d46d4b0000 rw-p 00000000 00:00 0 
70d46d4b0000-70d46d4b1000 ---p 00000000 00:00 0 
70d46d4b1000-70d46d5b1000 rw-p 00000000 00:00 0 
70d46d5b1000-70d46d5b2000 ---p 00000000 00:00 0 
70d46d5b2000-70d46db39000 rw-p 00000000 00:00 0 
70d46db39000-70d46e70d000 ---p 00000000 00:00 0 
70d46e70d000-70d46eb39000 rw-p 00000000 00:00 0 
70d46eb39000-70d46f70d000 ---p 00000000 00:00 0 
70d46f70d000-70d46f79a000 rw-p 00000000 00:00 0 
70d46f79a000-70d46f914000 ---p 00000000 00:00 0 
70d46f914000-70d46f99a000 rw-p 00000000 00:00 0 
70d46f99a000-70d46fb14000 ---p 00000000 00:00 0 
70d46fb14000-70d46fb9a000 rw-p 00000000 00:00 0 
70d46fb9a000-70d46fd14000 ---p 00000000 00:00 0 
70d46fd14000-70d46fd1d000 rw-p 00000000 00:00 0 
70d46fd1d000-70d46fe00000 ---p 00000000 00:00 0 
70d46fe00000-70d470450000 rwxp 00000000 00:00 0 
70d470450000-70d477337000 ---p 00000000 00:00 0 
70d477337000-70d4775a7000 rwxp 00000000 00:00 0 
70d4775a7000-70d4778c9000 ---p 00000000 00:00 0 
70d4778c9000-70d477c89000 rwxp 00000000 00:00 0 
70d477c89000-70d47ee00000 ---p 00000000 00:00 0 
70d47ee00000-70d4868ea000 r--s 00000000 08:30 259092                     /usr/lib/jvm/java-17-openjdk-amd64/lib/modules
70d4868ea000-70d4868eb000 r--p 00000000 08:30 209826                     /home/thkim0/venv/v1/lib/python3.10/site-packages/markupsafe/_speedups.cpython-310-x86_64-linux-gnu.so
70d4868eb000-70d4868ec000 r-xp 00001000 08:30 209826                     /home/thkim0/venv/v1/lib/python3.10/site-packages/markupsafe/_speedups.cpython-310-x86_64-linux-gnu.so
70d4868ec000-70d4868ed000 r--p 00002000 08:30 209826                     /home/thkim0/venv/v1/lib/python3.10/site-packages/markupsafe/_speedups.cpython-310-x86_64-linux-gnu.so
70d4868ed000-70d4868ee000 r--p 00002000 08:30 209826                     /home/thkim0/venv/v1/lib/python3.10/site-packages/markupsafe/_speedups.cpython-310-x86_64-linux-gnu.so
70d4868ee000-70d4868ef000 rw-p 00003000 08:30 209826                     /home/thkim0/venv/v1/lib/python3.10/site-packages/markupsafe/_speedups.cpython-310-x86_64-linux-gnu.so
70d4868ef000-70d4868f0000 r--p 00000000 08:30 58213                      /usr/lib/python3.10/lib-dynload/_posixshmem.cpython-310-x86_64-linux-gnu.so
70d4868f0000-70d4868f1000 r-xp 00001000 08:30 58213                      /usr/lib/python3.10/lib-dynload/_posixshmem.cpython-310-x86_64-linux-gnu.so
70d4868f1000-70d4868f2000 r--p 00002000 08:30 58213                      /usr/lib/python3.10/lib-dynload/_posixshmem.cpython-310-x86_64-linux-gnu.so
70d4868f2000-70d4868f3000 r--p 00002000 08:30 58213                      /usr/lib/python3.10/lib-dynload/_posixshmem.cpython-310-x86_64-linux-gnu.so
70d4868f3000-70d4868f4000 rw-p 00003000 08:30 58213                      /usr/lib/python3.10/lib-dynload/_posixshmem.cpython-310-x86_64-linux-gnu.so
70d4868f4000-70d4868f6000 r--p 00000000 08:30 58227                      /usr/lib/python3.10/lib-dynload/mmap.cpython-310-x86_64-linux-gnu.so
70d4868f6000-70d4868f9000 r-xp 00002000 08:30 58227                      /usr/lib/python3.10/lib-dynload/mmap.cpython-310-x86_64-linux-gnu.so
70d4868f9000-70d4868fb000 r--p 00005000 08:30 58227                      /usr/lib/python3.10/lib-dynload/mmap.cpython-310-x86_64-linux-gnu.so
70d4868fb000-70d4868fc000 r--p 00006000 08:30 58227                      /usr/lib/python3.10/lib-dynload/mmap.cpython-310-x86_64-linux-gnu.so
70d4868fc000-70d4868fd000 rw-p 00007000 08:30 58227                      /usr/lib/python3.10/lib-dynload/mmap.cpython-310-x86_64-linux-gnu.so
70d4868fd000-70d4868ff000 r--p 00000000 08:30 223118                     /home/thkim0/venv/v1/lib/python3.10/site-packages/sklearn/__check_build/_check_build.cpython-310-x86_64-linux-gnu.so
70d4868ff000-70d486900000 r-xp 00002000 08:30 223118                     /home/thkim0/venv/v1/lib/python3.10/site-packages/sklearn/__check_build/_check_build.cpython-310-x86_64-linux-gnu.so
70d486900000-70d486901000 r--p 00003000 08:30 223118                     /home/thkim0/venv/v1/lib/python3.10/site-packages/sklearn/__check_build/_check_build.cpython-310-x86_64-linux-gnu.so
70d486901000-70d486902000 r--p 00003000 08:30 223118                     /home/thkim0/venv/v1/lib/python3.10/site-packages/sklearn/__check_build/_check_build.cpython-310-x86_64-linux-gnu.so
70d486902000-70d486903000 rw-p 00004000 08:30 223118                     /home/thkim0/venv/v1/lib/python3.10/site-packages/sklearn/__check_build/_check_build.cpython-310-x86_64-linux-gnu.so
70d486903000-70d486905000 rw-p 0000f000 08:30 223118                     /home/thkim0/venv/v1/lib/python3.10/site-packages/sklearn/__check_build/_check_build.cpython-310-x86_64-linux-gnu.so
70d486905000-70d486909000 r--p 00000000 08:30 259090                     /usr/lib/jvm/java-17-openjdk-amd64/lib/libverify.so
70d486909000-70d486910000 r-xp 00004000 08:30 259090                     /usr/lib/jvm/java-17-openjdk-amd64/lib/libverify.so
70d486910000-70d486912000 r--p 0000b000 08:30 259090                     /usr/lib/jvm/java-17-openjdk-amd64/lib/libverify.so
70d486912000-70d486914000 r--p 0000c000 08:30 259090                     /usr/lib/jvm/java-17-openjdk-amd64/lib/libverify.so
70d486914000-70d486915000 rw-p 0000e000 08:30 259090                     /usr/lib/jvm/java-17-openjdk-amd64/lib/libverify.so
70d486915000-70d486922000 rw-p 00000000 00:00 0 
70d486922000-70d486a00000 ---p 00000000 00:00 0 
70d486a00000-70d486c51000 r--p 00000000 08:30 259098                     /usr/lib/jvm/java-17-openjdk-amd64/lib/server/libjvm.so
70d486c51000-70d4879c3000 r-xp 00251000 08:30 259098                     /usr/lib/jvm/java-17-openjdk-amd64/lib/server/libjvm.so
70d4879c3000-70d487c44000 r--p 00fc3000 08:30 259098                     /usr/lib/jvm/java-17-openjdk-amd64/lib/server/libjvm.so
70d487c44000-70d487cfc000 r--p 01244000 08:30 259098                     /usr/lib/jvm/java-17-openjdk-amd64/lib/server/libjvm.so
70d487cfc000-70d487d31000 rw-p 012fc000 08:30 259098                     /usr/lib/jvm/java-17-openjdk-amd64/lib/server/libjvm.so
70d487d31000-70d487d8b000 rw-p 00000000 00:00 0 
70d487d8e000-70d487d90000 r--p 00000000 08:30 259091                     /usr/lib/jvm/java-17-openjdk-amd64/lib/libzip.so
70d487d90000-70d487d95000 r-xp 00002000 08:30 259091                     /usr/lib/jvm/java-17-openjdk-amd64/lib/libzip.so
70d487d95000-70d487d97000 r--p 00007000 08:30 259091                     /usr/lib/jvm/java-17-openjdk-amd64/lib/libzip.so
70d487d97000-70d487d98000 r--p 00008000 08:30 259091                     /usr/lib/jvm/java-17-openjdk-amd64/lib/libzip.so
70d487d98000-70d487d99000 rw-p 00009000 08:30 259091                     /usr/lib/jvm/java-17-openjdk-amd64/lib/libzip.so
70d487d99000-70d487d9d000 r--p 00000000 08:30 259083                     /usr/lib/jvm/java-17-openjdk-amd64/lib/libnet.so
70d487d9d000-70d487dab000 r-xp 00004000 08:30 259083                     /usr/lib/jvm/java-17-openjdk-amd64/lib/libnet.so
70d487dab000-70d487daf000 r--p 00012000 08:30 259083                     /usr/lib/jvm/java-17-openjdk-amd64/lib/libnet.so
70d487daf000-70d487db0000 r--p 00015000 08:30 259083                     /usr/lib/jvm/java-17-openjdk-amd64/lib/libnet.so
70d487db0000-70d487db1000 rw-p 00016000 08:30 259083                     /usr/lib/jvm/java-17-openjdk-amd64/lib/libnet.so
70d487db1000-70d487db8000 r--p 00000000 08:30 259084                     /usr/lib/jvm/java-17-openjdk-amd64/lib/libnio.so
70d487db8000-70d487dc1000 r-xp 00007000 08:30 259084                     /usr/lib/jvm/java-17-openjdk-amd64/lib/libnio.so
70d487dc1000-70d487dc5000 r--p 00010000 08:30 259084                     /usr/lib/jvm/java-17-openjdk-amd64/lib/libnio.so
70d487dc5000-70d487dc6000 r--p 00014000 08:30 259084                     /usr/lib/jvm/java-17-openjdk-amd64/lib/libnio.so
70d487dc6000-70d487dc7000 rw-p 00015000 08:30 259084                     /usr/lib/jvm/java-17-openjdk-amd64/lib/libnio.so
70d487dc7000-70d487dcc000 rw-p 00000000 00:00 0 
70d487dcc000-70d487dd3000 ---p 00000000 00:00 0 
70d487dd3000-70d487ddf000 r--p 00000000 08:30 259070                     /usr/lib/jvm/java-17-openjdk-amd64/lib/libjava.so
70d487ddf000-70d487df1000 r-xp 0000c000 08:30 259070                     /usr/lib/jvm/java-17-openjdk-amd64/lib/libjava.so
70d487df1000-70d487df7000 r--p 0001e000 08:30 259070                     /usr/lib/jvm/java-17-openjdk-amd64/lib/libjava.so
70d487df7000-70d487df8000 r--p 00023000 08:30 259070                     /usr/lib/jvm/java-17-openjdk-amd64/lib/libjava.so
70d487df8000-70d487df9000 rw-p 00024000 08:30 259070                     /usr/lib/jvm/java-17-openjdk-amd64/lib/libjava.so
70d487df9000-70d487dfa000 rw-p 00000000 00:00 0 
70d487dfa000-70d487e02000 rw-s 00000000 08:30 259482                     /tmp/hsperfdata_thkim0/306739
70d487e02000-70d487f02000 rw-p 00000000 00:00 0 
70d487f02000-70d487f03000 r--p 00000000 08:30 45141                      /usr/lib/x86_64-linux-gnu/libdl.so.2
70d487f03000-70d487f04000 r-xp 00001000 08:30 45141                      /usr/lib/x86_64-linux-gnu/libdl.so.2
70d487f04000-70d487f05000 r--p 00002000 08:30 45141                      /usr/lib/x86_64-linux-gnu/libdl.so.2
70d487f05000-70d487f06000 r--p 00002000 08:30 45141                      /usr/lib/x86_64-linux-gnu/libdl.so.2
70d487f06000-70d487f07000 rw-p 00003000 08:30 45141                      /usr/lib/x86_64-linux-gnu/libdl.so.2
70d487f07000-70d487f3b000 r--p 00000000 08:30 221435                     /home/thkim0/venv/v1/lib/python3.10/site-packages/_jpype.so
70d487f3b000-70d487f8f000 r-xp 00034000 08:30 221435                     /home/thkim0/venv/v1/lib/python3.10/site-packages/_jpype.so
70d487f8f000-70d487fb4000 r--p 00088000 08:30 221435                     /home/thkim0/venv/v1/lib/python3.10/site-packages/_jpype.so
70d487fb4000-70d487fb9000 r--p 000ac000 08:30 221435                     /home/thkim0/venv/v1/lib/python3.10/site-packages/_jpype.so
70d487fb9000-70d487fbd000 rw-p 000b1000 08:30 221435                     /home/thkim0/venv/v1/lib/python3.10/site-packages/_jpype.so
70d487fbd000-70d487fc1000 r--p 00000000 08:30 230223                     /home/thkim0/venv/v1/lib/python3.10/site-packages/gensim/similarities/fastss.cpython-310-x86_64-linux-gnu.so
70d487fc1000-70d487fd1000 r-xp 00004000 08:30 230223                     /home/thkim0/venv/v1/lib/python3.10/site-packages/gensim/similarities/fastss.cpython-310-x86_64-linux-gnu.so
70d487fd1000-70d487fd4000 r--p 00014000 08:30 230223                     /home/thkim0/venv/v1/lib/python3.10/site-packages/gensim/similarities/fastss.cpython-310-x86_64-linux-gnu.so
70d487fd4000-70d487fd5000 r--p 00017000 08:30 230223                     /home/thkim0/venv/v1/lib/python3.10/site-packages/gensim/similarities/fastss.cpython-310-x86_64-linux-gnu.so
70d487fd5000-70d487fd6000 rw-p 00018000 08:30 230223                     /home/thkim0/venv/v1/lib/python3.10/site-packages/gensim/similarities/fastss.cpython-310-x86_64-linux-gnu.so
70d487fd6000-70d487fdc000 r--p 00000000 08:30 230183                     /home/thkim0/venv/v1/lib/python3.10/site-packages/gensim/models/nmf_pgd.cpython-310-x86_64-linux-gnu.so
70d487fdc000-70d487ffe000 r-xp 00006000 08:30 230183                     /home/thkim0/venv/v1/lib/python3.10/site-packages/gensim/models/nmf_pgd.cpython-310-x86_64-linux-gnu.so
70d487ffe000-70d488005000 r--p 00028000 08:30 230183                     /home/thkim0/venv/v1/lib/python3.10/site-packages/gensim/models/nmf_pgd.cpython-310-x86_64-linux-gnu.so
70d488005000-70d488006000 r--p 0002f000 08:30 230183                     /home/thkim0/venv/v1/lib/python3.10/site-packages/gensim/models/nmf_pgd.cpython-310-x86_64-linux-gnu.so
70d488006000-70d488008000 rw-p 00030000 08:30 230183                     /home/thkim0/venv/v1/lib/python3.10/site-packages/gensim/models/nmf_pgd.cpython-310-x86_64-linux-gnu.so
70d488008000-70d48800c000 r--p 00000000 08:30 230164                     /home/thkim0/venv/v1/lib/python3.10/site-packages/gensim/models/fasttext_corpusfile.cpython-310-x86_64-linux-gnu.so
70d48800c000-70d48801d000 r-xp 00004000 08:30 230164                     /home/thkim0/venv/v1/lib/python3.10/site-packages/gensim/models/fasttext_corpusfile.cpython-310-x86_64-linux-gnu.so
70d48801d000-70d488021000 r--p 00015000 08:30 230164                     /home/thkim0/venv/v1/lib/python3.10/site-packages/gensim/models/fasttext_corpusfile.cpython-310-x86_64-linux-gnu.so
70d488021000-70d488022000 r--p 00019000 08:30 230164                     /home/thkim0/venv/v1/lib/python3.10/site-packages/gensim/models/fasttext_corpusfile.cpython-310-x86_64-linux-gnu.so
70d488022000-70d488023000 rw-p 0001a000 08:30 230164                     /home/thkim0/venv/v1/lib/python3.10/site-packages/gensim/models/fasttext_corpusfile.cpython-310-x86_64-linux-gnu.so
70d488023000-70d488027000 r--p 00000000 08:30 230167                     /home/thkim0/venv/v1/lib/python3.10/site-packages/gensim/models/fasttext_inner.cpython-310-x86_64-linux-gnu.so
70d488027000-70d48803b000 r-xp 00004000 08:30 230167                     /home/thkim0/venv/v1/lib/python3.10/site-packages/gensim/models/fasttext_inner.cpython-310-x86_64-linux-gnu.so
70d48803b000-70d48803f000 r--p 00018000 08:30 230167                     /home/thkim0/venv/v1/lib/python3.10/site-packages/gensim/models/fasttext_inner.cpython-310-x86_64-linux-gnu.so
70d48803f000-70d488040000 r--p 0001c000 08:30 230167                     /home/thkim0/venv/v1/lib/python3.10/site-packages/gensim/models/fasttext_inner.cpython-310-x86_64-linux-gnu.so
70d488040000-70d488041000 rw-p 0001d000 08:30 230167                     /home/thkim0/venv/v1/lib/python3.10/site-packages/gensim/models/fasttext_inner.cpython-310-x86_64-linux-gnu.so
70d488041000-70d488042000 rw-p 00000000 00:00 0 
70d488042000-70d488046000 r--p 00000000 08:30 230154                     /home/thkim0/venv/v1/lib/python3.10/site-packages/gensim/models/doc2vec_corpusfile.cpython-310-x86_64-linux-gnu.so
70d488046000-70d48805d000 r-xp 00004000 08:30 230154                     /home/thkim0/venv/v1/lib/python3.10/site-packages/gensim/models/doc2vec_corpusfile.cpython-310-x86_64-linux-gnu.so
70d48805d000-70d488064000 r--p 0001b000 08:30 230154                     /home/thkim0/venv/v1/lib/python3.10/site-packages/gensim/models/doc2vec_corpusfile.cpython-310-x86_64-linux-gnu.so
70d488064000-70d488065000 r--p 00021000 08:30 230154                     /home/thkim0/venv/v1/lib/python3.10/site-packages/gensim/models/doc2vec_corpusfile.cpython-310-x86_64-linux-gnu.so
70d488065000-70d488066000 rw-p 00022000 08:30 230154                     /home/thkim0/venv/v1/lib/python3.10/site-packages/gensim/models/doc2vec_corpusfile.cpython-310-x86_64-linux-gnu.so
70d488066000-70d48806a000 r--p 00000000 08:30 230157                     /home/thkim0/venv/v1/lib/python3.10/site-packages/gensim/models/doc2vec_inner.cpython-310-x86_64-linux-gnu.so
70d48806a000-70d488080000 r-xp 00004000 08:30 230157                     /home/thkim0/venv/v1/lib/python3.10/site-packages/gensim/models/doc2vec_inner.cpython-310-x86_64-linux-gnu.so
70d488080000-70d488086000 r--p 0001a000 08:30 230157                     /home/thkim0/venv/v1/lib/python3.10/site-packages/gensim/models/doc2vec_inner.cpython-310-x86_64-linux-gnu.so
70d488086000-70d488087000 r--p 0001f000 08:30 230157                     /home/thkim0/venv/v1/lib/python3.10/site-packages/gensim/models/doc2vec_inner.cpython-310-x86_64-linux-gnu.so
70d488087000-70d488088000 rw-p 00020000 08:30 230157                     /home/thkim0/venv/v1/lib/python3.10/site-packages/gensim/models/doc2vec_inner.cpython-310-x86_64-linux-gnu.so
70d488088000-70d488188000 rw-p 00000000 00:00 0 
70d488188000-70d48818f000 r--p 00000000 08:30 230195                     /home/thkim0/venv/v1/lib/python3.10/site-packages/gensim/models/word2vec_corpusfile.cpython-310-x86_64-linux-gnu.so
70d48818f000-70d4881ab000 r-xp 00007000 08:30 230195                     /home/thkim0/venv/v1/lib/python3.10/site-packages/gensim/models/word2vec_corpusfile.cpython-310-x86_64-linux-gnu.so
70d4881ab000-70d4881b3000 r--p 00023000 08:30 230195                     /home/thkim0/venv/v1/lib/python3.10/site-packages/gensim/models/word2vec_corpusfile.cpython-310-x86_64-linux-gnu.so
70d4881b3000-70d4881b4000 r--p 0002b000 08:30 230195                     /home/thkim0/venv/v1/lib/python3.10/site-packages/gensim/models/word2vec_corpusfile.cpython-310-x86_64-linux-gnu.so
70d4881b4000-70d4881b6000 rw-p 0002c000 08:30 230195                     /home/thkim0/venv/v1/lib/python3.10/site-packages/gensim/models/word2vec_corpusfile.cpython-310-x86_64-linux-gnu.so
70d4881b6000-70d4881ba000 r--p 00000000 08:30 230199                     /home/thkim0/venv/v1/lib/python3.10/site-packages/gensim/models/word2vec_inner.cpython-310-x86_64-linux-gnu.so
70d4881ba000-70d4881d0000 r-xp 00004000 08:30 230199                     /home/thkim0/venv/v1/lib/python3.10/site-packages/gensim/models/word2vec_inner.cpython-310-x86_64-linux-gnu.so
70d4881d0000-70d4881d5000 r--p 0001a000 08:30 230199                     /home/thkim0/venv/v1/lib/python3.10/site-packages/gensim/models/word2vec_inner.cpython-310-x86_64-linux-gnu.so
70d4881d5000-70d4881d6000 r--p 0001f000 08:30 230199                     /home/thkim0/venv/v1/lib/python3.10/site-packages/gensim/models/word2vec_inner.cpython-310-x86_64-linux-gnu.so
70d4881d6000-70d4881d7000 rw-p 00020000 08:30 230199                     /home/thkim0/venv/v1/lib/python3.10/site-packages/gensim/models/word2vec_inner.cpython-310-x86_64-linux-gnu.so
70d4881d7000-70d4881d9000 rw-p 00000000 00:00 0 
70d4881d9000-70d4881de000 r--p 00000000 08:30 230128                     /home/thkim0/venv/v1/lib/python3.10/site-packages/gensim/corpora/_mmreader.cpython-310-x86_64-linux-gnu.so
70d4881de000-70d4881f3000 r-xp 00005000 08:30 230128                     /home/thkim0/venv/v1/lib/python3.10/site-packages/gensim/corpora/_mmreader.cpython-310-x86_64-linux-gnu.so
70d4881f3000-70d4881f8000 r--p 0001a000 08:30 230128                     /home/thkim0/venv/v1/lib/python3.10/site-packages/gensim/corpora/_mmreader.cpython-310-x86_64-linux-gnu.so
70d4881f8000-70d4881f9000 r--p 0001e000 08:30 230128                     /home/thkim0/venv/v1/lib/python3.10/site-packages/gensim/corpora/_mmreader.cpython-310-x86_64-linux-gnu.so
70d4881f9000-70d4881fb000 rw-p 0001f000 08:30 230128                     /home/thkim0/venv/v1/lib/python3.10/site-packages/gensim/corpora/_mmreader.cpython-310-x86_64-linux-gnu.so
70d4881fb000-70d488201000 r--p 00000000 08:30 230118                     /home/thkim0/venv/v1/lib/python3.10/site-packages/gensim/_matutils.cpython-310-x86_64-linux-gnu.so
70d488201000-70d488231000 r-xp 00006000 08:30 230118                     /home/thkim0/venv/v1/lib/python3.10/site-packages/gensim/_matutils.cpython-310-x86_64-linux-gnu.so
70d488231000-70d48823a000 r--p 00036000 08:30 230118                     /home/thkim0/venv/v1/lib/python3.10/site-packages/gensim/_matutils.cpython-310-x86_64-linux-gnu.so
70d48823a000-70d48823b000 r--p 0003f000 08:30 230118                     /home/thkim0/venv/v1/lib/python3.10/site-packages/gensim/_matutils.cpython-310-x86_64-linux-gnu.so
70d48823b000-70d48823d000 rw-p 00040000 08:30 230118                     /home/thkim0/venv/v1/lib/python3.10/site-packages/gensim/_matutils.cpython-310-x86_64-linux-gnu.so
70d48823d000-70d48833e000 rw-p 00000000 00:00 0 
70d48833e000-70d488343000 r--p 00000000 08:30 219391                     /home/thkim0/venv/v1/lib/python3.10/site-packages/scipy/ndimage/_ni_label.cpython-310-x86_64-linux-gnu.so
70d488343000-70d48838f000 r-xp 00005000 08:30 219391                     /home/thkim0/venv/v1/lib/python3.10/site-packages/scipy/ndimage/_ni_label.cpython-310-x86_64-linux-gnu.so
70d48838f000-70d488398000 r--p 00051000 08:30 219391                     /home/thkim0/venv/v1/lib/python3.10/site-packages/scipy/ndimage/_ni_label.cpython-310-x86_64-linux-gnu.so
70d488398000-70d488399000 ---p 0005a000 08:30 219391                     /home/thkim0/venv/v1/lib/python3.10/site-packages/scipy/ndimage/_ni_label.cpython-310-x86_64-linux-gnu.so
70d488399000-70d48839a000 r--p 0005a000 08:30 219391                     /home/thkim0/venv/v1/lib/python3.10/site-packages/scipy/ndimage/_ni_label.cpython-310-x86_64-linux-gnu.so
70d48839a000-70d48839d000 rw-p 0005b000 08:30 219391                     /home/thkim0/venv/v1/lib/python3.10/site-packages/scipy/ndimage/_ni_label.cpython-310-x86_64-linux-gnu.so
70d48839d000-70d48839f000 r--p 00000000 08:30 219393                     /home/thkim0/venv/v1/lib/python3.10/site-packages/scipy/ndimage/_nd_image.cpython-310-x86_64-linux-gnu.so
70d48839f000-70d4883ba000 r-xp 00002000 08:30 219393                     /home/thkim0/venv/v1/lib/python3.10/site-packages/scipy/ndimage/_nd_image.cpython-310-x86_64-linux-gnu.so
70d4883ba000-70d4883be000 r--p 0001d000 08:30 219393                     /home/thkim0/venv/v1/lib/python3.10/site-packages/scipy/ndimage/_nd_image.cpython-310-x86_64-linux-gnu.so
70d4883be000-70d4883bf000 r--p 00020000 08:30 219393                     /home/thkim0/venv/v1/lib/python3.10/site-packages/scipy/ndimage/_nd_image.cpython-310-x86_64-linux-gnu.so
70d4883bf000-70d4883c0000 rw-p 00021000 08:30 219393                     /home/thkim0/venv/v1/lib/python3.10/site-packages/scipy/ndimage/_nd_image.cpython-310-x86_64-linux-gnu.so
70d4883c0000-70d4883c8000 r--p 00000000 08:30 218854                     /home/thkim0/venv/v1/lib/python3.10/site-packages/scipy/stats/_unuran/unuran_wrapper.cpython-310-x86_64-linux-gnu.so
70d4883c8000-70d4884de000 r-xp 00008000 08:30 218854                     /home/thkim0/venv/v1/lib/python3.10/site-packages/scipy/stats/_unuran/unuran_wrapper.cpython-310-x86_64-linux-gnu.so
70d4884de000-70d48851a000 r--p 0011e000 08:30 218854                     /home/thkim0/venv/v1/lib/python3.10/site-packages/scipy/stats/_unuran/unuran_wrapper.cpython-310-x86_64-linux-gnu.so
70d48851a000-70d48851b000 ---p 0015a000 08:30 218854                     /home/thkim0/venv/v1/lib/python3.10/site-packages/scipy/stats/_unuran/unuran_wrapper.cpython-310-x86_64-linux-gnu.so
70d48851b000-70d48851c000 r--p 0015a000 08:30 218854                     /home/thkim0/venv/v1/lib/python3.10/site-packages/scipy/stats/_unuran/unuran_wrapper.cpython-310-x86_64-linux-gnu.so
70d48851c000-70d488521000 rw-p 0015b000 08:30 218854                     /home/thkim0/venv/v1/lib/python3.10/site-packages/scipy/stats/_unuran/unuran_wrapper.cpython-310-x86_64-linux-gnu.so
70d488521000-70d488523000 rw-p 00000000 00:00 0 
70d488523000-70d488528000 r--p 00000000 08:30 218918                     /home/thkim0/venv/v1/lib/python3.10/site-packages/scipy/stats/_rcont/rcont.cpython-310-x86_64-linux-gnu.so
70d488528000-70d488550000 r-xp 00005000 08:30 218918                     /home/thkim0/venv/v1/lib/python3.10/site-packages/scipy/stats/_rcont/rcont.cpython-310-x86_64-linux-gnu.so
70d488550000-70d488559000 r--p 0002d000 08:30 218918                     /home/thkim0/venv/v1/lib/python3.10/site-packages/scipy/stats/_rcont/rcont.cpython-310-x86_64-linux-gnu.so
70d488559000-70d48855a000 ---p 00036000 08:30 218918                     /home/thkim0/venv/v1/lib/python3.10/site-packages/scipy/stats/_rcont/rcont.cpython-310-x86_64-linux-gnu.so
70d48855a000-70d48855b000 r--p 00036000 08:30 218918                     /home/thkim0/venv/v1/lib/python3.10/site-packages/scipy/stats/_rcont/rcont.cpython-310-x86_64-linux-gnu.so
70d48855b000-70d48855d000 rw-p 00037000 08:30 218918                     /home/thkim0/venv/v1/lib/python3.10/site-packages/scipy/stats/_rcont/rcont.cpython-310-x86_64-linux-gnu.so
70d48855d000-70d48855e000 rw-p 00000000 00:00 0 
70d48855e000-70d488560000 r--p 00000000 08:30 218823                     /home/thkim0/venv/v1/lib/python3.10/site-packages/scipy/stats/_mvn.cpython-310-x86_64-linux-gnu.so
70d488560000-70d488569000 r-xp 00002000 08:30 218823                     /home/thkim0/venv/v1/lib/python3.10/site-packages/scipy/stats/_mvn.cpython-310-x86_64-linux-gnu.so
70d488569000-70d48856f000 r--p 0000b000 08:30 218823                     /home/thkim0/venv/v1/lib/python3.10/site-packages/scipy/stats/_mvn.cpython-310-x86_64-linux-gnu.so
70d48856f000-70d488570000 r--p 00010000 08:30 218823                     /home/thkim0/venv/v1/lib/python3.10/site-packages/scipy/stats/_mvn.cpython-310-x86_64-linux-gnu.so
70d488570000-70d488572000 rw-p 00011000 08:30 218823                     /home/thkim0/venv/v1/lib/python3.10/site-packages/scipy/stats/_mvn.cpython-310-x86_64-linux-gnu.so
70d488572000-70d488669000 rw-p 00000000 00:00 0 
70d488669000-70d48866e000 r--p 00000000 08:30 218816                     /home/thkim0/venv/v1/lib/python3.10/site-packages/scipy/stats/_qmc_cy.cpython-310-x86_64-linux-gnu.so
70d48866e000-70d488699000 r-xp 00005000 08:30 218816                     /home/thkim0/venv/v1/lib/python3.10/site-packages/scipy/stats/_qmc_cy.cpython-310-x86_64-linux-gnu.so
70d488699000-70d4886a2000 r--p 00030000 08:30 218816                     /home/thkim0/venv/v1/lib/python3.10/site-packages/scipy/stats/_qmc_cy.cpython-310-x86_64-linux-gnu.so
70d4886a2000-70d4886a3000 r--p 00038000 08:30 218816                     /home/thkim0/venv/v1/lib/python3.10/site-packages/scipy/stats/_qmc_cy.cpython-310-x86_64-linux-gnu.so
70d4886a3000-70d4886a5000 rw-p 00039000 08:30 218816                     /home/thkim0/venv/v1/lib/python3.10/site-packages/scipy/stats/_qmc_cy.cpython-310-x86_64-linux-gnu.so
70d4886a5000-70d4886a6000 rw-p 00000000 00:00 0 
70d4886a6000-70d4886ab000 r--p 00000000 08:30 218789                     /home/thkim0/venv/v1/lib/python3.10/site-packages/scipy/stats/_sobol.cpython-310-x86_64-linux-gnu.so
70d4886ab000-70d4886f3000 r-xp 00005000 08:30 218789                     /home/thkim0/venv/v1/lib/python3.10/site-packages/scipy/stats/_sobol.cpython-310-x86_64-linux-gnu.so
70d4886f3000-70d4886fd000 r--p 0004d000 08:30 218789                     /home/thkim0/venv/v1/lib/python3.10/site-packages/scipy/stats/_sobol.cpython-310-x86_64-linux-gnu.so
70d4886fd000-70d4886fe000 r--p 00056000 08:30 218789                     /home/thkim0/venv/v1/lib/python3.10/site-packages/scipy/stats/_sobol.cpython-310-x86_64-linux-gnu.so
70d4886fe000-70d488700000 rw-p 00057000 08:30 218789                     /home/thkim0/venv/v1/lib/python3.10/site-packages/scipy/stats/_sobol.cpython-310-x86_64-linux-gnu.so
70d488700000-70d488801000 rw-p 00000000 00:00 0 
70d488801000-70d488808000 r--p 00000000 08:30 218401                     /home/thkim0/venv/v1/lib/python3.10/site-packages/scipy/fft/_pocketfft/pypocketfft.cpython-310-x86_64-linux-gnu.so
70d488808000-70d4888e1000 r-xp 00007000 08:30 218401                     /home/thkim0/venv/v1/lib/python3.10/site-packages/scipy/fft/_pocketfft/pypocketfft.cpython-310-x86_64-linux-gnu.so
70d4888e1000-70d4888fb000 r--p 000e0000 08:30 218401                     /home/thkim0/venv/v1/lib/python3.10/site-packages/scipy/fft/_pocketfft/pypocketfft.cpython-310-x86_64-linux-gnu.so
70d4888fb000-70d4888fc000 ---p 000fa000 08:30 218401                     /home/thkim0/venv/v1/lib/python3.10/site-packages/scipy/fft/_pocketfft/pypocketfft.cpython-310-x86_64-linux-gnu.so
70d4888fc000-70d4888fd000 r--p 000fa000 08:30 218401                     /home/thkim0/venv/v1/lib/python3.10/site-packages/scipy/fft/_pocketfft/pypocketfft.cpython-310-x86_64-linux-gnu.so
70d4888fd000-70d4888fe000 rw-p 000fb000 08:30 218401                     /home/thkim0/venv/v1/lib/python3.10/site-packages/scipy/fft/_pocketfft/pypocketfft.cpython-310-x86_64-linux-gnu.so
70d4888fe000-70d488a00000 rw-p 00000000 00:00 0 
70d488a00000-70d488a0e000 r--p 00000000 08:30 218422                     /home/thkim0/venv/v1/lib/python3.10/site-packages/scipy/special/cython_special.cpython-310-x86_64-linux-gnu.so
70d488a0e000-70d488cc7000 r-xp 0000e000 08:30 218422                     /home/thkim0/venv/v1/lib/python3.10/site-packages/scipy/special/cython_special.cpython-310-x86_64-linux-gnu.so
70d488cc7000-70d488d0f000 r--p 002c7000 08:30 218422                     /home/thkim0/venv/v1/lib/python3.10/site-packages/scipy/special/cython_special.cpython-310-x86_64-linux-gnu.so
70d488d0f000-70d488d10000 r--p 0030e000 08:30 218422                     /home/thkim0/venv/v1/lib/python3.10/site-packages/scipy/special/cython_special.cpython-310-x86_64-linux-gnu.so
70d488d10000-70d488d15000 rw-p 0030f000 08:30 218422                     /home/thkim0/venv/v1/lib/python3.10/site-packages/scipy/special/cython_special.cpython-310-x86_64-linux-gnu.so
70d488d15000-70d488d18000 rw-p 00000000 00:00 0 
70d488d1b000-70d488d20000 r--p 00000000 08:30 218808                     /home/thkim0/venv/v1/lib/python3.10/site-packages/scipy/stats/_ansari_swilk_statistics.cpython-310-x86_64-linux-gnu.so
70d488d20000-70d488d4d000 r-xp 00005000 08:30 218808                     /home/thkim0/venv/v1/lib/python3.10/site-packages/scipy/stats/_ansari_swilk_statistics.cpython-310-x86_64-linux-gnu.so
70d488d4d000-70d488d55000 r--p 00032000 08:30 218808                     /home/thkim0/venv/v1/lib/python3.10/site-packages/scipy/stats/_ansari_swilk_statistics.cpython-310-x86_64-linux-gnu.so
70d488d55000-70d488d56000 r--p 00039000 08:30 218808                     /home/thkim0/venv/v1/lib/python3.10/site-packages/scipy/stats/_ansari_swilk_statistics.cpython-310-x86_64-linux-gnu.so
70d488d56000-70d488d58000 rw-p 0003a000 08:30 218808                     /home/thkim0/venv/v1/lib/python3.10/site-packages/scipy/stats/_ansari_swilk_statistics.cpython-310-x86_64-linux-gnu.so
70d488d58000-70d488d59000 rw-p 00000000 00:00 0 
70d488d59000-70d488d5d000 r--p 00000000 08:30 218328                     /home/thkim0/venv/v1/lib/python3.10/site-packages/scipy/_lib/_uarray/_uarray.cpython-310-x86_64-linux-gnu.so
70d488d5d000-70d488d6f000 r-xp 00004000 08:30 218328                     /home/thkim0/venv/v1/lib/python3.10/site-packages/scipy/_lib/_uarray/_uarray.cpython-310-x86_64-linux-gnu.so
70d488d6f000-70d488d75000 r--p 00016000 08:30 218328                     /home/thkim0/venv/v1/lib/python3.10/site-packages/scipy/_lib/_uarray/_uarray.cpython-310-x86_64-linux-gnu.so
70d488d75000-70d488d76000 r--p 0001b000 08:30 218328                     /home/thkim0/venv/v1/lib/python3.10/site-packages/scipy/_lib/_uarray/_uarray.cpython-310-x86_64-linux-gnu.so
70d488d76000-70d488d77000 rw-p 0001c000 08:30 218328                     /home/thkim0/venv/v1/lib/python3.10/site-packages/scipy/_lib/_uarray/_uarray.cpython-310-x86_64-linux-gnu.so
70d488d77000-70d488d7a000 r--p 00000000 08:30 218795                     /home/thkim0/venv/v1/lib/python3.10/site-packages/scipy/stats/_stats_pythran.cpython-310-x86_64-linux-gnu.so
70d488d7a000-70d488d90000 r-xp 00003000 08:30 218795                     /home/thkim0/venv/v1/lib/python3.10/site-packages/scipy/stats/_stats_pythran.cpython-310-x86_64-linux-gnu.so
70d488d90000-70d488d95000 r--p 00019000 08:30 218795                     /home/thkim0/venv/v1/lib/python3.10/site-packages/scipy/stats/_stats_pythran.cpython-310-x86_64-linux-gnu.so
70d488d95000-70d488d96000 r--p 0001d000 08:30 218795                     /home/thkim0/venv/v1/lib/python3.10/site-packages/scipy/stats/_stats_pythran.cpython-310-x86_64-linux-gnu.so
70d488d96000-70d488d97000 rw-p 0001e000 08:30 218795                     /home/thkim0/venv/v1/lib/python3.10/site-packages/scipy/stats/_stats_pythran.cpython-310-x86_64-linux-gnu.so
70d488d97000-70d488d9a000 r--p 00000000 08:30 218916                     /home/thkim0/venv/v1/lib/python3.10/site-packages/scipy/stats/_levy_stable/levyst.cpython-310-x86_64-linux-gnu.so
70d488d9a000-70d488da1000 r-xp 00003000 08:30 218916                     /home/thkim0/venv/v1/lib/python3.10/site-packages/scipy/stats/_levy_stable/levyst.cpython-310-x86_64-linux-gnu.so
70d488da1000-70d488da3000 r--p 0000a000 08:30 218916                     /home/thkim0/venv/v1/lib/python3.10/site-packages/scipy/stats/_levy_stable/levyst.cpython-310-x86_64-linux-gnu.so
70d488da3000-70d488da4000 r--p 0000b000 08:30 218916                     /home/thkim0/venv/v1/lib/python3.10/site-packages/scipy/stats/_levy_stable/levyst.cpython-310-x86_64-linux-gnu.so
70d488da4000-70d488da5000 rw-p 0000c000 08:30 218916                     /home/thkim0/venv/v1/lib/python3.10/site-packages/scipy/stats/_levy_stable/levyst.cpython-310-x86_64-linux-gnu.so
70d488da5000-70d488daa000 r--p 00000000 08:30 218794                     /home/thkim0/venv/v1/lib/python3.10/site-packages/scipy/stats/_biasedurn.cpython-310-x86_64-linux-gnu.so
70d488daa000-70d488dd4000 r-xp 00005000 08:30 218794                     /home/thkim0/venv/v1/lib/python3.10/site-packages/scipy/stats/_biasedurn.cpython-310-x86_64-linux-gnu.so
70d488dd4000-70d488de0000 r--p 0002f000 08:30 218794                     /home/thkim0/venv/v1/lib/python3.10/site-packages/scipy/stats/_biasedurn.cpython-310-x86_64-linux-gnu.so
70d488de0000-70d488de1000 r--p 0003a000 08:30 218794                     /home/thkim0/venv/v1/lib/python3.10/site-packages/scipy/stats/_biasedurn.cpython-310-x86_64-linux-gnu.so
70d488de1000-70d488de4000 rw-p 0003b000 08:30 218794                     /home/thkim0/venv/v1/lib/python3.10/site-packages/scipy/stats/_biasedurn.cpython-310-x86_64-linux-gnu.so
70d488de4000-70d488ee7000 rw-p 00000000 00:00 0 
70d488ee7000-70d488eed000 r--p 00000000 08:30 218840                     /home/thkim0/venv/v1/lib/python3.10/site-packages/scipy/stats/_stats.cpython-310-x86_64-linux-gnu.so
70d488eed000-70d488f81000 r-xp 00006000 08:30 218840                     /home/thkim0/venv/v1/lib/python3.10/site-packages/scipy/stats/_stats.cpython-310-x86_64-linux-gnu.so
70d488f81000-70d488f8f000 r--p 0009a000 08:30 218840                     /home/thkim0/venv/v1/lib/python3.10/site-packages/scipy/stats/_stats.cpython-310-x86_64-linux-gnu.so
70d488f8f000-70d488f90000 r--p 000a7000 08:30 218840                     /home/thkim0/venv/v1/lib/python3.10/site-packages/scipy/stats/_stats.cpython-310-x86_64-linux-gnu.so
70d488f90000-70d488f93000 rw-p 000a8000 08:30 218840                     /home/thkim0/venv/v1/lib/python3.10/site-packages/scipy/stats/_stats.cpython-310-x86_64-linux-gnu.so
70d488f93000-70d488f95000 rw-p 00000000 00:00 0 
70d488f95000-70d488f9a000 r--p 00000000 08:30 218585                     /home/thkim0/venv/v1/lib/python3.10/site-packages/scipy/interpolate/_rgi_cython.cpython-310-x86_64-linux-gnu.so
70d488f9a000-70d488fcb000 r-xp 00005000 08:30 218585                     /home/thkim0/venv/v1/lib/python3.10/site-packages/scipy/interpolate/_rgi_cython.cpython-310-x86_64-linux-gnu.so
70d488fcb000-70d488fd3000 r--p 00036000 08:30 218585                     /home/thkim0/venv/v1/lib/python3.10/site-packages/scipy/interpolate/_rgi_cython.cpython-310-x86_64-linux-gnu.so
70d488fd3000-70d488fd4000 r--p 0003d000 08:30 218585                     /home/thkim0/venv/v1/lib/python3.10/site-packages/scipy/interpolate/_rgi_cython.cpython-310-x86_64-linux-gnu.so
70d488fd4000-70d488fd6000 rw-p 0003e000 08:30 218585                     /home/thkim0/venv/v1/lib/python3.10/site-packages/scipy/interpolate/_rgi_cython.cpython-310-x86_64-linux-gnu.so
70d488fd6000-70d488fd7000 rw-p 00000000 00:00 0 
70d488fd7000-70d488fdb000 r--p 00000000 08:30 218575                     /home/thkim0/venv/v1/lib/python3.10/site-packages/scipy/interpolate/_rbfinterp_pythran.cpython-310-x86_64-linux-gnu.so
70d488fdb000-70d489005000 r-xp 00004000 08:30 218575                     /home/thkim0/venv/v1/lib/python3.10/site-packages/scipy/interpolate/_rbfinterp_pythran.cpython-310-x86_64-linux-gnu.so
70d489005000-70d48900b000 r--p 0002e000 08:30 218575                     /home/thkim0/venv/v1/lib/python3.10/site-packages/scipy/interpolate/_rbfinterp_pythran.cpython-310-x86_64-linux-gnu.so
70d48900b000-70d48900c000 r--p 00033000 08:30 218575                     /home/thkim0/venv/v1/lib/python3.10/site-packages/scipy/interpolate/_rbfinterp_pythran.cpython-310-x86_64-linux-gnu.so
70d48900c000-70d48900d000 rw-p 00034000 08:30 218575                     /home/thkim0/venv/v1/lib/python3.10/site-packages/scipy/interpolate/_rbfinterp_pythran.cpython-310-x86_64-linux-gnu.so
70d48900d000-70d48910d000 rw-p 00000000 00:00 0 
70d48910d000-70d489113000 r--p 00000000 08:30 218589                     /home/thkim0/venv/v1/lib/python3.10/site-packages/scipy/interpolate/interpnd.cpython-310-x86_64-linux-gnu.so
70d489113000-70d489163000 r-xp 00006000 08:30 218589                     /home/thkim0/venv/v1/lib/python3.10/site-packages/scipy/interpolate/interpnd.cpython-310-x86_64-linux-gnu.so
70d489163000-70d48916f000 r--p 00056000 08:30 218589                     /home/thkim0/venv/v1/lib/python3.10/site-packages/scipy/interpolate/interpnd.cpython-310-x86_64-linux-gnu.so
70d48916f000-70d489170000 r--p 00061000 08:30 218589                     /home/thkim0/venv/v1/lib/python3.10/site-packages/scipy/interpolate/interpnd.cpython-310-x86_64-linux-gnu.so
70d489170000-70d489173000 rw-p 00062000 08:30 218589                     /home/thkim0/venv/v1/lib/python3.10/site-packages/scipy/interpolate/interpnd.cpython-310-x86_64-linux-gnu.so
70d489173000-70d489174000 rw-p 00000000 00:00 0 
70d489174000-70d489179000 r--p 00000000 08:30 218602                     /home/thkim0/venv/v1/lib/python3.10/site-packages/scipy/interpolate/_ppoly.cpython-310-x86_64-linux-gnu.so
70d489179000-70d4891cf000 r-xp 00005000 08:30 218602                     /home/thkim0/venv/v1/lib/python3.10/site-packages/scipy/interpolate/_ppoly.cpython-310-x86_64-linux-gnu.so
70d4891cf000-70d4891da000 r--p 0005b000 08:30 218602                     /home/thkim0/venv/v1/lib/python3.10/site-packages/scipy/interpolate/_ppoly.cpython-310-x86_64-linux-gnu.so
70d4891da000-70d4891db000 r--p 00065000 08:30 218602                     /home/thkim0/venv/v1/lib/python3.10/site-packages/scipy/interpolate/_ppoly.cpython-310-x86_64-linux-gnu.so
70d4891db000-70d4891dd000 rw-p 00066000 08:30 218602                     /home/thkim0/venv/v1/lib/python3.10/site-packages/scipy/interpolate/_ppoly.cpython-310-x86_64-linux-gnu.so
70d4891dd000-70d4891de000 rw-p 00000000 00:00 0 
70d4891de000-70d4891e4000 r--p 00000000 08:30 218590                     /home/thkim0/venv/v1/lib/python3.10/site-packages/scipy/interpolate/_bspl.cpython-310-x86_64-linux-gnu.so
70d4891e4000-70d489255000 r-xp 00006000 08:30 218590                     /home/thkim0/venv/v1/lib/python3.10/site-packages/scipy/interpolate/_bspl.cpython-310-x86_64-linux-gnu.so
70d489255000-70d489265000 r--p 00077000 08:30 218590                     /home/thkim0/venv/v1/lib/python3.10/site-packages/scipy/interpolate/_bspl.cpython-310-x86_64-linux-gnu.so
70d489265000-70d489266000 r--p 00086000 08:30 218590                     /home/thkim0/venv/v1/lib/python3.10/site-packages/scipy/interpolate/_bspl.cpython-310-x86_64-linux-gnu.so
70d489266000-70d489269000 rw-p 00087000 08:30 218590                     /home/thkim0/venv/v1/lib/python3.10/site-packages/scipy/interpolate/_bspl.cpython-310-x86_64-linux-gnu.so
70d489269000-70d48926a000 rw-p 00000000 00:00 0 
70d48926a000-70d48926e000 r--p 00000000 08:30 218600                     /home/thkim0/venv/v1/lib/python3.10/site-packages/scipy/interpolate/_dfitpack.cpython-310-x86_64-linux-gnu.so
70d48926e000-70d4892a4000 r-xp 00004000 08:30 218600                     /home/thkim0/venv/v1/lib/python3.10/site-packages/scipy/interpolate/_dfitpack.cpython-310-x86_64-linux-gnu.so
70d4892a4000-70d4892b0000 r--p 0003a000 08:30 218600                     /home/thkim0/venv/v1/lib/python3.10/site-packages/scipy/interpolate/_dfitpack.cpython-310-x86_64-linux-gnu.so
70d4892b0000-70d4892b1000 ---p 00046000 08:30 218600                     /home/thkim0/venv/v1/lib/python3.10/site-packages/scipy/interpolate/_dfitpack.cpython-310-x86_64-linux-gnu.so
70d4892b1000-70d4892b2000 r--p 00046000 08:30 218600                     /home/thkim0/venv/v1/lib/python3.10/site-packages/scipy/interpolate/_dfitpack.cpython-310-x86_64-linux-gnu.so
70d4892b2000-70d4892ba000 rw-p 00047000 08:30 218600                     /home/thkim0/venv/v1/lib/python3.10/site-packages/scipy/interpolate/_dfitpack.cpython-310-x86_64-linux-gnu.so
70d4892ba000-70d4892bd000 rw-p 00052000 08:30 218600                     /home/thkim0/venv/v1/lib/python3.10/site-packages/scipy/interpolate/_dfitpack.cpython-310-x86_64-linux-gnu.so
70d4892bd000-70d4892be000 r--p 00000000 08:30 218582                     /home/thkim0/venv/v1/lib/python3.10/site-packages/scipy/interpolate/_fitpack.cpython-310-x86_64-linux-gnu.so
70d4892be000-70d4892ce000 r-xp 00001000 08:30 218582                     /home/thkim0/venv/v1/lib/python3.10/site-packages/scipy/interpolate/_fitpack.cpython-310-x86_64-linux-gnu.so
70d4892ce000-70d4892d0000 r--p 00011000 08:30 218582                     /home/thkim0/venv/v1/lib/python3.10/site-packages/scipy/interpolate/_fitpack.cpython-310-x86_64-linux-gnu.so
70d4892d0000-70d4892d1000 r--p 00012000 08:30 218582                     /home/thkim0/venv/v1/lib/python3.10/site-packages/scipy/interpolate/_fitpack.cpython-310-x86_64-linux-gnu.so
70d4892d1000-70d4892d2000 rw-p 00013000 08:30 218582                     /home/thkim0/venv/v1/lib/python3.10/site-packages/scipy/interpolate/_fitpack.cpython-310-x86_64-linux-gnu.so
70d4892d2000-70d4892d4000 rw-p 00015000 08:30 218582                     /home/thkim0/venv/v1/lib/python3.10/site-packages/scipy/interpolate/_fitpack.cpython-310-x86_64-linux-gnu.so
70d4892d4000-70d4893d4000 rw-p 00000000 00:00 0 
70d4893d4000-70d4893f0000 r--p 00000000 08:30 218741                     /home/thkim0/venv/v1/lib/python3.10/site-packages/scipy/integrate/_lsoda.cpython-310-x86_64-linux-gnu.so
70d4893f0000-70d48940b000 r-xp 0001c000 08:30 218741                     /home/thkim0/venv/v1/lib/python3.10/site-packages/scipy/integrate/_lsoda.cpython-310-x86_64-linux-gnu.so
70d48940b000-70d48941a000 r--p 00037000 08:30 218741                     /home/thkim0/venv/v1/lib/python3.10/site-packages/scipy/integrate/_lsoda.cpython-310-x86_64-linux-gnu.so
70d48941a000-70d48941b000 ---p 00046000 08:30 218741                     /home/thkim0/venv/v1/lib/python3.10/site-packages/scipy/integrate/_lsoda.cpython-310-x86_64-linux-gnu.so
70d48941b000-70d48941c000 r--p 00046000 08:30 218741                     /home/thkim0/venv/v1/lib/python3.10/site-packages/scipy/integrate/_lsoda.cpython-310-x86_64-linux-gnu.so
70d48941c000-70d489421000 rw-p 00047000 08:30 218741                     /home/thkim0/venv/v1/lib/python3.10/site-packages/scipy/integrate/_lsoda.cpython-310-x86_64-linux-gnu.so
70d489421000-70d489439000 rw-p 00067000 08:30 218741                     /home/thkim0/venv/v1/lib/python3.10/site-packages/scipy/integrate/_lsoda.cpython-310-x86_64-linux-gnu.so
70d489439000-70d48943c000 r--p 00000000 08:30 218740                     /home/thkim0/venv/v1/lib/python3.10/site-packages/scipy/integrate/_dop.cpython-310-x86_64-linux-gnu.so
70d48943c000-70d48944a000 r-xp 00003000 08:30 218740                     /home/thkim0/venv/v1/lib/python3.10/site-packages/scipy/integrate/_dop.cpython-310-x86_64-linux-gnu.so
70d48944a000-70d48944e000 r--p 00011000 08:30 218740                     /home/thkim0/venv/v1/lib/python3.10/site-packages/scipy/integrate/_dop.cpython-310-x86_64-linux-gnu.so
70d48944e000-70d48944f000 r--p 00014000 08:30 218740                     /home/thkim0/venv/v1/lib/python3.10/site-packages/scipy/integrate/_dop.cpython-310-x86_64-linux-gnu.so
70d48944f000-70d489451000 rw-p 00015000 08:30 218740                     /home/thkim0/venv/v1/lib/python3.10/site-packages/scipy/integrate/_dop.cpython-310-x86_64-linux-gnu.so
70d489451000-70d489454000 rw-p 0001a000 08:30 218740                     /home/thkim0/venv/v1/lib/python3.10/site-packages/scipy/integrate/_dop.cpython-310-x86_64-linux-gnu.so
70d489454000-70d489470000 r--p 00000000 08:30 218758                     /home/thkim0/venv/v1/lib/python3.10/site-packages/scipy/integrate/_vode.cpython-310-x86_64-linux-gnu.so
70d489470000-70d489495000 r-xp 0001c000 08:30 218758                     /home/thkim0/venv/v1/lib/python3.10/site-packages/scipy/integrate/_vode.cpython-310-x86_64-linux-gnu.so
70d489495000-70d4894a6000 r--p 00041000 08:30 218758                     /home/thkim0/venv/v1/lib/python3.10/site-packages/scipy/integrate/_vode.cpython-310-x86_64-linux-gnu.so
70d4894a6000-70d4894a7000 r--p 00051000 08:30 218758                     /home/thkim0/venv/v1/lib/python3.10/site-packages/scipy/integrate/_vode.cpython-310-x86_64-linux-gnu.so
70d4894a7000-70d4894ac000 rw-p 00052000 08:30 218758                     /home/thkim0/venv/v1/lib/python3.10/site-packages/scipy/integrate/_vode.cpython-310-x86_64-linux-gnu.so
70d4894ac000-70d4894c4000 rw-p 00073000 08:30 218758                     /home/thkim0/venv/v1/lib/python3.10/site-packages/scipy/integrate/_vode.cpython-310-x86_64-linux-gnu.so
70d4894c4000-70d4894df000 r--p 00000000 08:30 218750                     /home/thkim0/venv/v1/lib/python3.10/site-packages/scipy/integrate/_quadpack.cpython-310-x86_64-linux-gnu.so
70d4894df000-70d4894ff000 r-xp 0001b000 08:30 218750                     /home/thkim0/venv/v1/lib/python3.10/site-packages/scipy/integrate/_quadpack.cpython-310-x86_64-linux-gnu.so
70d4894ff000-70d48950d000 r--p 0003b000 08:30 218750                     /home/thkim0/venv/v1/lib/python3.10/site-packages/scipy/integrate/_quadpack.cpython-310-x86_64-linux-gnu.so
70d48950d000-70d48950e000 r--p 00048000 08:30 218750                     /home/thkim0/venv/v1/lib/python3.10/site-packages/scipy/integrate/_quadpack.cpython-310-x86_64-linux-gnu.so
70d48950e000-70d489512000 rw-p 00049000 08:30 218750                     /home/thkim0/venv/v1/lib/python3.10/site-packages/scipy/integrate/_quadpack.cpython-310-x86_64-linux-gnu.so
70d489512000-70d489529000 rw-p 00068000 08:30 218750                     /home/thkim0/venv/v1/lib/python3.10/site-packages/scipy/integrate/_quadpack.cpython-310-x86_64-linux-gnu.so
70d489529000-70d489544000 r--p 00000000 08:30 218754                     /home/thkim0/venv/v1/lib/python3.10/site-packages/scipy/integrate/_odepack.cpython-310-x86_64-linux-gnu.so
70d489544000-70d48955c000 r-xp 0001b000 08:30 218754                     /home/thkim0/venv/v1/lib/python3.10/site-packages/scipy/integrate/_odepack.cpython-310-x86_64-linux-gnu.so
70d48955c000-70d48956a000 r--p 00033000 08:30 218754                     /home/thkim0/venv/v1/lib/python3.10/site-packages/scipy/integrate/_odepack.cpython-310-x86_64-linux-gnu.so
70d48956a000-70d48956b000 r--p 00040000 08:30 218754                     /home/thkim0/venv/v1/lib/python3.10/site-packages/scipy/integrate/_odepack.cpython-310-x86_64-linux-gnu.so
70d48956b000-70d48956f000 rw-p 00041000 08:30 218754                     /home/thkim0/venv/v1/lib/python3.10/site-packages/scipy/integrate/_odepack.cpython-310-x86_64-linux-gnu.so
70d48956f000-70d489570000 rw-p 00000000 00:00 0 
70d489570000-70d489586000 rw-p 0005f000 08:30 218754                     /home/thkim0/venv/v1/lib/python3.10/site-packages/scipy/integrate/_odepack.cpython-310-x86_64-linux-gnu.so
70d489586000-70d48958b000 r--p 00000000 08:30 218161                     /home/thkim0/venv/v1/lib/python3.10/site-packages/scipy/optimize/_pava_pybind.cpython-310-x86_64-linux-gnu.so
70d48958b000-70d4895a4000 r-xp 00005000 08:30 218161                     /home/thkim0/venv/v1/lib/python3.10/site-packages/scipy/optimize/_pava_pybind.cpython-310-x86_64-linux-gnu.so
70d4895a4000-70d4895ac000 r--p 0001e000 08:30 218161                     /home/thkim0/venv/v1/lib/python3.10/site-packages/scipy/optimize/_pava_pybind.cpython-310-x86_64-linux-gnu.so
70d4895ac000-70d4895ad000 ---p 00026000 08:30 218161                     /home/thkim0/venv/v1/lib/python3.10/site-packages/scipy/optimize/_pava_pybind.cpython-310-x86_64-linux-gnu.so
70d4895ad000-70d4895ae000 r--p 00026000 08:30 218161                     /home/thkim0/venv/v1/lib/python3.10/site-packages/scipy/optimize/_pava_pybind.cpython-310-x86_64-linux-gnu.so
70d4895ae000-70d4895af000 rw-p 00027000 08:30 218161                     /home/thkim0/venv/v1/lib/python3.10/site-packages/scipy/optimize/_pava_pybind.cpython-310-x86_64-linux-gnu.so
70d4895af000-70d4895b5000 r--p 00000000 08:30 218111                     /home/thkim0/venv/v1/lib/python3.10/site-packages/scipy/optimize/_bglu_dense.cpython-310-x86_64-linux-gnu.so
70d4895b5000-70d4895f0000 r-xp 00006000 08:30 218111                     /home/thkim0/venv/v1/lib/python3.10/site-packages/scipy/optimize/_bglu_dense.cpython-310-x86_64-linux-gnu.so
70d4895f0000-70d4895fa000 r--p 00041000 08:30 218111                     /home/thkim0/venv/v1/lib/python3.10/site-packages/scipy/optimize/_bglu_dense.cpython-310-x86_64-linux-gnu.so
70d4895fa000-70d4895fb000 ---p 0004b000 08:30 218111                     /home/thkim0/venv/v1/lib/python3.10/site-packages/scipy/optimize/_bglu_dense.cpython-310-x86_64-linux-gnu.so
70d4895fb000-70d4895fc000 r--p 0004b000 08:30 218111                     /home/thkim0/venv/v1/lib/python3.10/site-packages/scipy/optimize/_bglu_dense.cpython-310-x86_64-linux-gnu.so
70d4895fc000-70d4895ff000 rw-p 0004c000 08:30 218111                     /home/thkim0/venv/v1/lib/python3.10/site-packages/scipy/optimize/_bglu_dense.cpython-310-x86_64-linux-gnu.so
70d4895ff000-70d489600000 rw-p 00000000 00:00 0 
70d489600000-70d48960d000 r--p 00000000 08:30 218238                     /home/thkim0/venv/v1/lib/python3.10/site-packages/scipy/optimize/_highs/_highs_wrapper.cpython-310-x86_64-linux-gnu.so
70d48960d000-70d489906000 r-xp 0000d000 08:30 218238                     /home/thkim0/venv/v1/lib/python3.10/site-packages/scipy/optimize/_highs/_highs_wrapper.cpython-310-x86_64-linux-gnu.so
70d489906000-70d489974000 r--p 00306000 08:30 218238                     /home/thkim0/venv/v1/lib/python3.10/site-packages/scipy/optimize/_highs/_highs_wrapper.cpython-310-x86_64-linux-gnu.so
70d489974000-70d489975000 ---p 00374000 08:30 218238                     /home/thkim0/venv/v1/lib/python3.10/site-packages/scipy/optimize/_highs/_highs_wrapper.cpython-310-x86_64-linux-gnu.so
70d489975000-70d489977000 r--p 00374000 08:30 218238                     /home/thkim0/venv/v1/lib/python3.10/site-packages/scipy/optimize/_highs/_highs_wrapper.cpython-310-x86_64-linux-gnu.so
70d489977000-70d489979000 rw-p 00376000 08:30 218238                     /home/thkim0/venv/v1/lib/python3.10/site-packages/scipy/optimize/_highs/_highs_wrapper.cpython-310-x86_64-linux-gnu.so
70d489979000-70d48997d000 rw-p 00000000 00:00 0 
70d48997d000-70d48997f000 r--p 00000000 08:30 259073                     /usr/lib/jvm/java-17-openjdk-amd64/lib/libjimage.so
70d48997f000-70d489982000 r-xp 00002000 08:30 259073                     /usr/lib/jvm/java-17-openjdk-amd64/lib/libjimage.so
70d489982000-70d489983000 r--p 00005000 08:30 259073                     /usr/lib/jvm/java-17-openjdk-amd64/lib/libjimage.so
70d489983000-70d489984000 r--p 00006000 08:30 259073                     /usr/lib/jvm/java-17-openjdk-amd64/lib/libjimage.so
70d489984000-70d489985000 rw-p 00007000 08:30 259073                     /usr/lib/jvm/java-17-openjdk-amd64/lib/libjimage.so
70d489985000-70d489986000 r--p 00000000 08:30 218141                     /home/thkim0/venv/v1/lib/python3.10/site-packages/scipy/optimize/_direct.cpython-310-x86_64-linux-gnu.so
70d489986000-70d48998c000 r-xp 00001000 08:30 218141                     /home/thkim0/venv/v1/lib/python3.10/site-packages/scipy/optimize/_direct.cpython-310-x86_64-linux-gnu.so
70d48998c000-70d48998e000 r--p 00007000 08:30 218141                     /home/thkim0/venv/v1/lib/python3.10/site-packages/scipy/optimize/_direct.cpython-310-x86_64-linux-gnu.so
70d48998e000-70d48998f000 r--p 00008000 08:30 218141                     /home/thkim0/venv/v1/lib/python3.10/site-packages/scipy/optimize/_direct.cpython-310-x86_64-linux-gnu.so
70d48998f000-70d489990000 rw-p 00009000 08:30 218141                     /home/thkim0/venv/v1/lib/python3.10/site-packages/scipy/optimize/_direct.cpython-310-x86_64-linux-gnu.so
70d489990000-70d4899af000 r--p 00000000 08:30 218648                     /home/thkim0/venv/v1/lib/python3.10/site-packages/scipy/linalg/_interpolative.cpython-310-x86_64-linux-gnu.so
70d4899af000-70d4899f9000 r-xp 0001f000 08:30 218648                     /home/thkim0/venv/v1/lib/python3.10/site-packages/scipy/linalg/_interpolative.cpython-310-x86_64-linux-gnu.so
70d4899f9000-70d489a18000 r--p 00069000 08:30 218648                     /home/thkim0/venv/v1/lib/python3.10/site-packages/scipy/linalg/_interpolative.cpython-310-x86_64-linux-gnu.so
70d489a18000-70d489a19000 r--p 00087000 08:30 218648                     /home/thkim0/venv/v1/lib/python3.10/site-packages/scipy/linalg/_interpolative.cpython-310-x86_64-linux-gnu.so
70d489a19000-70d489a2c000 rw-p 00088000 08:30 218648                     /home/thkim0/venv/v1/lib/python3.10/site-packages/scipy/linalg/_interpolative.cpython-310-x86_64-linux-gnu.so
70d489a2c000-70d489a44000 rw-p 000bb000 08:30 218648                     /home/thkim0/venv/v1/lib/python3.10/site-packages/scipy/linalg/_interpolative.cpython-310-x86_64-linux-gnu.so
70d489a44000-70d489b44000 rw-p 00000000 00:00 0 
70d489b44000-70d489b46000 r--p 00000000 08:30 218236                     /home/thkim0/venv/v1/lib/python3.10/site-packages/scipy/optimize/_highs/_highs_constants.cpython-310-x86_64-linux-gnu.so
70d489b46000-70d489b49000 r-xp 00002000 08:30 218236                     /home/thkim0/venv/v1/lib/python3.10/site-packages/scipy/optimize/_highs/_highs_constants.cpython-310-x86_64-linux-gnu.so
70d489b49000-70d489b4a000 r--p 00005000 08:30 218236                     /home/thkim0/venv/v1/lib/python3.10/site-packages/scipy/optimize/_highs/_highs_constants.cpython-310-x86_64-linux-gnu.so
70d489b4a000-70d489b4b000 r--p 00005000 08:30 218236                     /home/thkim0/venv/v1/lib/python3.10/site-packages/scipy/optimize/_highs/_highs_constants.cpython-310-x86_64-linux-gnu.so
70d489b4b000-70d489b4c000 rw-p 00006000 08:30 218236                     /home/thkim0/venv/v1/lib/python3.10/site-packages/scipy/optimize/_highs/_highs_constants.cpython-310-x86_64-linux-gnu.so
70d489b4c000-70d489b51000 r--p 00000000 08:30 218260                     /home/thkim0/venv/v1/lib/python3.10/site-packages/scipy/optimize/_lsq/givens_elimination.cpython-310-x86_64-linux-gnu.so
70d489b51000-70d489b74000 r-xp 00005000 08:30 218260                     /home/thkim0/venv/v1/lib/python3.10/site-packages/scipy/optimize/_lsq/givens_elimination.cpython-310-x86_64-linux-gnu.so
70d489b74000-70d489b7b000 r--p 00028000 08:30 218260                     /home/thkim0/venv/v1/lib/python3.10/site-packages/scipy/optimize/_lsq/givens_elimination.cpython-310-x86_64-linux-gnu.so
70d489b7b000-70d489b7c000 ---p 0002f000 08:30 218260                     /home/thkim0/venv/v1/lib/python3.10/site-packages/scipy/optimize/_lsq/givens_elimination.cpython-310-x86_64-linux-gnu.so
70d489b7c000-70d489b7d000 r--p 0002f000 08:30 218260                     /home/thkim0/venv/v1/lib/python3.10/site-packages/scipy/optimize/_lsq/givens_elimination.cpython-310-x86_64-linux-gnu.so
70d489b7d000-70d489b7f000 rw-p 00030000 08:30 218260                     /home/thkim0/venv/v1/lib/python3.10/site-packages/scipy/optimize/_lsq/givens_elimination.cpython-310-x86_64-linux-gnu.so
70d489b7f000-70d489b81000 r--p 00000000 08:30 218123                     /home/thkim0/venv/v1/lib/python3.10/site-packages/scipy/optimize/_cobyla.cpython-310-x86_64-linux-gnu.so
70d489b81000-70d489b8f000 r-xp 00002000 08:30 218123                     /home/thkim0/venv/v1/lib/python3.10/site-packages/scipy/optimize/_cobyla.cpython-310-x86_64-linux-gnu.so
70d489b8f000-70d489b92000 r--p 00010000 08:30 218123                     /home/thkim0/venv/v1/lib/python3.10/site-packages/scipy/optimize/_cobyla.cpython-310-x86_64-linux-gnu.so
70d489b92000-70d489b93000 r--p 00012000 08:30 218123                     /home/thkim0/venv/v1/lib/python3.10/site-packages/scipy/optimize/_cobyla.cpython-310-x86_64-linux-gnu.so
70d489b93000-70d489b94000 rw-p 00013000 08:30 218123                     /home/thkim0/venv/v1/lib/python3.10/site-packages/scipy/optimize/_cobyla.cpython-310-x86_64-linux-gnu.so
70d489b94000-70d489b96000 rw-p 00017000 08:30 218123                     /home/thkim0/venv/v1/lib/python3.10/site-packages/scipy/optimize/_cobyla.cpython-310-x86_64-linux-gnu.so
70d489b96000-70d489b99000 r--p 00000000 08:30 218112                     /home/thkim0/venv/v1/lib/python3.10/site-packages/scipy/optimize/_moduleTNC.cpython-310-x86_64-linux-gnu.so
70d489b99000-70d489bb2000 r-xp 00003000 08:30 218112                     /home/thkim0/venv/v1/lib/python3.10/site-packages/scipy/optimize/_moduleTNC.cpython-310-x86_64-linux-gnu.so
70d489bb2000-70d489bb6000 r--p 0001c000 08:30 218112                     /home/thkim0/venv/v1/lib/python3.10/site-packages/scipy/optimize/_moduleTNC.cpython-310-x86_64-linux-gnu.so
70d489bb6000-70d489bb7000 r--p 0001f000 08:30 218112                     /home/thkim0/venv/v1/lib/python3.10/site-packages/scipy/optimize/_moduleTNC.cpython-310-x86_64-linux-gnu.so
70d489bb7000-70d489bb8000 rw-p 00020000 08:30 218112                     /home/thkim0/venv/v1/lib/python3.10/site-packages/scipy/optimize/_moduleTNC.cpython-310-x86_64-linux-gnu.so
70d489bb8000-70d489bd4000 r--p 00000000 08:30 218146                     /home/thkim0/venv/v1/lib/python3.10/site-packages/scipy/optimize/_lbfgsb.cpython-310-x86_64-linux-gnu.so
70d489bd4000-70d489bf1000 r-xp 0001c000 08:30 218146                     /home/thkim0/venv/v1/lib/python3.10/site-packages/scipy/optimize/_lbfgsb.cpython-310-x86_64-linux-gnu.so
70d489bf1000-70d489c01000 r--p 00039000 08:30 218146                     /home/thkim0/venv/v1/lib/python3.10/site-packages/scipy/optimize/_lbfgsb.cpython-310-x86_64-linux-gnu.so
70d489c01000-70d489c02000 r--p 00048000 08:30 218146                     /home/thkim0/venv/v1/lib/python3.10/site-packages/scipy/optimize/_lbfgsb.cpython-310-x86_64-linux-gnu.so
70d489c02000-70d489c07000 rw-p 00049000 08:30 218146                     /home/thkim0/venv/v1/lib/python3.10/site-packages/scipy/optimize/_lbfgsb.cpython-310-x86_64-linux-gnu.so
70d489c07000-70d489c1f000 rw-p 00069000 08:30 218146                     /home/thkim0/venv/v1/lib/python3.10/site-packages/scipy/optimize/_lbfgsb.cpython-310-x86_64-linux-gnu.so
70d489c1f000-70d489c24000 r--p 00000000 08:30 218229                     /home/thkim0/venv/v1/lib/python3.10/site-packages/scipy/optimize/_trlib/_trlib.cpython-310-x86_64-linux-gnu.so
70d489c24000-70d489c63000 r-xp 00005000 08:30 218229                     /home/thkim0/venv/v1/lib/python3.10/site-packages/scipy/optimize/_trlib/_trlib.cpython-310-x86_64-linux-gnu.so
70d489c63000-70d489c6d000 r--p 00044000 08:30 218229                     /home/thkim0/venv/v1/lib/python3.10/site-packages/scipy/optimize/_trlib/_trlib.cpython-310-x86_64-linux-gnu.so
70d489c6d000-70d489c6e000 r--p 0004d000 08:30 218229                     /home/thkim0/venv/v1/lib/python3.10/site-packages/scipy/optimize/_trlib/_trlib.cpython-310-x86_64-linux-gnu.so
70d489c6e000-70d489c70000 rw-p 0004e000 08:30 218229                     /home/thkim0/venv/v1/lib/python3.10/site-packages/scipy/optimize/_trlib/_trlib.cpython-310-x86_64-linux-gnu.so
70d489c70000-70d489c71000 rw-p 00000000 00:00 0 
70d489c71000-70d489c76000 rw-p 00059000 08:30 218229                     /home/thkim0/venv/v1/lib/python3.10/site-packages/scipy/optimize/_trlib/_trlib.cpython-310-x86_64-linux-gnu.so
70d489c76000-70d489d76000 rw-p 00000000 00:00 0 
70d489d76000-70d489d7d000 r--p 00000000 08:30 219066                     /home/thkim0/venv/v1/lib/python3.10/site-packages/scipy/spatial/transform/_rotation.cpython-310-x86_64-linux-gnu.so
70d489d7d000-70d489e22000 r-xp 00007000 08:30 219066                     /home/thkim0/venv/v1/lib/python3.10/site-packages/scipy/spatial/transform/_rotation.cpython-310-x86_64-linux-gnu.so
70d489e22000-70d489e54000 r--p 000ac000 08:30 219066                     /home/thkim0/venv/v1/lib/python3.10/site-packages/scipy/spatial/transform/_rotation.cpython-310-x86_64-linux-gnu.so
70d489e54000-70d489e55000 r--p 000dd000 08:30 219066                     /home/thkim0/venv/v1/lib/python3.10/site-packages/scipy/spatial/transform/_rotation.cpython-310-x86_64-linux-gnu.so
70d489e55000-70d489e59000 rw-p 000de000 08:30 219066                     /home/thkim0/venv/v1/lib/python3.10/site-packages/scipy/spatial/transform/_rotation.cpython-310-x86_64-linux-gnu.so
70d489e59000-70d489e5b000 rw-p 00000000 00:00 0 
70d489e5b000-70d489e61000 r--p 00000000 08:30 218999                     /home/thkim0/venv/v1/lib/python3.10/site-packages/scipy/spatial/_distance_pybind.cpython-310-x86_64-linux-gnu.so
70d489e61000-70d489ec7000 r-xp 00006000 08:30 218999                     /home/thkim0/venv/v1/lib/python3.10/site-packages/scipy/spatial/_distance_pybind.cpython-310-x86_64-linux-gnu.so
70d489ec7000-70d489ed7000 r--p 0006c000 08:30 218999                     /home/thkim0/venv/v1/lib/python3.10/site-packages/scipy/spatial/_distance_pybind.cpython-310-x86_64-linux-gnu.so
70d489ed7000-70d489ed8000 ---p 0007c000 08:30 218999                     /home/thkim0/venv/v1/lib/python3.10/site-packages/scipy/spatial/_distance_pybind.cpython-310-x86_64-linux-gnu.so
70d489ed8000-70d489ed9000 r--p 0007c000 08:30 218999                     /home/thkim0/venv/v1/lib/python3.10/site-packages/scipy/spatial/_distance_pybind.cpython-310-x86_64-linux-gnu.so
70d489ed9000-70d489eda000 rw-p 0007d000 08:30 218999                     /home/thkim0/venv/v1/lib/python3.10/site-packages/scipy/spatial/_distance_pybind.cpython-310-x86_64-linux-gnu.so
70d489eda000-70d489edd000 r--p 00000000 08:30 218442                     /home/thkim0/venv/v1/lib/python3.10/site-packages/scipy/special/_ellip_harm_2.cpython-310-x86_64-linux-gnu.so
70d489edd000-70d489ef1000 r-xp 00003000 08:30 218442                     /home/thkim0/venv/v1/lib/python3.10/site-packages/scipy/special/_ellip_harm_2.cpython-310-x86_64-linux-gnu.so
70d489ef1000-70d489ef4000 r--p 00017000 08:30 218442                     /home/thkim0/venv/v1/lib/python3.10/site-packages/scipy/special/_ellip_harm_2.cpython-310-x86_64-linux-gnu.so
70d489ef4000-70d489ef5000 r--p 00019000 08:30 218442                     /home/thkim0/venv/v1/lib/python3.10/site-packages/scipy/special/_ellip_harm_2.cpython-310-x86_64-linux-gnu.so
70d489ef5000-70d489ef6000 rw-p 0001a000 08:30 218442                     /home/thkim0/venv/v1/lib/python3.10/site-packages/scipy/special/_ellip_harm_2.cpython-310-x86_64-linux-gnu.so
70d489ef6000-70d489ef9000 rw-p 0001f000 08:30 218442                     /home/thkim0/venv/v1/lib/python3.10/site-packages/scipy/special/_ellip_harm_2.cpython-310-x86_64-linux-gnu.so
70d489ef9000-70d489efd000 r--p 00000000 08:30 218410                     /home/thkim0/venv/v1/lib/python3.10/site-packages/scipy/special/_specfun.cpython-310-x86_64-linux-gnu.so
70d489efd000-70d489f25000 r-xp 00004000 08:30 218410                     /home/thkim0/venv/v1/lib/python3.10/site-packages/scipy/special/_specfun.cpython-310-x86_64-linux-gnu.so
70d489f25000-70d489f2a000 r--p 0002c000 08:30 218410                     /home/thkim0/venv/v1/lib/python3.10/site-packages/scipy/special/_specfun.cpython-310-x86_64-linux-gnu.so
70d489f2a000-70d489f2b000 r--p 00030000 08:30 218410                     /home/thkim0/venv/v1/lib/python3.10/site-packages/scipy/special/_specfun.cpython-310-x86_64-linux-gnu.so
70d489f2b000-70d489f2c000 rw-p 00031000 08:30 218410                     /home/thkim0/venv/v1/lib/python3.10/site-packages/scipy/special/_specfun.cpython-310-x86_64-linux-gnu.so
70d489f2c000-70d489f2d000 rw-p 00000000 00:00 0 
70d489f2d000-70d489f2f000 r--p 00000000 08:30 218427                     /home/thkim0/venv/v1/lib/python3.10/site-packages/scipy/special/_gufuncs.cpython-310-x86_64-linux-gnu.so
70d489f2f000-70d489f55000 r-xp 00002000 08:30 218427                     /home/thkim0/venv/v1/lib/python3.10/site-packages/scipy/special/_gufuncs.cpython-310-x86_64-linux-gnu.so
70d489f55000-70d489f5a000 r--p 00028000 08:30 218427                     /home/thkim0/venv/v1/lib/python3.10/site-packages/scipy/special/_gufuncs.cpython-310-x86_64-linux-gnu.so
70d489f5a000-70d489f5b000 r--p 0002c000 08:30 218427                     /home/thkim0/venv/v1/lib/python3.10/site-packages/scipy/special/_gufuncs.cpython-310-x86_64-linux-gnu.so
70d489f5b000-70d489f5c000 rw-p 0002d000 08:30 218427                     /home/thkim0/venv/v1/lib/python3.10/site-packages/scipy/special/_gufuncs.cpython-310-x86_64-linux-gnu.so
70d489f5c000-70d489f5f000 r--p 00000000 08:30 218426                     /home/thkim0/venv/v1/lib/python3.10/site-packages/scipy/special/_special_ufuncs.cpython-310-x86_64-linux-gnu.so
70d489f5f000-70d48a012000 r-xp 00003000 08:30 218426                     /home/thkim0/venv/v1/lib/python3.10/site-packages/scipy/special/_special_ufuncs.cpython-310-x86_64-linux-gnu.so
70d48a012000-70d48a03d000 r--p 000b6000 08:30 218426                     /home/thkim0/venv/v1/lib/python3.10/site-packages/scipy/special/_special_ufuncs.cpython-310-x86_64-linux-gnu.so
70d48a03d000-70d48a03e000 r--p 000e0000 08:30 218426                     /home/thkim0/venv/v1/lib/python3.10/site-packages/scipy/special/_special_ufuncs.cpython-310-x86_64-linux-gnu.so
70d48a03e000-70d48a03f000 rw-p 000e1000 08:30 218426                     /home/thkim0/venv/v1/lib/python3.10/site-packages/scipy/special/_special_ufuncs.cpython-310-x86_64-linux-gnu.so
70d48a03f000-70d48a13f000 rw-p 00000000 00:00 0 
70d48a13f000-70d48a144000 r--p 00000000 08:30 218447                     /home/thkim0/venv/v1/lib/python3.10/site-packages/scipy/special/_ufuncs_cxx.cpython-310-x86_64-linux-gnu.so
70d48a144000-70d48a286000 r-xp 00005000 08:30 218447                     /home/thkim0/venv/v1/lib/python3.10/site-packages/scipy/special/_ufuncs_cxx.cpython-310-x86_64-linux-gnu.so
70d48a286000-70d48a2ad000 r--p 00147000 08:30 218447                     /home/thkim0/venv/v1/lib/python3.10/site-packages/scipy/special/_ufuncs_cxx.cpython-310-x86_64-linux-gnu.so
70d48a2ad000-70d48a2ae000 r--p 0016d000 08:30 218447                     /home/thkim0/venv/v1/lib/python3.10/site-packages/scipy/special/_ufuncs_cxx.cpython-310-x86_64-linux-gnu.so
70d48a2ae000-70d48a2af000 rw-p 0016e000 08:30 218447                     /home/thkim0/venv/v1/lib/python3.10/site-packages/scipy/special/_ufuncs_cxx.cpython-310-x86_64-linux-gnu.so
70d48a2af000-70d48a2b0000 rw-p 00000000 00:00 0 
70d48a2b0000-70d48a2b6000 r--p 00000000 08:30 218412                     /home/thkim0/venv/v1/lib/python3.10/site-packages/scipy/special/_ufuncs.cpython-310-x86_64-linux-gnu.so
70d48a2b6000-70d48a3bf000 r-xp 00006000 08:30 218412                     /home/thkim0/venv/v1/lib/python3.10/site-packages/scipy/special/_ufuncs.cpython-310-x86_64-linux-gnu.so
70d48a3bf000-70d48a420000 r--p 0010f000 08:30 218412                     /home/thkim0/venv/v1/lib/python3.10/site-packages/scipy/special/_ufuncs.cpython-310-x86_64-linux-gnu.so
70d48a420000-70d48a421000 r--p 0016f000 08:30 218412                     /home/thkim0/venv/v1/lib/python3.10/site-packages/scipy/special/_ufuncs.cpython-310-x86_64-linux-gnu.so
70d48a421000-70d48a422000 rw-p 00170000 08:30 218412                     /home/thkim0/venv/v1/lib/python3.10/site-packages/scipy/special/_ufuncs.cpython-310-x86_64-linux-gnu.so
70d48a422000-70d48a42a000 rw-p 00000000 00:00 0 
70d48a42a000-70d48a42f000 rw-p 0019b000 08:30 218412                     /home/thkim0/venv/v1/lib/python3.10/site-packages/scipy/special/_ufuncs.cpython-310-x86_64-linux-gnu.so
70d48a42f000-70d48a434000 r--p 00000000 08:30 219003                     /home/thkim0/venv/v1/lib/python3.10/site-packages/scipy/spatial/_hausdorff.cpython-310-x86_64-linux-gnu.so
70d48a434000-70d48a45b000 r-xp 00005000 08:30 219003                     /home/thkim0/venv/v1/lib/python3.10/site-packages/scipy/spatial/_hausdorff.cpython-310-x86_64-linux-gnu.so
70d48a45b000-70d48a462000 r--p 0002c000 08:30 219003                     /home/thkim0/venv/v1/lib/python3.10/site-packages/scipy/spatial/_hausdorff.cpython-310-x86_64-linux-gnu.so
70d48a462000-70d48a463000 ---p 00033000 08:30 219003                     /home/thkim0/venv/v1/lib/python3.10/site-packages/scipy/spatial/_hausdorff.cpython-310-x86_64-linux-gnu.so
70d48a463000-70d48a464000 r--p 00033000 08:30 219003                     /home/thkim0/venv/v1/lib/python3.10/site-packages/scipy/spatial/_hausdorff.cpython-310-x86_64-linux-gnu.so
70d48a464000-70d48a466000 rw-p 00034000 08:30 219003                     /home/thkim0/venv/v1/lib/python3.10/site-packages/scipy/spatial/_hausdorff.cpython-310-x86_64-linux-gnu.so
70d48a466000-70d48a467000 rw-p 00000000 00:00 0 
70d48a467000-70d48a469000 r--p 00000000 08:30 218997                     /home/thkim0/venv/v1/lib/python3.10/site-packages/scipy/spatial/_distance_wrap.cpython-310-x86_64-linux-gnu.so
70d48a469000-70d48a47d000 r-xp 00002000 08:30 218997                     /home/thkim0/venv/v1/lib/python3.10/site-packages/scipy/spatial/_distance_wrap.cpython-310-x86_64-linux-gnu.so
70d48a47d000-70d48a47f000 r--p 00016000 08:30 218997                     /home/thkim0/venv/v1/lib/python3.10/site-packages/scipy/spatial/_distance_wrap.cpython-310-x86_64-linux-gnu.so
70d48a47f000-70d48a480000 ---p 00018000 08:30 218997                     /home/thkim0/venv/v1/lib/python3.10/site-packages/scipy/spatial/_distance_wrap.cpython-310-x86_64-linux-gnu.so
70d48a480000-70d48a481000 r--p 00018000 08:30 218997                     /home/thkim0/venv/v1/lib/python3.10/site-packages/scipy/spatial/_distance_wrap.cpython-310-x86_64-linux-gnu.so
70d48a481000-70d48a482000 rw-p 00019000 08:30 218997                     /home/thkim0/venv/v1/lib/python3.10/site-packages/scipy/spatial/_distance_wrap.cpython-310-x86_64-linux-gnu.so
70d48a482000-70d48a489000 r--p 00000000 08:30 219001                     /home/thkim0/venv/v1/lib/python3.10/site-packages/scipy/spatial/_qhull.cpython-310-x86_64-linux-gnu.so
70d48a489000-70d48a552000 r-xp 00007000 08:30 219001                     /home/thkim0/venv/v1/lib/python3.10/site-packages/scipy/spatial/_qhull.cpython-310-x86_64-linux-gnu.so
70d48a552000-70d48a58a000 r--p 000d0000 08:30 219001                     /home/thkim0/venv/v1/lib/python3.10/site-packages/scipy/spatial/_qhull.cpython-310-x86_64-linux-gnu.so
70d48a58a000-70d48a58b000 r--p 00107000 08:30 219001                     /home/thkim0/venv/v1/lib/python3.10/site-packages/scipy/spatial/_qhull.cpython-310-x86_64-linux-gnu.so
70d48a58b000-70d48a58e000 rw-p 00108000 08:30 219001                     /home/thkim0/venv/v1/lib/python3.10/site-packages/scipy/spatial/_qhull.cpython-310-x86_64-linux-gnu.so
70d48a58e000-70d48a590000 rw-p 00000000 00:00 0 
70d48a590000-70d48a598000 r--p 00000000 08:30 219009                     /home/thkim0/venv/v1/lib/python3.10/site-packages/scipy/spatial/_ckdtree.cpython-310-x86_64-linux-gnu.so
70d48a598000-70d48a642000 r-xp 00008000 08:30 219009                     /home/thkim0/venv/v1/lib/python3.10/site-packages/scipy/spatial/_ckdtree.cpython-310-x86_64-linux-gnu.so
70d48a642000-70d48a661000 r--p 000b2000 08:30 219009                     /home/thkim0/venv/v1/lib/python3.10/site-packages/scipy/spatial/_ckdtree.cpython-310-x86_64-linux-gnu.so
70d48a661000-70d48a662000 ---p 000d1000 08:30 219009                     /home/thkim0/venv/v1/lib/python3.10/site-packages/scipy/spatial/_ckdtree.cpython-310-x86_64-linux-gnu.so
70d48a662000-70d48a663000 r--p 000d1000 08:30 219009                     /home/thkim0/venv/v1/lib/python3.10/site-packages/scipy/spatial/_ckdtree.cpython-310-x86_64-linux-gnu.so
70d48a663000-70d48a667000 rw-p 000d2000 08:30 219009                     /home/thkim0/venv/v1/lib/python3.10/site-packages/scipy/spatial/_ckdtree.cpython-310-x86_64-linux-gnu.so
70d48a667000-70d48a968000 rw-p 00000000 00:00 0 
70d48a968000-70d48a96d000 r--p 00000000 08:30 217993                     /home/thkim0/venv/v1/lib/python3.10/site-packages/scipy/sparse/csgraph/_reordering.cpython-310-x86_64-linux-gnu.so
70d48a96d000-70d48a9a4000 r-xp 00005000 08:30 217993                     /home/thkim0/venv/v1/lib/python3.10/site-packages/scipy/sparse/csgraph/_reordering.cpython-310-x86_64-linux-gnu.so
70d48a9a4000-70d48a9ae000 r--p 0003c000 08:30 217993                     /home/thkim0/venv/v1/lib/python3.10/site-packages/scipy/sparse/csgraph/_reordering.cpython-310-x86_64-linux-gnu.so
70d48a9ae000-70d48a9af000 r--p 00045000 08:30 217993                     /home/thkim0/venv/v1/lib/python3.10/site-packages/scipy/sparse/csgraph/_reordering.cpython-310-x86_64-linux-gnu.so
70d48a9af000-70d48a9b1000 rw-p 00046000 08:30 217993                     /home/thkim0/venv/v1/lib/python3.10/site-packages/scipy/sparse/csgraph/_reordering.cpython-310-x86_64-linux-gnu.so
70d48a9b1000-70d48a9b2000 rw-p 00000000 00:00 0 
70d48a9b2000-70d48a9b7000 r--p 00000000 08:30 217994                     /home/thkim0/venv/v1/lib/python3.10/site-packages/scipy/sparse/csgraph/_matching.cpython-310-x86_64-linux-gnu.so
70d48a9b7000-70d48a9ee000 r-xp 00005000 08:30 217994                     /home/thkim0/venv/v1/lib/python3.10/site-packages/scipy/sparse/csgraph/_matching.cpython-310-x86_64-linux-gnu.so
70d48a9ee000-70d48a9fc000 r--p 0003c000 08:30 217994                     /home/thkim0/venv/v1/lib/python3.10/site-packages/scipy/sparse/csgraph/_matching.cpython-310-x86_64-linux-gnu.so
70d48a9fc000-70d48a9fd000 r--p 00049000 08:30 217994                     /home/thkim0/venv/v1/lib/python3.10/site-packages/scipy/sparse/csgraph/_matching.cpython-310-x86_64-linux-gnu.so
70d48a9fd000-70d48a9ff000 rw-p 0004a000 08:30 217994                     /home/thkim0/venv/v1/lib/python3.10/site-packages/scipy/sparse/csgraph/_matching.cpython-310-x86_64-linux-gnu.so
70d48a9ff000-70d48aa00000 rw-p 00000000 00:00 0 
70d48aa00000-70d48aa3c000 r--p 00000000 08:30 218668                     /home/thkim0/venv/v1/lib/python3.10/site-packages/scipy/linalg/_flapack.cpython-310-x86_64-linux-gnu.so
70d48aa3c000-70d48ab04000 r-xp 0003c000 08:30 218668                     /home/thkim0/venv/v1/lib/python3.10/site-packages/scipy/linalg/_flapack.cpython-310-x86_64-linux-gnu.so
70d48ab04000-70d48ab80000 r--p 00104000 08:30 218668                     /home/thkim0/venv/v1/lib/python3.10/site-packages/scipy/linalg/_flapack.cpython-310-x86_64-linux-gnu.so
70d48ab80000-70d48ab81000 r--p 0017f000 08:30 218668                     /home/thkim0/venv/v1/lib/python3.10/site-packages/scipy/linalg/_flapack.cpython-310-x86_64-linux-gnu.so
70d48ab81000-70d48ac0d000 rw-p 00180000 08:30 218668                     /home/thkim0/venv/v1/lib/python3.10/site-packages/scipy/linalg/_flapack.cpython-310-x86_64-linux-gnu.so
70d48ac0d000-70d48ac25000 rw-p 00238000 08:30 218668                     /home/thkim0/venv/v1/lib/python3.10/site-packages/scipy/linalg/_flapack.cpython-310-x86_64-linux-gnu.so
70d48ac28000-70d48ac2a000 r--p 00000000 08:30 218160                     /home/thkim0/venv/v1/lib/python3.10/site-packages/scipy/optimize/_minpack.cpython-310-x86_64-linux-gnu.so
70d48ac2a000-70d48ac37000 r-xp 00002000 08:30 218160                     /home/thkim0/venv/v1/lib/python3.10/site-packages/scipy/optimize/_minpack.cpython-310-x86_64-linux-gnu.so
70d48ac37000-70d48ac39000 r--p 0000f000 08:30 218160                     /home/thkim0/venv/v1/lib/python3.10/site-packages/scipy/optimize/_minpack.cpython-310-x86_64-linux-gnu.so
70d48ac39000-70d48ac3a000 r--p 00010000 08:30 218160                     /home/thkim0/venv/v1/lib/python3.10/site-packages/scipy/optimize/_minpack.cpython-310-x86_64-linux-gnu.so
70d48ac3a000-70d48ac3b000 rw-p 00011000 08:30 218160                     /home/thkim0/venv/v1/lib/python3.10/site-packages/scipy/optimize/_minpack.cpython-310-x86_64-linux-gnu.so
70d48ac3b000-70d48ac40000 r--p 00000000 08:30 218002                     /home/thkim0/venv/v1/lib/python3.10/site-packages/scipy/sparse/csgraph/_traversal.cpython-310-x86_64-linux-gnu.so
70d48ac40000-70d48acbe000 r-xp 00005000 08:30 218002                     /home/thkim0/venv/v1/lib/python3.10/site-packages/scipy/sparse/csgraph/_traversal.cpython-310-x86_64-linux-gnu.so
70d48acbe000-70d48accf000 r--p 00083000 08:30 218002                     /home/thkim0/venv/v1/lib/python3.10/site-packages/scipy/sparse/csgraph/_traversal.cpython-310-x86_64-linux-gnu.so
70d48accf000-70d48acd0000 r--p 00093000 08:30 218002                     /home/thkim0/venv/v1/lib/python3.10/site-packages/scipy/sparse/csgraph/_traversal.cpython-310-x86_64-linux-gnu.so
70d48acd0000-70d48acd2000 rw-p 00094000 08:30 218002                     /home/thkim0/venv/v1/lib/python3.10/site-packages/scipy/sparse/csgraph/_traversal.cpython-310-x86_64-linux-gnu.so
70d48acd2000-70d48acd3000 rw-p 00000000 00:00 0 
70d48acd3000-70d48acd8000 r--p 00000000 08:30 217995                     /home/thkim0/venv/v1/lib/python3.10/site-packages/scipy/sparse/csgraph/_shortest_path.cpython-310-x86_64-linux-gnu.so
70d48acd8000-70d48ad36000 r-xp 00005000 08:30 217995                     /home/thkim0/venv/v1/lib/python3.10/site-packages/scipy/sparse/csgraph/_shortest_path.cpython-310-x86_64-linux-gnu.so
70d48ad36000-70d48ad4b000 r--p 00063000 08:30 217995                     /home/thkim0/venv/v1/lib/python3.10/site-packages/scipy/sparse/csgraph/_shortest_path.cpython-310-x86_64-linux-gnu.so
70d48ad4b000-70d48ad4c000 r--p 00077000 08:30 217995                     /home/thkim0/venv/v1/lib/python3.10/site-packages/scipy/sparse/csgraph/_shortest_path.cpython-310-x86_64-linux-gnu.so
70d48ad4c000-70d48ad4e000 rw-p 00078000 08:30 217995                     /home/thkim0/venv/v1/lib/python3.10/site-packages/scipy/sparse/csgraph/_shortest_path.cpython-310-x86_64-linux-gnu.so
70d48ad4e000-70d48ad50000 rw-p 00000000 00:00 0 
70d48ad50000-70d48ad6d000 r--p 00000000 08:30 218057                     /home/thkim0/venv/v1/lib/python3.10/site-packages/scipy/sparse/linalg/_propack/_zpropack.cpython-310-x86_64-linux-gnu.so
70d48ad6d000-70d48ad8c000 r-xp 0001d000 08:30 218057                     /home/thkim0/venv/v1/lib/python3.10/site-packages/scipy/sparse/linalg/_propack/_zpropack.cpython-310-x86_64-linux-gnu.so
70d48ad8c000-70d48ad9c000 r--p 0003c000 08:30 218057                     /home/thkim0/venv/v1/lib/python3.10/site-packages/scipy/sparse/linalg/_propack/_zpropack.cpython-310-x86_64-linux-gnu.so
70d48ad9c000-70d48ad9d000 ---p 0004c000 08:30 218057                     /home/thkim0/venv/v1/lib/python3.10/site-packages/scipy/sparse/linalg/_propack/_zpropack.cpython-310-x86_64-linux-gnu.so
70d48ad9d000-70d48ad9e000 r--p 0004c000 08:30 218057                     /home/thkim0/venv/v1/lib/python3.10/site-packages/scipy/sparse/linalg/_propack/_zpropack.cpython-310-x86_64-linux-gnu.so
70d48ad9e000-70d48ada6000 rw-p 0004d000 08:30 218057                     /home/thkim0/venv/v1/lib/python3.10/site-packages/scipy/sparse/linalg/_propack/_zpropack.cpython-310-x86_64-linux-gnu.so
70d48ada6000-70d48addc000 rw-p 00000000 00:00 0 
70d48addc000-70d48adf4000 rw-p 00071000 08:30 218057                     /home/thkim0/venv/v1/lib/python3.10/site-packages/scipy/sparse/linalg/_propack/_zpropack.cpython-310-x86_64-linux-gnu.so
70d48adf4000-70d48adf5000 ---p 00000000 00:00 0 
70d48adf5000-70d48b5f5000 rw-p 00000000 00:00 0 
70d48b5f5000-70d48b5f6000 ---p 00000000 00:00 0 
70d48b5f6000-70d48bdf6000 rw-p 00000000 00:00 0 
70d48bdf6000-70d48bdf7000 ---p 00000000 00:00 0 
70d48bdf7000-70d48c5f7000 rw-p 00000000 00:00 0 
70d48c5f7000-70d48c5f8000 ---p 00000000 00:00 0 
70d48c5f8000-70d48cdf8000 rw-p 00000000 00:00 0 
70d48cdf8000-70d48cdf9000 ---p 00000000 00:00 0 
70d48cdf9000-70d48d5f9000 rw-p 00000000 00:00 0 
70d48d5f9000-70d48d5fa000 ---p 00000000 00:00 0 
70d48d5fa000-70d48ddfa000 rw-p 00000000 00:00 0 
70d48ddfa000-70d48ddfb000 ---p 00000000 00:00 0 
70d48ddfb000-70d48e5fb000 rw-p 00000000 00:00 0 
70d48e5fb000-70d48e5fc000 ---p 00000000 00:00 0 
70d48e5fc000-70d48edfc000 rw-p 00000000 00:00 0 
70d48edfc000-70d48edfd000 ---p 00000000 00:00 0 
70d48edfd000-70d48f5fd000 rw-p 00000000 00:00 0 
70d48f5fd000-70d48f5fe000 ---p 00000000 00:00 0 
70d48f5fe000-70d48fdfe000 rw-p 00000000 00:00 0 
70d48fdfe000-70d48fdff000 ---p 00000000 00:00 0 
70d48fdff000-70d4905ff000 rw-p 00000000 00:00 0 
70d4905ff000-70d490600000 ---p 00000000 00:00 0 
70d490600000-70d490e00000 rw-p 00000000 00:00 0 
70d490e00000-70d4aae00000 rw-p 00000000 00:00 0 
70d4aae00000-70d4aae3b000 r-xp 00000000 08:30 217922                     /home/thkim0/venv/v1/lib/python3.10/site-packages/scipy.libs/libquadmath-96973f99-934c22de.so.0.0.0
70d4aae3b000-70d4ab03a000 ---p 0003b000 08:30 217922                     /home/thkim0/venv/v1/lib/python3.10/site-packages/scipy.libs/libquadmath-96973f99-934c22de.so.0.0.0
70d4ab03a000-70d4ab03b000 r--p 0003a000 08:30 217922                     /home/thkim0/venv/v1/lib/python3.10/site-packages/scipy.libs/libquadmath-96973f99-934c22de.so.0.0.0
70d4ab03b000-70d4ab03e000 rw-p 0003b000 08:30 217922                     /home/thkim0/venv/v1/lib/python3.10/site-packages/scipy.libs/libquadmath-96973f99-934c22de.so.0.0.0
70d4ab03e000-70d4ab041000 r--p 00000000 08:30 218162                     /home/thkim0/venv/v1/lib/python3.10/site-packages/scipy/optimize/_group_columns.cpython-310-x86_64-linux-gnu.so
70d4ab041000-70d4ab04e000 r-xp 00003000 08:30 218162                     /home/thkim0/venv/v1/lib/python3.10/site-packages/scipy/optimize/_group_columns.cpython-310-x86_64-linux-gnu.so
70d4ab04e000-70d4ab051000 r--p 00010000 08:30 218162                     /home/thkim0/venv/v1/lib/python3.10/site-packages/scipy/optimize/_group_columns.cpython-310-x86_64-linux-gnu.so
70d4ab051000-70d4ab052000 r--p 00012000 08:30 218162                     /home/thkim0/venv/v1/lib/python3.10/site-packages/scipy/optimize/_group_columns.cpython-310-x86_64-linux-gnu.so
70d4ab052000-70d4ab053000 rw-p 00013000 08:30 218162                     /home/thkim0/venv/v1/lib/python3.10/site-packages/scipy/optimize/_group_columns.cpython-310-x86_64-linux-gnu.so
70d4ab053000-70d4ab070000 r--p 00000000 08:30 218054                     /home/thkim0/venv/v1/lib/python3.10/site-packages/scipy/sparse/linalg/_propack/_cpropack.cpython-310-x86_64-linux-gnu.so
70d4ab070000-70d4ab091000 r-xp 0001d000 08:30 218054                     /home/thkim0/venv/v1/lib/python3.10/site-packages/scipy/sparse/linalg/_propack/_cpropack.cpython-310-x86_64-linux-gnu.so
70d4ab091000-70d4ab0a1000 r--p 0003e000 08:30 218054                     /home/thkim0/venv/v1/lib/python3.10/site-packages/scipy/sparse/linalg/_propack/_cpropack.cpython-310-x86_64-linux-gnu.so
70d4ab0a1000-70d4ab0a2000 ---p 0004e000 08:30 218054                     /home/thkim0/venv/v1/lib/python3.10/site-packages/scipy/sparse/linalg/_propack/_cpropack.cpython-310-x86_64-linux-gnu.so
70d4ab0a2000-70d4ab0a3000 r--p 0004e000 08:30 218054                     /home/thkim0/venv/v1/lib/python3.10/site-packages/scipy/sparse/linalg/_propack/_cpropack.cpython-310-x86_64-linux-gnu.so
70d4ab0a3000-70d4ab0ab000 rw-p 0004f000 08:30 218054                     /home/thkim0/venv/v1/lib/python3.10/site-packages/scipy/sparse/linalg/_propack/_cpropack.cpython-310-x86_64-linux-gnu.so
70d4ab0ab000-70d4ab0c6000 rw-p 00000000 00:00 0 
70d4ab0c6000-70d4ab0de000 rw-p 00073000 08:30 218054                     /home/thkim0/venv/v1/lib/python3.10/site-packages/scipy/sparse/linalg/_propack/_cpropack.cpython-310-x86_64-linux-gnu.so
70d4ab0de000-70d4ab0fb000 r--p 00000000 08:30 218056                     /home/thkim0/venv/v1/lib/python3.10/site-packages/scipy/sparse/linalg/_propack/_dpropack.cpython-310-x86_64-linux-gnu.so
70d4ab0fb000-70d4ab116000 r-xp 0001d000 08:30 218056                     /home/thkim0/venv/v1/lib/python3.10/site-packages/scipy/sparse/linalg/_propack/_dpropack.cpython-310-x86_64-linux-gnu.so
70d4ab116000-70d4ab126000 r--p 00038000 08:30 218056                     /home/thkim0/venv/v1/lib/python3.10/site-packages/scipy/sparse/linalg/_propack/_dpropack.cpython-310-x86_64-linux-gnu.so
70d4ab126000-70d4ab127000 r--p 00047000 08:30 218056                     /home/thkim0/venv/v1/lib/python3.10/site-packages/scipy/sparse/linalg/_propack/_dpropack.cpython-310-x86_64-linux-gnu.so
70d4ab127000-70d4ab12f000 rw-p 00048000 08:30 218056                     /home/thkim0/venv/v1/lib/python3.10/site-packages/scipy/sparse/linalg/_propack/_dpropack.cpython-310-x86_64-linux-gnu.so
70d4ab12f000-70d4ab147000 rw-p 0006b000 08:30 218056                     /home/thkim0/venv/v1/lib/python3.10/site-packages/scipy/sparse/linalg/_propack/_dpropack.cpython-310-x86_64-linux-gnu.so
70d4ab147000-70d4ab165000 r--p 00000000 08:30 218088                     /home/thkim0/venv/v1/lib/python3.10/site-packages/scipy/sparse/linalg/_eigen/arpack/_arpack.cpython-310-x86_64-linux-gnu.so
70d4ab165000-70d4ab1bc000 r-xp 0001e000 08:30 218088                     /home/thkim0/venv/v1/lib/python3.10/site-packages/scipy/sparse/linalg/_eigen/arpack/_arpack.cpython-310-x86_64-linux-gnu.so
70d4ab1bc000-70d4ab1d8000 r--p 00075000 08:30 218088                     /home/thkim0/venv/v1/lib/python3.10/site-packages/scipy/sparse/linalg/_eigen/arpack/_arpack.cpython-310-x86_64-linux-gnu.so
70d4ab1d8000-70d4ab1d9000 r--p 00090000 08:30 218088                     /home/thkim0/venv/v1/lib/python3.10/site-packages/scipy/sparse/linalg/_eigen/arpack/_arpack.cpython-310-x86_64-linux-gnu.so
70d4ab1d9000-70d4ab1e7000 rw-p 00091000 08:30 218088                     /home/thkim0/venv/v1/lib/python3.10/site-packages/scipy/sparse/linalg/_eigen/arpack/_arpack.cpython-310-x86_64-linux-gnu.so
70d4ab1e7000-70d4ab1e8000 rw-p 00000000 00:00 0 
70d4ab1e8000-70d4ab200000 rw-p 000bf000 08:30 218088                     /home/thkim0/venv/v1/lib/python3.10/site-packages/scipy/sparse/linalg/_eigen/arpack/_arpack.cpython-310-x86_64-linux-gnu.so
70d4ab200000-70d4ab476000 r-xp 00000000 08:30 217924                     /home/thkim0/venv/v1/lib/python3.10/site-packages/scipy.libs/libgfortran-040039e1-0352e75f.so.5.0.0
70d4ab476000-70d4ab675000 ---p 00276000 08:30 217924                     /home/thkim0/venv/v1/lib/python3.10/site-packages/scipy.libs/libgfortran-040039e1-0352e75f.so.5.0.0
70d4ab675000-70d4ab676000 r--p 00275000 08:30 217924                     /home/thkim0/venv/v1/lib/python3.10/site-packages/scipy.libs/libgfortran-040039e1-0352e75f.so.5.0.0
70d4ab676000-70d4ab678000 rw-p 00276000 08:30 217924                     /home/thkim0/venv/v1/lib/python3.10/site-packages/scipy.libs/libgfortran-040039e1-0352e75f.so.5.0.0
70d4ab678000-70d4ab6b1000 rw-p 0027b000 08:30 217924                     /home/thkim0/venv/v1/lib/python3.10/site-packages/scipy.libs/libgfortran-040039e1-0352e75f.so.5.0.0
70d4ab6b1000-70d4ab6b2000 r--p 00000000 08:30 218119                     /home/thkim0/venv/v1/lib/python3.10/site-packages/scipy/optimize/_lsap.cpython-310-x86_64-linux-gnu.so
70d4ab6b2000-70d4ab6b4000 r-xp 00001000 08:30 218119                     /home/thkim0/venv/v1/lib/python3.10/site-packages/scipy/optimize/_lsap.cpython-310-x86_64-linux-gnu.so
70d4ab6b4000-70d4ab6b6000 r--p 00003000 08:30 218119                     /home/thkim0/venv/v1/lib/python3.10/site-packages/scipy/optimize/_lsap.cpython-310-x86_64-linux-gnu.so
70d4ab6b6000-70d4ab6b7000 r--p 00004000 08:30 218119                     /home/thkim0/venv/v1/lib/python3.10/site-packages/scipy/optimize/_lsap.cpython-310-x86_64-linux-gnu.so
70d4ab6b7000-70d4ab6b8000 rw-p 00005000 08:30 218119                     /home/thkim0/venv/v1/lib/python3.10/site-packages/scipy/optimize/_lsap.cpython-310-x86_64-linux-gnu.so
70d4ab6b8000-70d4ab6bd000 r--p 00000000 08:30 219005                     /home/thkim0/venv/v1/lib/python3.10/site-packages/scipy/spatial/_voronoi.cpython-310-x86_64-linux-gnu.so
70d4ab6bd000-70d4ab6e2000 r-xp 00005000 08:30 219005                     /home/thkim0/venv/v1/lib/python3.10/site-packages/scipy/spatial/_voronoi.cpython-310-x86_64-linux-gnu.so
70d4ab6e2000-70d4ab6e9000 r--p 0002a000 08:30 219005                     /home/thkim0/venv/v1/lib/python3.10/site-packages/scipy/spatial/_voronoi.cpython-310-x86_64-linux-gnu.so
70d4ab6e9000-70d4ab6ea000 ---p 00031000 08:30 219005                     /home/thkim0/venv/v1/lib/python3.10/site-packages/scipy/spatial/_voronoi.cpython-310-x86_64-linux-gnu.so
70d4ab6ea000-70d4ab6eb000 r--p 00031000 08:30 219005                     /home/thkim0/venv/v1/lib/python3.10/site-packages/scipy/spatial/_voronoi.cpython-310-x86_64-linux-gnu.so
70d4ab6eb000-70d4ab6ed000 rw-p 00032000 08:30 219005                     /home/thkim0/venv/v1/lib/python3.10/site-packages/scipy/spatial/_voronoi.cpython-310-x86_64-linux-gnu.so
70d4ab6ed000-70d4ab6ee000 rw-p 00000000 00:00 0 
70d4ab6ee000-70d4ab70b000 r--p 00000000 08:30 218055                     /home/thkim0/venv/v1/lib/python3.10/site-packages/scipy/sparse/linalg/_propack/_spropack.cpython-310-x86_64-linux-gnu.so
70d4ab70b000-70d4ab726000 r-xp 0001d000 08:30 218055                     /home/thkim0/venv/v1/lib/python3.10/site-packages/scipy/sparse/linalg/_propack/_spropack.cpython-310-x86_64-linux-gnu.so
70d4ab726000-70d4ab736000 r--p 00038000 08:30 218055                     /home/thkim0/venv/v1/lib/python3.10/site-packages/scipy/sparse/linalg/_propack/_spropack.cpython-310-x86_64-linux-gnu.so
70d4ab736000-70d4ab737000 r--p 00047000 08:30 218055                     /home/thkim0/venv/v1/lib/python3.10/site-packages/scipy/sparse/linalg/_propack/_spropack.cpython-310-x86_64-linux-gnu.so
70d4ab737000-70d4ab73f000 rw-p 00048000 08:30 218055                     /home/thkim0/venv/v1/lib/python3.10/site-packages/scipy/sparse/linalg/_propack/_spropack.cpython-310-x86_64-linux-gnu.so
70d4ab73f000-70d4ab757000 rw-p 0006b000 08:30 218055                     /home/thkim0/venv/v1/lib/python3.10/site-packages/scipy/sparse/linalg/_propack/_spropack.cpython-310-x86_64-linux-gnu.so
70d4ab757000-70d4ab773000 r--p 00000000 08:30 218033                     /home/thkim0/venv/v1/lib/python3.10/site-packages/scipy/sparse/linalg/_dsolve/_superlu.cpython-310-x86_64-linux-gnu.so
70d4ab773000-70d4ab7cc000 r-xp 0001c000 08:30 218033                     /home/thkim0/venv/v1/lib/python3.10/site-packages/scipy/sparse/linalg/_dsolve/_superlu.cpython-310-x86_64-linux-gnu.so
70d4ab7cc000-70d4ab7e2000 r--p 00075000 08:30 218033                     /home/thkim0/venv/v1/lib/python3.10/site-packages/scipy/sparse/linalg/_dsolve/_superlu.cpython-310-x86_64-linux-gnu.so
70d4ab7e2000-70d4ab7e3000 r--p 0008a000 08:30 218033                     /home/thkim0/venv/v1/lib/python3.10/site-packages/scipy/sparse/linalg/_dsolve/_superlu.cpython-310-x86_64-linux-gnu.so
70d4ab7e3000-70d4ab7e8000 rw-p 0008b000 08:30 218033                     /home/thkim0/venv/v1/lib/python3.10/site-packages/scipy/sparse/linalg/_dsolve/_superlu.cpython-310-x86_64-linux-gnu.so
70d4ab7e8000-70d4ab800000 rw-p 000af000 08:30 218033                     /home/thkim0/venv/v1/lib/python3.10/site-packages/scipy/sparse/linalg/_dsolve/_superlu.cpython-310-x86_64-linux-gnu.so
70d4ab800000-70d4ab90e000 r--p 00000000 08:30 217925                     /home/thkim0/venv/v1/lib/python3.10/site-packages/scipy.libs/libscipy_openblas-c128ec02.so
70d4ab90e000-70d4ab916000 r-xp 0010e000 08:30 217925                     /home/thkim0/venv/v1/lib/python3.10/site-packages/scipy.libs/libscipy_openblas-c128ec02.so
70d4ab916000-70d4ab918000 ---p 00116000 08:30 217925                     /home/thkim0/venv/v1/lib/python3.10/site-packages/scipy.libs/libscipy_openblas-c128ec02.so
70d4ab918000-70d4ad58f000 r-xp 00118000 08:30 217925                     /home/thkim0/venv/v1/lib/python3.10/site-packages/scipy.libs/libscipy_openblas-c128ec02.so
70d4ad58f000-70d4ad79c000 r--p 01d8f000 08:30 217925                     /home/thkim0/venv/v1/lib/python3.10/site-packages/scipy.libs/libscipy_openblas-c128ec02.so
70d4ad79c000-70d4ad79d000 ---p 01f9c000 08:30 217925                     /home/thkim0/venv/v1/lib/python3.10/site-packages/scipy.libs/libscipy_openblas-c128ec02.so
70d4ad79d000-70d4ad7a3000 r--p 01f9c000 08:30 217925                     /home/thkim0/venv/v1/lib/python3.10/site-packages/scipy.libs/libscipy_openblas-c128ec02.so
70d4ad7a3000-70d4ad7b9000 rw-p 01fa2000 08:30 217925                     /home/thkim0/venv/v1/lib/python3.10/site-packages/scipy.libs/libscipy_openblas-c128ec02.so
70d4ad7b9000-70d4ad7c5000 rw-p 00000000 00:00 0 
70d4ad7c5000-70d4ad95e000 rw-p 020cb000 08:30 217925                     /home/thkim0/venv/v1/lib/python3.10/site-packages/scipy.libs/libscipy_openblas-c128ec02.so
70d4ad95e000-70d4ad963000 r--p 00000000 08:30 217998                     /home/thkim0/venv/v1/lib/python3.10/site-packages/scipy/sparse/csgraph/_flow.cpython-310-x86_64-linux-gnu.so
70d4ad963000-70d4ad99a000 r-xp 00005000 08:30 217998                     /home/thkim0/venv/v1/lib/python3.10/site-packages/scipy/sparse/csgraph/_flow.cpython-310-x86_64-linux-gnu.so
70d4ad99a000-70d4ad9a6000 r--p 0003c000 08:30 217998                     /home/thkim0/venv/v1/lib/python3.10/site-packages/scipy/sparse/csgraph/_flow.cpython-310-x86_64-linux-gnu.so
70d4ad9a6000-70d4ad9a7000 ---p 00048000 08:30 217998                     /home/thkim0/venv/v1/lib/python3.10/site-packages/scipy/sparse/csgraph/_flow.cpython-310-x86_64-linux-gnu.so
70d4ad9a7000-70d4ad9a8000 r--p 00048000 08:30 217998                     /home/thkim0/venv/v1/lib/python3.10/site-packages/scipy/sparse/csgraph/_flow.cpython-310-x86_64-linux-gnu.so
70d4ad9a8000-70d4ad9aa000 rw-p 00049000 08:30 217998                     /home/thkim0/venv/v1/lib/python3.10/site-packages/scipy/sparse/csgraph/_flow.cpython-310-x86_64-linux-gnu.so
70d4ad9aa000-70d4ad9ab000 rw-p 00000000 00:00 0 
70d4ad9ab000-70d4ad9af000 r--p 00000000 08:30 218689                     /home/thkim0/venv/v1/lib/python3.10/site-packages/scipy/linalg/_decomp_update.cpython-310-x86_64-linux-gnu.so
70d4ad9af000-70d4ad9ed000 r-xp 00004000 08:30 218689                     /home/thkim0/venv/v1/lib/python3.10/site-packages/scipy/linalg/_decomp_update.cpython-310-x86_64-linux-gnu.so
70d4ad9ed000-70d4ad9fd000 r--p 00042000 08:30 218689                     /home/thkim0/venv/v1/lib/python3.10/site-packages/scipy/linalg/_decomp_update.cpython-310-x86_64-linux-gnu.so
70d4ad9fd000-70d4ad9fe000 r--p 00051000 08:30 218689                     /home/thkim0/venv/v1/lib/python3.10/site-packages/scipy/linalg/_decomp_update.cpython-310-x86_64-linux-gnu.so
70d4ad9fe000-70d4ad9ff000 rw-p 00052000 08:30 218689                     /home/thkim0/venv/v1/lib/python3.10/site-packages/scipy/linalg/_decomp_update.cpython-310-x86_64-linux-gnu.so
70d4ad9ff000-70d4ada00000 rw-p 00000000 00:00 0 
70d4ada00000-70d4ada03000 r--p 00000000 08:30 217944                     /home/thkim0/venv/v1/lib/python3.10/site-packages/scipy/sparse/_sparsetools.cpython-310-x86_64-linux-gnu.so
70d4ada03000-70d4adda5000 r-xp 00003000 08:30 217944                     /home/thkim0/venv/v1/lib/python3.10/site-packages/scipy/sparse/_sparsetools.cpython-310-x86_64-linux-gnu.so
70d4adda5000-70d4addf6000 r--p 003a5000 08:30 217944                     /home/thkim0/venv/v1/lib/python3.10/site-packages/scipy/sparse/_sparsetools.cpython-310-x86_64-linux-gnu.so
70d4addf6000-70d4addf7000 r--p 003f5000 08:30 217944                     /home/thkim0/venv/v1/lib/python3.10/site-packages/scipy/sparse/_sparsetools.cpython-310-x86_64-linux-gnu.so
70d4addf7000-70d4addf8000 rw-p 003f6000 08:30 217944                     /home/thkim0/venv/v1/lib/python3.10/site-packages/scipy/sparse/_sparsetools.cpython-310-x86_64-linux-gnu.so
70d4addf8000-70d4addfd000 r--p 00000000 08:30 218000                     /home/thkim0/venv/v1/lib/python3.10/site-packages/scipy/sparse/csgraph/_min_spanning_tree.cpython-310-x86_64-linux-gnu.so
70d4addfd000-70d4ade25000 r-xp 00005000 08:30 218000                     /home/thkim0/venv/v1/lib/python3.10/site-packages/scipy/sparse/csgraph/_min_spanning_tree.cpython-310-x86_64-linux-gnu.so
70d4ade25000-70d4ade2e000 r--p 0002d000 08:30 218000                     /home/thkim0/venv/v1/lib/python3.10/site-packages/scipy/sparse/csgraph/_min_spanning_tree.cpython-310-x86_64-linux-gnu.so
70d4ade2e000-70d4ade2f000 r--p 00035000 08:30 218000                     /home/thkim0/venv/v1/lib/python3.10/site-packages/scipy/sparse/csgraph/_min_spanning_tree.cpython-310-x86_64-linux-gnu.so
70d4ade2f000-70d4ade31000 rw-p 00036000 08:30 218000                     /home/thkim0/venv/v1/lib/python3.10/site-packages/scipy/sparse/csgraph/_min_spanning_tree.cpython-310-x86_64-linux-gnu.so
70d4ade31000-70d4ade32000 rw-p 00000000 00:00 0 
70d4ade32000-70d4ade39000 r--p 00000000 08:30 218678                     /home/thkim0/venv/v1/lib/python3.10/site-packages/scipy/linalg/cython_blas.cpython-310-x86_64-linux-gnu.so
70d4ade39000-70d4ade65000 r-xp 00007000 08:30 218678                     /home/thkim0/venv/v1/lib/python3.10/site-packages/scipy/linalg/cython_blas.cpython-310-x86_64-linux-gnu.so
70d4ade65000-70d4ade73000 r--p 00033000 08:30 218678                     /home/thkim0/venv/v1/lib/python3.10/site-packages/scipy/linalg/cython_blas.cpython-310-x86_64-linux-gnu.so
70d4ade73000-70d4ade74000 ---p 00041000 08:30 218678                     /home/thkim0/venv/v1/lib/python3.10/site-packages/scipy/linalg/cython_blas.cpython-310-x86_64-linux-gnu.so
70d4ade74000-70d4ade75000 r--p 00041000 08:30 218678                     /home/thkim0/venv/v1/lib/python3.10/site-packages/scipy/linalg/cython_blas.cpython-310-x86_64-linux-gnu.so
70d4ade75000-70d4ade77000 rw-p 00042000 08:30 218678                     /home/thkim0/venv/v1/lib/python3.10/site-packages/scipy/linalg/cython_blas.cpython-310-x86_64-linux-gnu.so
70d4ade77000-70d4ade78000 rw-p 00000000 00:00 0 
70d4ade78000-70d4ade7e000 rw-p 00051000 08:30 218678                     /home/thkim0/venv/v1/lib/python3.10/site-packages/scipy/linalg/cython_blas.cpython-310-x86_64-linux-gnu.so
70d4ade7e000-70d4ade83000 r--p 00000000 08:30 218640                     /home/thkim0/venv/v1/lib/python3.10/site-packages/scipy/linalg/_matfuncs_expm.cpython-310-x86_64-linux-gnu.so
70d4ade83000-70d4adee3000 r-xp 00005000 08:30 218640                     /home/thkim0/venv/v1/lib/python3.10/site-packages/scipy/linalg/_matfuncs_expm.cpython-310-x86_64-linux-gnu.so
70d4adee3000-70d4adeee000 r--p 00065000 08:30 218640                     /home/thkim0/venv/v1/lib/python3.10/site-packages/scipy/linalg/_matfuncs_expm.cpython-310-x86_64-linux-gnu.so
70d4adeee000-70d4adeef000 ---p 00070000 08:30 218640                     /home/thkim0/venv/v1/lib/python3.10/site-packages/scipy/linalg/_matfuncs_expm.cpython-310-x86_64-linux-gnu.so
70d4adeef000-70d4adef0000 r--p 00070000 08:30 218640                     /home/thkim0/venv/v1/lib/python3.10/site-packages/scipy/linalg/_matfuncs_expm.cpython-310-x86_64-linux-gnu.so
70d4adef0000-70d4adef2000 rw-p 00071000 08:30 218640                     /home/thkim0/venv/v1/lib/python3.10/site-packages/scipy/linalg/_matfuncs_expm.cpython-310-x86_64-linux-gnu.so
70d4adef2000-70d4adff4000 rw-p 00000000 00:00 0 
70d4adff4000-70d4b5ff4000 rw-p 00000000 00:00 0 
70d4b5ff4000-70d4b5ff5000 ---p 00000000 00:00 0 
70d4b5ff5000-70d4b67f5000 rw-p 00000000 00:00 0 
70d4b67f5000-70d4b67f6000 ---p 00000000 00:00 0 
70d4b67f6000-70d4b6ff6000 rw-p 00000000 00:00 0 
70d4b6ff6000-70d4b6ff7000 ---p 00000000 00:00 0 
70d4b6ff7000-70d4b77f7000 rw-p 00000000 00:00 0 
70d4b77f7000-70d4b97f7000 rw-p 00000000 00:00 0 
70d4b97f7000-70d4b97f8000 ---p 00000000 00:00 0 
70d4b97f8000-70d4b9ff8000 rw-p 00000000 00:00 0 
70d4b9ff8000-70d4bbff8000 rw-p 00000000 00:00 0 
70d4bbff8000-70d4bbff9000 ---p 00000000 00:00 0 
70d4bbff9000-70d4bc7f9000 rw-p 00000000 00:00 0 
70d4bc7f9000-70d4be7f9000 rw-p 00000000 00:00 0 
70d4be7f9000-70d4be7fa000 ---p 00000000 00:00 0 
70d4be7fa000-70d4beffa000 rw-p 00000000 00:00 0 
70d4beffa000-70d4c0ffa000 rw-p 00000000 00:00 0 
70d4c0ffa000-70d4c0ffb000 ---p 00000000 00:00 0 
70d4c0ffb000-70d4c17fb000 rw-p 00000000 00:00 0 
70d4c17fb000-70d4c37fb000 rw-p 00000000 00:00 0 
70d4c37fb000-70d4c37fc000 ---p 00000000 00:00 0 
70d4c37fc000-70d4c3ffc000 rw-p 00000000 00:00 0 
70d4c3ffc000-70d4c5ffc000 rw-p 00000000 00:00 0 
70d4c5ffc000-70d4c5ffd000 ---p 00000000 00:00 0 
70d4c5ffd000-70d4c67fd000 rw-p 00000000 00:00 0 
70d4c67fd000-70d4c87fd000 rw-p 00000000 00:00 0 
70d4c87fd000-70d4c87fe000 ---p 00000000 00:00 0 
70d4c87fe000-70d4c8ffe000 rw-p 00000000 00:00 0 
70d4c8ffe000-70d4caffe000 rw-p 00000000 00:00 0 
70d4caffe000-70d4cafff000 ---p 00000000 00:00 0 
70d4cafff000-70d4cb7ff000 rw-p 00000000 00:00 0 
70d4cb7ff000-70d4cb800000 ---p 00000000 00:00 0 
70d4cb800000-70d4cc03b000 rw-p 00000000 00:00 0 
70d4cc03b000-70d4d0000000 ---p 00000000 00:00 0 
70d4d0000000-70d4d0041000 rw-p 00000000 00:00 0 
70d4d0041000-70d4d4000000 ---p 00000000 00:00 0 
70d4d4000000-70d4d4002000 r--p 00000000 08:30 218137                     /home/thkim0/venv/v1/lib/python3.10/site-packages/scipy/optimize/_slsqp.cpython-310-x86_64-linux-gnu.so
70d4d4002000-70d4d400f000 r-xp 00002000 08:30 218137                     /home/thkim0/venv/v1/lib/python3.10/site-packages/scipy/optimize/_slsqp.cpython-310-x86_64-linux-gnu.so
70d4d400f000-70d4d4012000 r--p 0000f000 08:30 218137                     /home/thkim0/venv/v1/lib/python3.10/site-packages/scipy/optimize/_slsqp.cpython-310-x86_64-linux-gnu.so
70d4d4012000-70d4d4013000 r--p 00011000 08:30 218137                     /home/thkim0/venv/v1/lib/python3.10/site-packages/scipy/optimize/_slsqp.cpython-310-x86_64-linux-gnu.so
70d4d4013000-70d4d4014000 rw-p 00012000 08:30 218137                     /home/thkim0/venv/v1/lib/python3.10/site-packages/scipy/optimize/_slsqp.cpython-310-x86_64-linux-gnu.so
70d4d4014000-70d4d4017000 r--p 00000000 08:30 218307                     /home/thkim0/venv/v1/lib/python3.10/site-packages/scipy/_lib/messagestream.cpython-310-x86_64-linux-gnu.so
70d4d4017000-70d4d4021000 r-xp 00003000 08:30 218307                     /home/thkim0/venv/v1/lib/python3.10/site-packages/scipy/_lib/messagestream.cpython-310-x86_64-linux-gnu.so
70d4d4021000-70d4d4024000 r--p 0000d000 08:30 218307                     /home/thkim0/venv/v1/lib/python3.10/site-packages/scipy/_lib/messagestream.cpython-310-x86_64-linux-gnu.so
70d4d4024000-70d4d4025000 r--p 0000f000 08:30 218307                     /home/thkim0/venv/v1/lib/python3.10/site-packages/scipy/_lib/messagestream.cpython-310-x86_64-linux-gnu.so
70d4d4025000-70d4d4026000 rw-p 00010000 08:30 218307                     /home/thkim0/venv/v1/lib/python3.10/site-packages/scipy/_lib/messagestream.cpython-310-x86_64-linux-gnu.so
70d4d4026000-70d4d402b000 r--p 00000000 08:30 218674                     /home/thkim0/venv/v1/lib/python3.10/site-packages/scipy/linalg/_matfuncs_sqrtm_triu.cpython-310-x86_64-linux-gnu.so
70d4d402b000-70d4d4058000 r-xp 00005000 08:30 218674                     /home/thkim0/venv/v1/lib/python3.10/site-packages/scipy/linalg/_matfuncs_sqrtm_triu.cpython-310-x86_64-linux-gnu.so
70d4d4058000-70d4d4060000 r--p 00032000 08:30 218674                     /home/thkim0/venv/v1/lib/python3.10/site-packages/scipy/linalg/_matfuncs_sqrtm_triu.cpython-310-x86_64-linux-gnu.so
70d4d4060000-70d4d4061000 r--p 00039000 08:30 218674                     /home/thkim0/venv/v1/lib/python3.10/site-packages/scipy/linalg/_matfuncs_sqrtm_triu.cpython-310-x86_64-linux-gnu.so
70d4d4061000-70d4d4063000 rw-p 0003a000 08:30 218674                     /home/thkim0/venv/v1/lib/python3.10/site-packages/scipy/linalg/_matfuncs_sqrtm_triu.cpython-310-x86_64-linux-gnu.so
70d4d4063000-70d4d4064000 rw-p 00000000 00:00 0 
70d4d4064000-70d4d4069000 r--p 00000000 08:30 218647                     /home/thkim0/venv/v1/lib/python3.10/site-packages/scipy/linalg/_decomp_lu_cython.cpython-310-x86_64-linux-gnu.so
70d4d4069000-70d4d4095000 r-xp 00005000 08:30 218647                     /home/thkim0/venv/v1/lib/python3.10/site-packages/scipy/linalg/_decomp_lu_cython.cpython-310-x86_64-linux-gnu.so
70d4d4095000-70d4d409d000 r--p 00031000 08:30 218647                     /home/thkim0/venv/v1/lib/python3.10/site-packages/scipy/linalg/_decomp_lu_cython.cpython-310-x86_64-linux-gnu.so
70d4d409d000-70d4d409e000 r--p 00038000 08:30 218647                     /home/thkim0/venv/v1/lib/python3.10/site-packages/scipy/linalg/_decomp_lu_cython.cpython-310-x86_64-linux-gnu.so
70d4d409e000-70d4d40a0000 rw-p 00039000 08:30 218647                     /home/thkim0/venv/v1/lib/python3.10/site-packages/scipy/linalg/_decomp_lu_cython.cpython-310-x86_64-linux-gnu.so
70d4d40a0000-70d4d40a1000 rw-p 00000000 00:00 0 
70d4d40a1000-70d4d40c8000 r--p 00000000 08:30 218660                     /home/thkim0/venv/v1/lib/python3.10/site-packages/scipy/linalg/_fblas.cpython-310-x86_64-linux-gnu.so
70d4d40c8000-70d4d4110000 r-xp 00027000 08:30 218660                     /home/thkim0/venv/v1/lib/python3.10/site-packages/scipy/linalg/_fblas.cpython-310-x86_64-linux-gnu.so
70d4d4110000-70d4d413d000 r--p 0006f000 08:30 218660                     /home/thkim0/venv/v1/lib/python3.10/site-packages/scipy/linalg/_fblas.cpython-310-x86_64-linux-gnu.so
70d4d413d000-70d4d413e000 r--p 0009b000 08:30 218660                     /home/thkim0/venv/v1/lib/python3.10/site-packages/scipy/linalg/_fblas.cpython-310-x86_64-linux-gnu.so
70d4d413e000-70d4d4167000 rw-p 0009c000 08:30 218660                     /home/thkim0/venv/v1/lib/python3.10/site-packages/scipy/linalg/_fblas.cpython-310-x86_64-linux-gnu.so
70d4d4167000-70d4d417f000 rw-p 000e5000 08:30 218660                     /home/thkim0/venv/v1/lib/python3.10/site-packages/scipy/linalg/_fblas.cpython-310-x86_64-linux-gnu.so
70d4d4180000-70d4d4185000 r--p 00000000 08:30 218623                     /home/thkim0/venv/v1/lib/python3.10/site-packages/scipy/cluster/_optimal_leaf_ordering.cpython-310-x86_64-linux-gnu.so
70d4d4185000-70d4d41c3000 r-xp 00005000 08:30 218623                     /home/thkim0/venv/v1/lib/python3.10/site-packages/scipy/cluster/_optimal_leaf_ordering.cpython-310-x86_64-linux-gnu.so
70d4d41c3000-70d4d41cc000 r--p 00043000 08:30 218623                     /home/thkim0/venv/v1/lib/python3.10/site-packages/scipy/cluster/_optimal_leaf_ordering.cpython-310-x86_64-linux-gnu.so
70d4d41cc000-70d4d41cd000 r--p 0004b000 08:30 218623                     /home/thkim0/venv/v1/lib/python3.10/site-packages/scipy/cluster/_optimal_leaf_ordering.cpython-310-x86_64-linux-gnu.so
70d4d41cd000-70d4d41cf000 rw-p 0004c000 08:30 218623                     /home/thkim0/venv/v1/lib/python3.10/site-packages/scipy/cluster/_optimal_leaf_ordering.cpython-310-x86_64-linux-gnu.so
70d4d41cf000-70d4d41d0000 rw-p 00000000 00:00 0 
70d4d41d0000-70d4d41d5000 r--p 00000000 08:30 218625                     /home/thkim0/venv/v1/lib/python3.10/site-packages/scipy/cluster/_hierarchy.cpython-310-x86_64-linux-gnu.so
70d4d41d5000-70d4d421c000 r-xp 00005000 08:30 218625                     /home/thkim0/venv/v1/lib/python3.10/site-packages/scipy/cluster/_hierarchy.cpython-310-x86_64-linux-gnu.so
70d4d421c000-70d4d4229000 r--p 0004c000 08:30 218625                     /home/thkim0/venv/v1/lib/python3.10/site-packages/scipy/cluster/_hierarchy.cpython-310-x86_64-linux-gnu.so
70d4d4229000-70d4d422a000 r--p 00058000 08:30 218625                     /home/thkim0/venv/v1/lib/python3.10/site-packages/scipy/cluster/_hierarchy.cpython-310-x86_64-linux-gnu.so
70d4d422a000-70d4d422d000 rw-p 00059000 08:30 218625                     /home/thkim0/venv/v1/lib/python3.10/site-packages/scipy/cluster/_hierarchy.cpython-310-x86_64-linux-gnu.so
70d4d422d000-70d4d422e000 rw-p 00000000 00:00 0 
70d4d422e000-70d4d4231000 r--p 00000000 08:30 218626                     /home/thkim0/venv/v1/lib/python3.10/site-packages/scipy/cluster/_vq.cpython-310-x86_64-linux-gnu.so
70d4d4231000-70d4d4244000 r-xp 00003000 08:30 218626                     /home/thkim0/venv/v1/lib/python3.10/site-packages/scipy/cluster/_vq.cpython-310-x86_64-linux-gnu.so
70d4d4244000-70d4d4248000 r--p 00016000 08:30 218626                     /home/thkim0/venv/v1/lib/python3.10/site-packages/scipy/cluster/_vq.cpython-310-x86_64-linux-gnu.so
70d4d4248000-70d4d4249000 r--p 00019000 08:30 218626                     /home/thkim0/venv/v1/lib/python3.10/site-packages/scipy/cluster/_vq.cpython-310-x86_64-linux-gnu.so
70d4d4249000-70d4d424a000 rw-p 0001a000 08:30 218626                     /home/thkim0/venv/v1/lib/python3.10/site-packages/scipy/cluster/_vq.cpython-310-x86_64-linux-gnu.so
70d4d424a000-70d4d434b000 rw-p 00000000 00:00 0 
70d4d434b000-70d4d4350000 r--p 00000000 08:30 225186                     /home/thkim0/venv/v1/lib/python3.10/site-packages/pandas/_libs/json.cpython-310-x86_64-linux-gnu.so
70d4d4350000-70d4d435c000 r-xp 00005000 08:30 225186                     /home/thkim0/venv/v1/lib/python3.10/site-packages/pandas/_libs/json.cpython-310-x86_64-linux-gnu.so
70d4d435c000-70d4d4360000 r--p 00011000 08:30 225186                     /home/thkim0/venv/v1/lib/python3.10/site-packages/pandas/_libs/json.cpython-310-x86_64-linux-gnu.so
70d4d4360000-70d4d4361000 ---p 00015000 08:30 225186                     /home/thkim0/venv/v1/lib/python3.10/site-packages/pandas/_libs/json.cpython-310-x86_64-linux-gnu.so
70d4d4361000-70d4d4362000 r--p 00015000 08:30 225186                     /home/thkim0/venv/v1/lib/python3.10/site-packages/pandas/_libs/json.cpython-310-x86_64-linux-gnu.so
70d4d4362000-70d4d4363000 rw-p 00016000 08:30 225186                     /home/thkim0/venv/v1/lib/python3.10/site-packages/pandas/_libs/json.cpython-310-x86_64-linux-gnu.so
70d4d4363000-70d4d436e000 r--p 00000000 08:30 225183                     /home/thkim0/venv/v1/lib/python3.10/site-packages/pandas/_libs/parsers.cpython-310-x86_64-linux-gnu.so
70d4d436e000-70d4d43d4000 r-xp 0000b000 08:30 225183                     /home/thkim0/venv/v1/lib/python3.10/site-packages/pandas/_libs/parsers.cpython-310-x86_64-linux-gnu.so
70d4d43d4000-70d4d43e0000 r--p 00071000 08:30 225183                     /home/thkim0/venv/v1/lib/python3.10/site-packages/pandas/_libs/parsers.cpython-310-x86_64-linux-gnu.so
70d4d43e0000-70d4d43e1000 r--p 0007c000 08:30 225183                     /home/thkim0/venv/v1/lib/python3.10/site-packages/pandas/_libs/parsers.cpython-310-x86_64-linux-gnu.so
70d4d43e1000-70d4d43e8000 rw-p 0007d000 08:30 225183                     /home/thkim0/venv/v1/lib/python3.10/site-packages/pandas/_libs/parsers.cpython-310-x86_64-linux-gnu.so
70d4d43e8000-70d4d43e9000 rw-p 00000000 00:00 0 
70d4d43e9000-70d4d43ed000 r--p 00000000 08:30 225119                     /home/thkim0/venv/v1/lib/python3.10/site-packages/pandas/_libs/testing.cpython-310-x86_64-linux-gnu.so
70d4d43ed000-70d4d43fb000 r-xp 00004000 08:30 225119                     /home/thkim0/venv/v1/lib/python3.10/site-packages/pandas/_libs/testing.cpython-310-x86_64-linux-gnu.so
70d4d43fb000-70d4d43fd000 r--p 00012000 08:30 225119                     /home/thkim0/venv/v1/lib/python3.10/site-packages/pandas/_libs/testing.cpython-310-x86_64-linux-gnu.so
70d4d43fd000-70d4d43fe000 r--p 00013000 08:30 225119                     /home/thkim0/venv/v1/lib/python3.10/site-packages/pandas/_libs/testing.cpython-310-x86_64-linux-gnu.so
70d4d43fe000-70d4d4400000 rw-p 00014000 08:30 225119                     /home/thkim0/venv/v1/lib/python3.10/site-packages/pandas/_libs/testing.cpython-310-x86_64-linux-gnu.so
70d4d4400000-70d4d443b000 r-xp 00000000 08:30 208298                     /home/thkim0/venv/v1/lib/python3.10/site-packages/numpy.libs/libquadmath-96973f99.so.0.0.0
70d4d443b000-70d4d463a000 ---p 0003b000 08:30 208298                     /home/thkim0/venv/v1/lib/python3.10/site-packages/numpy.libs/libquadmath-96973f99.so.0.0.0
70d4d463a000-70d4d463b000 r--p 0003a000 08:30 208298                     /home/thkim0/venv/v1/lib/python3.10/site-packages/numpy.libs/libquadmath-96973f99.so.0.0.0
70d4d463b000-70d4d463d000 rw-p 0003b000 08:30 208298                     /home/thkim0/venv/v1/lib/python3.10/site-packages/numpy.libs/libquadmath-96973f99.so.0.0.0
70d4d463e000-70d4d4641000 r--p 00000000 08:30 218413                     /home/thkim0/venv/v1/lib/python3.10/site-packages/scipy/special/_comb.cpython-310-x86_64-linux-gnu.so
70d4d4641000-70d4d4648000 r-xp 00003000 08:30 218413                     /home/thkim0/venv/v1/lib/python3.10/site-packages/scipy/special/_comb.cpython-310-x86_64-linux-gnu.so
70d4d4648000-70d4d464a000 r--p 0000a000 08:30 218413                     /home/thkim0/venv/v1/lib/python3.10/site-packages/scipy/special/_comb.cpython-310-x86_64-linux-gnu.so
70d4d464a000-70d4d464b000 r--p 0000b000 08:30 218413                     /home/thkim0/venv/v1/lib/python3.10/site-packages/scipy/special/_comb.cpython-310-x86_64-linux-gnu.so
70d4d464b000-70d4d464c000 rw-p 0000c000 08:30 218413                     /home/thkim0/venv/v1/lib/python3.10/site-packages/scipy/special/_comb.cpython-310-x86_64-linux-gnu.so
70d4d464c000-70d4d464e000 r--p 00000000 08:30 58212                      /usr/lib/python3.10/lib-dynload/_multiprocessing.cpython-310-x86_64-linux-gnu.so
70d4d464e000-70d4d4650000 r-xp 00002000 08:30 58212                      /usr/lib/python3.10/lib-dynload/_multiprocessing.cpython-310-x86_64-linux-gnu.so
70d4d4650000-70d4d4651000 r--p 00004000 08:30 58212                      /usr/lib/python3.10/lib-dynload/_multiprocessing.cpython-310-x86_64-linux-gnu.so
70d4d4651000-70d4d4652000 r--p 00004000 08:30 58212                      /usr/lib/python3.10/lib-dynload/_multiprocessing.cpython-310-x86_64-linux-gnu.so
70d4d4652000-70d4d4653000 rw-p 00005000 08:30 58212                      /usr/lib/python3.10/lib-dynload/_multiprocessing.cpython-310-x86_64-linux-gnu.so
70d4d4653000-70d4d466d000 r--p 00000000 08:30 218637                     /home/thkim0/venv/v1/lib/python3.10/site-packages/scipy/linalg/cython_lapack.cpython-310-x86_64-linux-gnu.so
70d4d466d000-70d4d468c000 r-xp 0001a000 08:30 218637                     /home/thkim0/venv/v1/lib/python3.10/site-packages/scipy/linalg/cython_lapack.cpython-310-x86_64-linux-gnu.so
70d4d468c000-70d4d46e4000 r--p 00039000 08:30 218637                     /home/thkim0/venv/v1/lib/python3.10/site-packages/scipy/linalg/cython_lapack.cpython-310-x86_64-linux-gnu.so
70d4d46e4000-70d4d46e5000 ---p 00091000 08:30 218637                     /home/thkim0/venv/v1/lib/python3.10/site-packages/scipy/linalg/cython_lapack.cpython-310-x86_64-linux-gnu.so
70d4d46e5000-70d4d46e6000 r--p 00091000 08:30 218637                     /home/thkim0/venv/v1/lib/python3.10/site-packages/scipy/linalg/cython_lapack.cpython-310-x86_64-linux-gnu.so
70d4d46e6000-70d4d46ea000 rw-p 00092000 08:30 218637                     /home/thkim0/venv/v1/lib/python3.10/site-packages/scipy/linalg/cython_lapack.cpython-310-x86_64-linux-gnu.so
70d4d46ea000-70d4d4700000 rw-p 000c1000 08:30 218637                     /home/thkim0/venv/v1/lib/python3.10/site-packages/scipy/linalg/cython_lapack.cpython-310-x86_64-linux-gnu.so
70d4d4700000-70d4d4800000 rw-p 00000000 00:00 0 
70d4d4800000-70d4d4a76000 r-xp 00000000 08:30 208299                     /home/thkim0/venv/v1/lib/python3.10/site-packages/numpy.libs/libgfortran-040039e1.so.5.0.0
70d4d4a76000-70d4d4c75000 ---p 00276000 08:30 208299                     /home/thkim0/venv/v1/lib/python3.10/site-packages/numpy.libs/libgfortran-040039e1.so.5.0.0
70d4d4c75000-70d4d4c76000 r--p 00275000 08:30 208299                     /home/thkim0/venv/v1/lib/python3.10/site-packages/numpy.libs/libgfortran-040039e1.so.5.0.0
70d4d4c76000-70d4d4c78000 rw-p 00276000 08:30 208299                     /home/thkim0/venv/v1/lib/python3.10/site-packages/numpy.libs/libgfortran-040039e1.so.5.0.0
70d4d4c78000-70d4d4c8d000 rw-p 0027b000 08:30 208299                     /home/thkim0/venv/v1/lib/python3.10/site-packages/numpy.libs/libgfortran-040039e1.so.5.0.0
70d4d4c8f000-70d4d4c92000 r--p 00000000 08:30 218001                     /home/thkim0/venv/v1/lib/python3.10/site-packages/scipy/sparse/csgraph/_tools.cpython-310-x86_64-linux-gnu.so
70d4d4c92000-70d4d4cb0000 r-xp 00003000 08:30 218001                     /home/thkim0/venv/v1/lib/python3.10/site-packages/scipy/sparse/csgraph/_tools.cpython-310-x86_64-linux-gnu.so
70d4d4cb0000-70d4d4cba000 r--p 00021000 08:30 218001                     /home/thkim0/venv/v1/lib/python3.10/site-packages/scipy/sparse/csgraph/_tools.cpython-310-x86_64-linux-gnu.so
70d4d4cba000-70d4d4cbb000 r--p 0002a000 08:30 218001                     /home/thkim0/venv/v1/lib/python3.10/site-packages/scipy/sparse/csgraph/_tools.cpython-310-x86_64-linux-gnu.so
70d4d4cbb000-70d4d4cbc000 rw-p 0002b000 08:30 218001                     /home/thkim0/venv/v1/lib/python3.10/site-packages/scipy/sparse/csgraph/_tools.cpython-310-x86_64-linux-gnu.so
70d4d4cbc000-70d4d4cbd000 rw-p 00000000 00:00 0 
70d4d4cbd000-70d4d4cc2000 r--p 00000000 08:30 218658                     /home/thkim0/venv/v1/lib/python3.10/site-packages/scipy/linalg/_solve_toeplitz.cpython-310-x86_64-linux-gnu.so
70d4d4cc2000-70d4d4cf3000 r-xp 00005000 08:30 218658                     /home/thkim0/venv/v1/lib/python3.10/site-packages/scipy/linalg/_solve_toeplitz.cpython-310-x86_64-linux-gnu.so
70d4d4cf3000-70d4d4cfb000 r--p 00036000 08:30 218658                     /home/thkim0/venv/v1/lib/python3.10/site-packages/scipy/linalg/_solve_toeplitz.cpython-310-x86_64-linux-gnu.so
70d4d4cfb000-70d4d4cfc000 ---p 0003e000 08:30 218658                     /home/thkim0/venv/v1/lib/python3.10/site-packages/scipy/linalg/_solve_toeplitz.cpython-310-x86_64-linux-gnu.so
70d4d4cfc000-70d4d4cfd000 r--p 0003e000 08:30 218658                     /home/thkim0/venv/v1/lib/python3.10/site-packages/scipy/linalg/_solve_toeplitz.cpython-310-x86_64-linux-gnu.so
70d4d4cfd000-70d4d4cff000 rw-p 0003f000 08:30 218658                     /home/thkim0/venv/v1/lib/python3.10/site-packages/scipy/linalg/_solve_toeplitz.cpython-310-x86_64-linux-gnu.so
70d4d4cff000-70d4d4e00000 rw-p 00000000 00:00 0 
70d4d4e00000-70d4d4f0a000 r--p 00000000 08:30 208297                     /home/thkim0/venv/v1/lib/python3.10/site-packages/numpy.libs/libopenblas64_p-r0-0cf96a72.3.23.dev.so
70d4d4f0a000-70d4d4f12000 r-xp 0010a000 08:30 208297                     /home/thkim0/venv/v1/lib/python3.10/site-packages/numpy.libs/libopenblas64_p-r0-0cf96a72.3.23.dev.so
70d4d4f12000-70d4d4f18000 ---p 00112000 08:30 208297                     /home/thkim0/venv/v1/lib/python3.10/site-packages/numpy.libs/libopenblas64_p-r0-0cf96a72.3.23.dev.so
70d4d4f18000-70d4d6b99000 r-xp 00118000 08:30 208297                     /home/thkim0/venv/v1/lib/python3.10/site-packages/numpy.libs/libopenblas64_p-r0-0cf96a72.3.23.dev.so
70d4d6b99000-70d4d6da9000 r--p 01d99000 08:30 208297                     /home/thkim0/venv/v1/lib/python3.10/site-packages/numpy.libs/libopenblas64_p-r0-0cf96a72.3.23.dev.so
70d4d6da9000-70d4d6daa000 ---p 01fa9000 08:30 208297                     /home/thkim0/venv/v1/lib/python3.10/site-packages/numpy.libs/libopenblas64_p-r0-0cf96a72.3.23.dev.so
70d4d6daa000-70d4d6db0000 r--p 01fa9000 08:30 208297                     /home/thkim0/venv/v1/lib/python3.10/site-packages/numpy.libs/libopenblas64_p-r0-0cf96a72.3.23.dev.so
70d4d6db0000-70d4d6dc7000 rw-p 01faf000 08:30 208297                     /home/thkim0/venv/v1/lib/python3.10/site-packages/numpy.libs/libopenblas64_p-r0-0cf96a72.3.23.dev.so
70d4d6dc7000-70d4d6dd3000 rw-p 00000000 00:00 0 
70d4d6dd3000-70d4d6e7f000 rw-p 020d4000 08:30 208297                     /home/thkim0/venv/v1/lib/python3.10/site-packages/numpy.libs/libopenblas64_p-r0-0cf96a72.3.23.dev.so
70d4d6e7f000-70d4d6e80000 r--p 00000000 08:30 218172                     /home/thkim0/venv/v1/lib/python3.10/site-packages/scipy/optimize/_zeros.cpython-310-x86_64-linux-gnu.so
70d4d6e80000-70d4d6e82000 r-xp 00001000 08:30 218172                     /home/thkim0/venv/v1/lib/python3.10/site-packages/scipy/optimize/_zeros.cpython-310-x86_64-linux-gnu.so
70d4d6e82000-70d4d6e83000 r--p 00003000 08:30 218172                     /home/thkim0/venv/v1/lib/python3.10/site-packages/scipy/optimize/_zeros.cpython-310-x86_64-linux-gnu.so
70d4d6e83000-70d4d6e84000 r--p 00003000 08:30 218172                     /home/thkim0/venv/v1/lib/python3.10/site-packages/scipy/optimize/_zeros.cpython-310-x86_64-linux-gnu.so
70d4d6e84000-70d4d6e85000 rw-p 00004000 08:30 218172                     /home/thkim0/venv/v1/lib/python3.10/site-packages/scipy/optimize/_zeros.cpython-310-x86_64-linux-gnu.so
70d4d6e85000-70d4d6e88000 r--p 00000000 08:30 58211                      /usr/lib/python3.10/lib-dynload/_multibytecodec.cpython-310-x86_64-linux-gnu.so
70d4d6e88000-70d4d6e8e000 r-xp 00003000 08:30 58211                      /usr/lib/python3.10/lib-dynload/_multibytecodec.cpython-310-x86_64-linux-gnu.so
70d4d6e8e000-70d4d6e90000 r--p 00009000 08:30 58211                      /usr/lib/python3.10/lib-dynload/_multibytecodec.cpython-310-x86_64-linux-gnu.so
70d4d6e90000-70d4d6e91000 r--p 0000a000 08:30 58211                      /usr/lib/python3.10/lib-dynload/_multibytecodec.cpython-310-x86_64-linux-gnu.so
70d4d6e91000-70d4d6e92000 rw-p 0000b000 08:30 58211                      /usr/lib/python3.10/lib-dynload/_multibytecodec.cpython-310-x86_64-linux-gnu.so
70d4d6e92000-70d4d6e98000 r--p 00000000 08:30 218676                     /home/thkim0/venv/v1/lib/python3.10/site-packages/scipy/linalg/_cythonized_array_utils.cpython-310-x86_64-linux-gnu.so
70d4d6e98000-70d4d6f0c000 r-xp 00006000 08:30 218676                     /home/thkim0/venv/v1/lib/python3.10/site-packages/scipy/linalg/_cythonized_array_utils.cpython-310-x86_64-linux-gnu.so
70d4d6f0c000-70d4d6f1a000 r--p 0007a000 08:30 218676                     /home/thkim0/venv/v1/lib/python3.10/site-packages/scipy/linalg/_cythonized_array_utils.cpython-310-x86_64-linux-gnu.so
70d4d6f1a000-70d4d6f1b000 ---p 00088000 08:30 218676                     /home/thkim0/venv/v1/lib/python3.10/site-packages/scipy/linalg/_cythonized_array_utils.cpython-310-x86_64-linux-gnu.so
70d4d6f1b000-70d4d6f1c000 r--p 00088000 08:30 218676                     /home/thkim0/venv/v1/lib/python3.10/site-packages/scipy/linalg/_cythonized_array_utils.cpython-310-x86_64-linux-gnu.so
70d4d6f1c000-70d4d6f1f000 rw-p 00089000 08:30 218676                     /home/thkim0/venv/v1/lib/python3.10/site-packages/scipy/linalg/_cythonized_array_utils.cpython-310-x86_64-linux-gnu.so
70d4d6f1f000-70d4d6f20000 rw-p 00000000 00:00 0 
70d4d6f20000-70d4d6f27000 r--p 00000000 08:30 207886                     /home/thkim0/venv/v1/lib/python3.10/site-packages/numpy/random/_generator.cpython-310-x86_64-linux-gnu.so
70d4d6f27000-70d4d6fa7000 r-xp 00007000 08:30 207886                     /home/thkim0/venv/v1/lib/python3.10/site-packages/numpy/random/_generator.cpython-310-x86_64-linux-gnu.so
70d4d6fa7000-70d4d6ffb000 r--p 00087000 08:30 207886                     /home/thkim0/venv/v1/lib/python3.10/site-packages/numpy/random/_generator.cpython-310-x86_64-linux-gnu.so
70d4d6ffb000-70d4d6ffc000 r--p 000da000 08:30 207886                     /home/thkim0/venv/v1/lib/python3.10/site-packages/numpy/random/_generator.cpython-310-x86_64-linux-gnu.so
70d4d6ffc000-70d4d6ffe000 rw-p 000db000 08:30 207886                     /home/thkim0/venv/v1/lib/python3.10/site-packages/numpy/random/_generator.cpython-310-x86_64-linux-gnu.so
70d4d6ffe000-70d4d7000000 rw-p 00000000 00:00 0 
70d4d7000000-70d4d702b000 r--p 00000000 08:30 207979                     /home/thkim0/venv/v1/lib/python3.10/site-packages/numpy/core/_multiarray_umath.cpython-310-x86_64-linux-gnu.so
70d4d702b000-70d4d7509000 r-xp 0002b000 08:30 207979                     /home/thkim0/venv/v1/lib/python3.10/site-packages/numpy/core/_multiarray_umath.cpython-310-x86_64-linux-gnu.so
70d4d7509000-70d4d767d000 r--p 00509000 08:30 207979                     /home/thkim0/venv/v1/lib/python3.10/site-packages/numpy/core/_multiarray_umath.cpython-310-x86_64-linux-gnu.so
70d4d767d000-70d4d767e000 ---p 0067d000 08:30 207979                     /home/thkim0/venv/v1/lib/python3.10/site-packages/numpy/core/_multiarray_umath.cpython-310-x86_64-linux-gnu.so
70d4d767e000-70d4d7680000 r--p 0067d000 08:30 207979                     /home/thkim0/venv/v1/lib/python3.10/site-packages/numpy/core/_multiarray_umath.cpython-310-x86_64-linux-gnu.so
70d4d7680000-70d4d76a3000 rw-p 0067f000 08:30 207979                     /home/thkim0/venv/v1/lib/python3.10/site-packages/numpy/core/_multiarray_umath.cpython-310-x86_64-linux-gnu.so
70d4d76a3000-70d4d76c3000 rw-p 00000000 00:00 0 
70d4d76c3000-70d4d76ce000 rw-p 0070b000 08:30 207979                     /home/thkim0/venv/v1/lib/python3.10/site-packages/numpy/core/_multiarray_umath.cpython-310-x86_64-linux-gnu.so
70d4d76ce000-70d4d76cf000 r--p 00000000 00:00 0 
70d4d76cf000-70d4d76d5000 r--p 00000000 08:30 217955                     /home/thkim0/venv/v1/lib/python3.10/site-packages/scipy/sparse/_csparsetools.cpython-310-x86_64-linux-gnu.so
70d4d76d5000-70d4d7779000 r-xp 00006000 08:30 217955                     /home/thkim0/venv/v1/lib/python3.10/site-packages/scipy/sparse/_csparsetools.cpython-310-x86_64-linux-gnu.so
70d4d7779000-70d4d7788000 r--p 000aa000 08:30 217955                     /home/thkim0/venv/v1/lib/python3.10/site-packages/scipy/sparse/_csparsetools.cpython-310-x86_64-linux-gnu.so
70d4d7788000-70d4d7789000 r--p 000b8000 08:30 217955                     /home/thkim0/venv/v1/lib/python3.10/site-packages/scipy/sparse/_csparsetools.cpython-310-x86_64-linux-gnu.so
70d4d7789000-70d4d778c000 rw-p 000b9000 08:30 217955                     /home/thkim0/venv/v1/lib/python3.10/site-packages/scipy/sparse/_csparsetools.cpython-310-x86_64-linux-gnu.so
70d4d778c000-70d4d778e000 rw-p 00000000 00:00 0 
70d4d778e000-70d4d7791000 r--p 00000000 08:30 207866                     /home/thkim0/venv/v1/lib/python3.10/site-packages/numpy/random/_pcg64.cpython-310-x86_64-linux-gnu.so
70d4d7791000-70d4d77a3000 r-xp 00003000 08:30 207866                     /home/thkim0/venv/v1/lib/python3.10/site-packages/numpy/random/_pcg64.cpython-310-x86_64-linux-gnu.so
70d4d77a3000-70d4d77a8000 r--p 00015000 08:30 207866                     /home/thkim0/venv/v1/lib/python3.10/site-packages/numpy/random/_pcg64.cpython-310-x86_64-linux-gnu.so
70d4d77a8000-70d4d77a9000 r--p 00019000 08:30 207866                     /home/thkim0/venv/v1/lib/python3.10/site-packages/numpy/random/_pcg64.cpython-310-x86_64-linux-gnu.so
70d4d77a9000-70d4d77aa000 rw-p 0001a000 08:30 207866                     /home/thkim0/venv/v1/lib/python3.10/site-packages/numpy/random/_pcg64.cpython-310-x86_64-linux-gnu.so
70d4d77aa000-70d4d77ae000 r--p 00000000 08:30 207871                     /home/thkim0/venv/v1/lib/python3.10/site-packages/numpy/random/_bounded_integers.cpython-310-x86_64-linux-gnu.so
70d4d77ae000-70d4d77f3000 r-xp 00004000 08:30 207871                     /home/thkim0/venv/v1/lib/python3.10/site-packages/numpy/random/_bounded_integers.cpython-310-x86_64-linux-gnu.so
70d4d77f3000-70d4d77fc000 r--p 00049000 08:30 207871                     /home/thkim0/venv/v1/lib/python3.10/site-packages/numpy/random/_bounded_integers.cpython-310-x86_64-linux-gnu.so
70d4d77fc000-70d4d77fd000 r--p 00051000 08:30 207871                     /home/thkim0/venv/v1/lib/python3.10/site-packages/numpy/random/_bounded_integers.cpython-310-x86_64-linux-gnu.so
70d4d77fd000-70d4d77fe000 rw-p 00052000 08:30 207871                     /home/thkim0/venv/v1/lib/python3.10/site-packages/numpy/random/_bounded_integers.cpython-310-x86_64-linux-gnu.so
70d4d77fe000-70d4d77ff000 rw-p 00000000 00:00 0 
70d4d77ff000-70d4d7800000 ---p 00000000 00:00 0 
70d4d7800000-70d4d8021000 rw-p 00000000 00:00 0 
70d4d8021000-70d4dc000000 ---p 00000000 00:00 0 
70d4dc000000-70d4dc021000 rw-p 00000000 00:00 0 
70d4dc021000-70d4e0000000 ---p 00000000 00:00 0 
70d4e0000000-70d4e0021000 rw-p 00000000 00:00 0 
70d4e0021000-70d4e4000000 ---p 00000000 00:00 0 
70d4e4000000-70d4e4021000 rw-p 00000000 00:00 0 
70d4e4021000-70d4e8000000 ---p 00000000 00:00 0 
70d4e8000000-70d4e8021000 rw-p 00000000 00:00 0 
70d4e8021000-70d4ec000000 ---p 00000000 00:00 0 
70d4ec000000-70d4ec027000 rw-p 00000000 00:00 0 
70d4ec027000-70d4f0000000 ---p 00000000 00:00 0 
70d4f0000000-70d4f0001000 r--p 00000000 08:30 12243                      /usr/lib/locale/C.utf8/LC_NUMERIC
70d4f0001000-70d4f0002000 r--p 00000000 08:30 12246                      /usr/lib/locale/C.utf8/LC_TIME
70d4f0002000-70d4f0006000 r--p 00000000 08:30 218302                     /home/thkim0/venv/v1/lib/python3.10/site-packages/scipy/_lib/_ccallback_c.cpython-310-x86_64-linux-gnu.so
70d4f0006000-70d4f0014000 r-xp 00004000 08:30 218302                     /home/thkim0/venv/v1/lib/python3.10/site-packages/scipy/_lib/_ccallback_c.cpython-310-x86_64-linux-gnu.so
70d4f0014000-70d4f0017000 r--p 00012000 08:30 218302                     /home/thkim0/venv/v1/lib/python3.10/site-packages/scipy/_lib/_ccallback_c.cpython-310-x86_64-linux-gnu.so
70d4f0017000-70d4f0018000 r--p 00014000 08:30 218302                     /home/thkim0/venv/v1/lib/python3.10/site-packages/scipy/_lib/_ccallback_c.cpython-310-x86_64-linux-gnu.so
70d4f0018000-70d4f0019000 rw-p 00015000 08:30 218302                     /home/thkim0/venv/v1/lib/python3.10/site-packages/scipy/_lib/_ccallback_c.cpython-310-x86_64-linux-gnu.so
70d4f0019000-70d4f001a000 rw-p 00000000 00:00 0 
70d4f001a000-70d4f001d000 r--p 00000000 08:30 207873                     /home/thkim0/venv/v1/lib/python3.10/site-packages/numpy/random/_philox.cpython-310-x86_64-linux-gnu.so
70d4f001d000-70d4f002c000 r-xp 00003000 08:30 207873                     /home/thkim0/venv/v1/lib/python3.10/site-packages/numpy/random/_philox.cpython-310-x86_64-linux-gnu.so
70d4f002c000-70d4f0030000 r--p 00012000 08:30 207873                     /home/thkim0/venv/v1/lib/python3.10/site-packages/numpy/random/_philox.cpython-310-x86_64-linux-gnu.so
70d4f0030000-70d4f0031000 r--p 00015000 08:30 207873                     /home/thkim0/venv/v1/lib/python3.10/site-packages/numpy/random/_philox.cpython-310-x86_64-linux-gnu.so
70d4f0031000-70d4f0032000 rw-p 00016000 08:30 207873                     /home/thkim0/venv/v1/lib/python3.10/site-packages/numpy/random/_philox.cpython-310-x86_64-linux-gnu.so
70d4f0032000-70d4f0035000 r--p 00000000 08:30 207876                     /home/thkim0/venv/v1/lib/python3.10/site-packages/numpy/random/_mt19937.cpython-310-x86_64-linux-gnu.so
70d4f0035000-70d4f0046000 r-xp 00003000 08:30 207876                     /home/thkim0/venv/v1/lib/python3.10/site-packages/numpy/random/_mt19937.cpython-310-x86_64-linux-gnu.so
70d4f0046000-70d4f004b000 r--p 00014000 08:30 207876                     /home/thkim0/venv/v1/lib/python3.10/site-packages/numpy/random/_mt19937.cpython-310-x86_64-linux-gnu.so
70d4f004b000-70d4f004c000 r--p 00018000 08:30 207876                     /home/thkim0/venv/v1/lib/python3.10/site-packages/numpy/random/_mt19937.cpython-310-x86_64-linux-gnu.so
70d4f004c000-70d4f004d000 rw-p 00019000 08:30 207876                     /home/thkim0/venv/v1/lib/python3.10/site-packages/numpy/random/_mt19937.cpython-310-x86_64-linux-gnu.so
70d4f004d000-70d4f074d000 rw-p 00000000 00:00 0 
70d4f074d000-70d4f0755000 r--p 00000000 08:30 274197                     /home/thkim0/venv/v1/lib/python3.10/site-packages/debugpy/_vendored/pydevd/_pydevd_bundle/pydevd_cython.cpython-310-x86_64-linux-gnu.so
70d4f0755000-70d4f07e6000 r-xp 00008000 08:30 274197                     /home/thkim0/venv/v1/lib/python3.10/site-packages/debugpy/_vendored/pydevd/_pydevd_bundle/pydevd_cython.cpython-310-x86_64-linux-gnu.so
70d4f07e6000-70d4f07f2000 r--p 00099000 08:30 274197                     /home/thkim0/venv/v1/lib/python3.10/site-packages/debugpy/_vendored/pydevd/_pydevd_bundle/pydevd_cython.cpython-310-x86_64-linux-gnu.so
70d4f07f2000-70d4f07f4000 r--p 000a4000 08:30 274197                     /home/thkim0/venv/v1/lib/python3.10/site-packages/debugpy/_vendored/pydevd/_pydevd_bundle/pydevd_cython.cpython-310-x86_64-linux-gnu.so
70d4f07f4000-70d4f07f7000 rw-p 000a6000 08:30 274197                     /home/thkim0/venv/v1/lib/python3.10/site-packages/debugpy/_vendored/pydevd/_pydevd_bundle/pydevd_cython.cpython-310-x86_64-linux-gnu.so
70d4f07f7000-70d4f07f9000 rw-p 00000000 00:00 0 
70d4f07f9000-70d4f07fa000 ---p 00000000 00:00 0 
70d4f07fa000-70d4f0ffa000 rw-p 00000000 00:00 0 
70d4f0ffa000-70d4f0ffb000 ---p 00000000 00:00 0 
70d4f0ffb000-70d4f17fb000 rw-p 00000000 00:00 0 
70d4f17fb000-70d4f17fc000 ---p 00000000 00:00 0 
70d4f17fc000-70d4f1ffc000 rw-p 00000000 00:00 0 
70d4f1ffc000-70d4f1ffd000 ---p 00000000 00:00 0 
70d4f1ffd000-70d4f27fd000 rw-p 00000000 00:00 0 
70d4f27fd000-70d4f27fe000 ---p 00000000 00:00 0 
70d4f27fe000-70d4f2ffe000 rw-p 00000000 00:00 0 
70d4f2ffe000-70d4f2fff000 ---p 00000000 00:00 0 
70d4f2fff000-70d4f37ff000 rw-p 00000000 00:00 0 
70d4f37ff000-70d4f3800000 ---p 00000000 00:00 0 
70d4f3800000-70d4f405f000 rw-p 00000000 00:00 0 
70d4f405f000-70d4f8000000 ---p 00000000 00:00 0 
70d4f8000000-70d4f8001000 r--p 00000000 08:30 12236                      /usr/lib/locale/C.utf8/LC_COLLATE
70d4f8001000-70d4f8002000 r--p 00000000 08:30 12241                      /usr/lib/locale/C.utf8/LC_MONETARY
70d4f8002000-70d4f8008000 r--p 00000000 08:30 207826                     /home/thkim0/venv/v1/lib/python3.10/site-packages/numpy/linalg/_umath_linalg.cpython-310-x86_64-linux-gnu.so
70d4f8008000-70d4f8028000 r-xp 00006000 08:30 207826                     /home/thkim0/venv/v1/lib/python3.10/site-packages/numpy/linalg/_umath_linalg.cpython-310-x86_64-linux-gnu.so
70d4f8028000-70d4f802d000 r--p 00026000 08:30 207826                     /home/thkim0/venv/v1/lib/python3.10/site-packages/numpy/linalg/_umath_linalg.cpython-310-x86_64-linux-gnu.so
70d4f802d000-70d4f802e000 r--p 0002a000 08:30 207826                     /home/thkim0/venv/v1/lib/python3.10/site-packages/numpy/linalg/_umath_linalg.cpython-310-x86_64-linux-gnu.so
70d4f802e000-70d4f802f000 rw-p 0002b000 08:30 207826                     /home/thkim0/venv/v1/lib/python3.10/site-packages/numpy/linalg/_umath_linalg.cpython-310-x86_64-linux-gnu.so
70d4f802f000-70d4f8030000 rw-p 00000000 00:00 0 
70d4f8030000-70d4f8033000 rw-p 00032000 08:30 207826                     /home/thkim0/venv/v1/lib/python3.10/site-packages/numpy/linalg/_umath_linalg.cpython-310-x86_64-linux-gnu.so
70d4f8033000-70d4f8133000 rw-p 00000000 00:00 0 
70d4f8133000-70d4f8134000 ---p 00000000 00:00 0 
70d4f8134000-70d4f8934000 rw-p 00000000 00:00 0 
70d4f8934000-70d4f8935000 ---p 00000000 00:00 0 
70d4f8935000-70d4f9135000 rw-p 00000000 00:00 0 
70d4f9135000-70d4f9136000 ---p 00000000 00:00 0 
70d4f9136000-70d4fa436000 rw-p 00000000 00:00 0 
70d4fa436000-70d4fa456000 r--p 00000000 08:30 1883                       /usr/lib/x86_64-linux-gnu/libsqlite3.so.0.8.6
70d4fa456000-70d4fa561000 r-xp 00020000 08:30 1883                       /usr/lib/x86_64-linux-gnu/libsqlite3.so.0.8.6
70d4fa561000-70d4fa595000 r--p 0012b000 08:30 1883                       /usr/lib/x86_64-linux-gnu/libsqlite3.so.0.8.6
70d4fa595000-70d4fa599000 r--p 0015e000 08:30 1883                       /usr/lib/x86_64-linux-gnu/libsqlite3.so.0.8.6
70d4fa599000-70d4fa59d000 rw-p 00162000 08:30 1883                       /usr/lib/x86_64-linux-gnu/libsqlite3.so.0.8.6
70d4fa59d000-70d4fa69e000 rw-p 00000000 00:00 0 
70d4fa69e000-70d4fa69f000 r--p 00000000 08:30 12240                      /usr/lib/locale/C.utf8/LC_MESSAGES/SYS_LC_MESSAGES
70d4fa69f000-70d4fa6a0000 r--p 00000000 08:30 12244                      /usr/lib/locale/C.utf8/LC_PAPER
70d4fa6a0000-70d4fa6a4000 r--p 00000000 08:30 207867                     /home/thkim0/venv/v1/lib/python3.10/site-packages/numpy/random/_common.cpython-310-x86_64-linux-gnu.so
70d4fa6a4000-70d4fa6d6000 r-xp 00004000 08:30 207867                     /home/thkim0/venv/v1/lib/python3.10/site-packages/numpy/random/_common.cpython-310-x86_64-linux-gnu.so
70d4fa6d6000-70d4fa6da000 r--p 00036000 08:30 207867                     /home/thkim0/venv/v1/lib/python3.10/site-packages/numpy/random/_common.cpython-310-x86_64-linux-gnu.so
70d4fa6da000-70d4fa6db000 ---p 0003a000 08:30 207867                     /home/thkim0/venv/v1/lib/python3.10/site-packages/numpy/random/_common.cpython-310-x86_64-linux-gnu.so
70d4fa6db000-70d4fa6dc000 r--p 0003a000 08:30 207867                     /home/thkim0/venv/v1/lib/python3.10/site-packages/numpy/random/_common.cpython-310-x86_64-linux-gnu.so
70d4fa6dc000-70d4fa6dd000 rw-p 0003b000 08:30 207867                     /home/thkim0/venv/v1/lib/python3.10/site-packages/numpy/random/_common.cpython-310-x86_64-linux-gnu.so
70d4fa6dd000-70d4fa6de000 rw-p 00000000 00:00 0 
70d4fa6de000-70d4fa6e3000 r--p 00000000 08:30 207888                     /home/thkim0/venv/v1/lib/python3.10/site-packages/numpy/random/bit_generator.cpython-310-x86_64-linux-gnu.so
70d4fa6e3000-70d4fa706000 r-xp 00005000 08:30 207888                     /home/thkim0/venv/v1/lib/python3.10/site-packages/numpy/random/bit_generator.cpython-310-x86_64-linux-gnu.so
70d4fa706000-70d4fa710000 r--p 00028000 08:30 207888                     /home/thkim0/venv/v1/lib/python3.10/site-packages/numpy/random/bit_generator.cpython-310-x86_64-linux-gnu.so
70d4fa710000-70d4fa711000 r--p 00031000 08:30 207888                     /home/thkim0/venv/v1/lib/python3.10/site-packages/numpy/random/bit_generator.cpython-310-x86_64-linux-gnu.so
70d4fa711000-70d4fa713000 rw-p 00032000 08:30 207888                     /home/thkim0/venv/v1/lib/python3.10/site-packages/numpy/random/bit_generator.cpython-310-x86_64-linux-gnu.so
70d4fa713000-70d4fa714000 rw-p 00000000 00:00 0 
70d4fa714000-70d4fa719000 r--p 00000000 08:30 207877                     /home/thkim0/venv/v1/lib/python3.10/site-packages/numpy/random/mtrand.cpython-310-x86_64-linux-gnu.so
70d4fa719000-70d4fa772000 r-xp 00005000 08:30 207877                     /home/thkim0/venv/v1/lib/python3.10/site-packages/numpy/random/mtrand.cpython-310-x86_64-linux-gnu.so
70d4fa772000-70d4fa7c2000 r--p 0005e000 08:30 207877                     /home/thkim0/venv/v1/lib/python3.10/site-packages/numpy/random/mtrand.cpython-310-x86_64-linux-gnu.so
70d4fa7c2000-70d4fa7c3000 ---p 000ae000 08:30 207877                     /home/thkim0/venv/v1/lib/python3.10/site-packages/numpy/random/mtrand.cpython-310-x86_64-linux-gnu.so
70d4fa7c3000-70d4fa7c4000 r--p 000ae000 08:30 207877                     /home/thkim0/venv/v1/lib/python3.10/site-packages/numpy/random/mtrand.cpython-310-x86_64-linux-gnu.so
70d4fa7c4000-70d4fa7c5000 rw-p 000af000 08:30 207877                     /home/thkim0/venv/v1/lib/python3.10/site-packages/numpy/random/mtrand.cpython-310-x86_64-linux-gnu.so
70d4fa7c5000-70d4fa7c7000 rw-p 00000000 00:00 0 
70d4fa7c7000-70d4fa7c8000 r--p 00000000 08:30 207430                     /home/thkim0/venv/v1/lib/python3.10/site-packages/numpy/fft/_pocketfft_internal.cpython-310-x86_64-linux-gnu.so
70d4fa7c8000-70d4fa7db000 r-xp 00001000 08:30 207430                     /home/thkim0/venv/v1/lib/python3.10/site-packages/numpy/fft/_pocketfft_internal.cpython-310-x86_64-linux-gnu.so
70d4fa7db000-70d4fa7dd000 r--p 00014000 08:30 207430                     /home/thkim0/venv/v1/lib/python3.10/site-packages/numpy/fft/_pocketfft_internal.cpython-310-x86_64-linux-gnu.so
70d4fa7dd000-70d4fa7de000 r--p 00015000 08:30 207430                     /home/thkim0/venv/v1/lib/python3.10/site-packages/numpy/fft/_pocketfft_internal.cpython-310-x86_64-linux-gnu.so
70d4fa7de000-70d4fa7df000 rw-p 00016000 08:30 207430                     /home/thkim0/venv/v1/lib/python3.10/site-packages/numpy/fft/_pocketfft_internal.cpython-310-x86_64-linux-gnu.so
70d4fa7df000-70d4facdf000 rw-p 00000000 00:00 0 
70d4facdf000-70d4face2000 r--p 00000000 08:30 260383                     /usr/lib/x86_64-linux-gnu/liblzma.so.5.4.5
70d4face2000-70d4fad04000 r-xp 00003000 08:30 260383                     /usr/lib/x86_64-linux-gnu/liblzma.so.5.4.5
70d4fad04000-70d4fad0f000 r--p 00025000 08:30 260383                     /usr/lib/x86_64-linux-gnu/liblzma.so.5.4.5
70d4fad0f000-70d4fad10000 r--p 00030000 08:30 260383                     /usr/lib/x86_64-linux-gnu/liblzma.so.5.4.5
70d4fad10000-70d4fad11000 rw-p 00031000 08:30 260383                     /usr/lib/x86_64-linux-gnu/liblzma.so.5.4.5
70d4fad11000-70d4fad13000 r--p 00000000 08:30 12746                      /usr/lib/x86_64-linux-gnu/libbz2.so.1.0.4
70d4fad13000-70d4fad21000 r-xp 00002000 08:30 12746                      /usr/lib/x86_64-linux-gnu/libbz2.so.1.0.4
70d4fad21000-70d4fad23000 r--p 00010000 08:30 12746                      /usr/lib/x86_64-linux-gnu/libbz2.so.1.0.4
70d4fad23000-70d4fad24000 r--p 00011000 08:30 12746                      /usr/lib/x86_64-linux-gnu/libbz2.so.1.0.4
70d4fad24000-70d4fad25000 rw-p 00012000 08:30 12746                      /usr/lib/x86_64-linux-gnu/libbz2.so.1.0.4
70d4fad25000-70d4fad2b000 r--p 00000000 08:30 58207                      /usr/lib/python3.10/lib-dynload/_decimal.cpython-310-x86_64-linux-gnu.so
70d4fad2b000-70d4fad5c000 r-xp 00006000 08:30 58207                      /usr/lib/python3.10/lib-dynload/_decimal.cpython-310-x86_64-linux-gnu.so
70d4fad5c000-70d4fad6b000 r--p 00037000 08:30 58207                      /usr/lib/python3.10/lib-dynload/_decimal.cpython-310-x86_64-linux-gnu.so
70d4fad6b000-70d4fad6c000 r--p 00045000 08:30 58207                      /usr/lib/python3.10/lib-dynload/_decimal.cpython-310-x86_64-linux-gnu.so
70d4fad6c000-70d4fad6f000 rw-p 00046000 08:30 58207                      /usr/lib/python3.10/lib-dynload/_decimal.cpython-310-x86_64-linux-gnu.so
70d4fad6f000-70d4faf6f000 rw-p 00000000 00:00 0 
70d4faf6f000-70d4faf70000 r--p 00000000 08:30 12242                      /usr/lib/locale/C.utf8/LC_NAME
70d4faf70000-70d4faf71000 r--p 00000000 08:30 12235                      /usr/lib/locale/C.utf8/LC_ADDRESS
70d4faf71000-70d4faf72000 r--p 00000000 08:30 12245                      /usr/lib/locale/C.utf8/LC_TELEPHONE
70d4faf72000-70d4faf73000 r--p 00000000 08:30 12239                      /usr/lib/locale/C.utf8/LC_MEASUREMENT
70d4faf73000-70d4faf76000 r--p 00000000 08:30 207869                     /home/thkim0/venv/v1/lib/python3.10/site-packages/numpy/random/_sfc64.cpython-310-x86_64-linux-gnu.so
70d4faf76000-70d4faf7f000 r-xp 00003000 08:30 207869                     /home/thkim0/venv/v1/lib/python3.10/site-packages/numpy/random/_sfc64.cpython-310-x86_64-linux-gnu.so
70d4faf7f000-70d4faf82000 r--p 0000c000 08:30 207869                     /home/thkim0/venv/v1/lib/python3.10/site-packages/numpy/random/_sfc64.cpython-310-x86_64-linux-gnu.so
70d4faf82000-70d4faf83000 r--p 0000e000 08:30 207869                     /home/thkim0/venv/v1/lib/python3.10/site-packages/numpy/random/_sfc64.cpython-310-x86_64-linux-gnu.so
70d4faf83000-70d4faf84000 rw-p 0000f000 08:30 207869                     /home/thkim0/venv/v1/lib/python3.10/site-packages/numpy/random/_sfc64.cpython-310-x86_64-linux-gnu.so
70d4faf84000-70d4faf8b000 r--p 00000000 08:30 207950                     /home/thkim0/venv/v1/lib/python3.10/site-packages/numpy/core/_multiarray_tests.cpython-310-x86_64-linux-gnu.so
70d4faf8b000-70d4fafa2000 r-xp 00007000 08:30 207950                     /home/thkim0/venv/v1/lib/python3.10/site-packages/numpy/core/_multiarray_tests.cpython-310-x86_64-linux-gnu.so
70d4fafa2000-70d4fafa8000 r--p 0001e000 08:30 207950                     /home/thkim0/venv/v1/lib/python3.10/site-packages/numpy/core/_multiarray_tests.cpython-310-x86_64-linux-gnu.so
70d4fafa8000-70d4fafa9000 r--p 00023000 08:30 207950                     /home/thkim0/venv/v1/lib/python3.10/site-packages/numpy/core/_multiarray_tests.cpython-310-x86_64-linux-gnu.so
70d4fafa9000-70d4fafab000 rw-p 00024000 08:30 207950                     /home/thkim0/venv/v1/lib/python3.10/site-packages/numpy/core/_multiarray_tests.cpython-310-x86_64-linux-gnu.so
70d4fafab000-70d4fafad000 r--p 00000000 08:30 12829                      /usr/lib/x86_64-linux-gnu/libffi.so.8.1.4
70d4fafad000-70d4fafb4000 r-xp 00002000 08:30 12829                      /usr/lib/x86_64-linux-gnu/libffi.so.8.1.4
70d4fafb4000-70d4fafb5000 r--p 00009000 08:30 12829                      /usr/lib/x86_64-linux-gnu/libffi.so.8.1.4
70d4fafb5000-70d4fafb6000 r--p 0000a000 08:30 12829                      /usr/lib/x86_64-linux-gnu/libffi.so.8.1.4
70d4fafb6000-70d4fafb7000 rw-p 0000b000 08:30 12829                      /usr/lib/x86_64-linux-gnu/libffi.so.8.1.4
70d4fafb7000-70d4fafb8000 r--p 00000000 08:30 12238                      /usr/lib/locale/C.utf8/LC_IDENTIFICATION
70d4fafb8000-70d4fafb9000 r--p 00000000 08:30 218438                     /home/thkim0/venv/v1/lib/python3.10/site-packages/scipy/special/libsf_error_state.so
70d4fafb9000-70d4fafba000 r-xp 00001000 08:30 218438                     /home/thkim0/venv/v1/lib/python3.10/site-packages/scipy/special/libsf_error_state.so
70d4fafba000-70d4fafbb000 r--p 00002000 08:30 218438                     /home/thkim0/venv/v1/lib/python3.10/site-packages/scipy/special/libsf_error_state.so
70d4fafbb000-70d4fafbc000 r--p 00002000 08:30 218438                     /home/thkim0/venv/v1/lib/python3.10/site-packages/scipy/special/libsf_error_state.so
70d4fafbc000-70d4fafbd000 rw-p 00003000 08:30 218438                     /home/thkim0/venv/v1/lib/python3.10/site-packages/scipy/special/libsf_error_state.so
70d4fafbd000-70d4fafc3000 r--p 00000000 08:30 58202                      /usr/lib/python3.10/lib-dynload/_ctypes.cpython-310-x86_64-linux-gnu.so
70d4fafc3000-70d4fafd2000 r-xp 00006000 08:30 58202                      /usr/lib/python3.10/lib-dynload/_ctypes.cpython-310-x86_64-linux-gnu.so
70d4fafd2000-70d4fafd8000 r--p 00015000 08:30 58202                      /usr/lib/python3.10/lib-dynload/_ctypes.cpython-310-x86_64-linux-gnu.so
70d4fafd8000-70d4fafd9000 r--p 0001a000 08:30 58202                      /usr/lib/python3.10/lib-dynload/_ctypes.cpython-310-x86_64-linux-gnu.so
70d4fafd9000-70d4fafdd000 rw-p 0001b000 08:30 58202                      /usr/lib/python3.10/lib-dynload/_ctypes.cpython-310-x86_64-linux-gnu.so
70d4fafdd000-70d4fafdf000 r--p 00000000 08:30 206529                     /home/thkim0/venv/v1/lib/python3.10/site-packages/psutil/_psutil_linux.abi3.so
70d4fafdf000-70d4fafe2000 r-xp 00002000 08:30 206529                     /home/thkim0/venv/v1/lib/python3.10/site-packages/psutil/_psutil_linux.abi3.so
70d4fafe2000-70d4fafe3000 r--p 00005000 08:30 206529                     /home/thkim0/venv/v1/lib/python3.10/site-packages/psutil/_psutil_linux.abi3.so
70d4fafe3000-70d4fafe4000 r--p 00005000 08:30 206529                     /home/thkim0/venv/v1/lib/python3.10/site-packages/psutil/_psutil_linux.abi3.so
70d4fafe4000-70d4fafe5000 rw-p 00006000 08:30 206529                     /home/thkim0/venv/v1/lib/python3.10/site-packages/psutil/_psutil_linux.abi3.so
70d4fafe5000-70d4fafeb000 r--p 00000000 08:30 58215                      /usr/lib/python3.10/lib-dynload/_sqlite3.cpython-310-x86_64-linux-gnu.so
70d4fafeb000-70d4faff8000 r-xp 00006000 08:30 58215                      /usr/lib/python3.10/lib-dynload/_sqlite3.cpython-310-x86_64-linux-gnu.so
70d4faff8000-70d4faffd000 r--p 00013000 08:30 58215                      /usr/lib/python3.10/lib-dynload/_sqlite3.cpython-310-x86_64-linux-gnu.so
70d4faffd000-70d4faffe000 r--p 00017000 08:30 58215                      /usr/lib/python3.10/lib-dynload/_sqlite3.cpython-310-x86_64-linux-gnu.so
70d4faffe000-70d4fb000000 rw-p 00018000 08:30 58215                      /usr/lib/python3.10/lib-dynload/_sqlite3.cpython-310-x86_64-linux-gnu.so
70d4fb000000-70d4fb200000 rw-p 00000000 00:00 0 
70d4fb200000-70d4fb2b3000 r--p 00000000 08:30 37663                      /usr/lib/x86_64-linux-gnu/libcrypto.so.3
70d4fb2b3000-70d4fb5e7000 r-xp 000b3000 08:30 37663                      /usr/lib/x86_64-linux-gnu/libcrypto.so.3
70d4fb5e7000-70d4fb6b2000 r--p 003e7000 08:30 37663                      /usr/lib/x86_64-linux-gnu/libcrypto.so.3
70d4fb6b2000-70d4fb70e000 r--p 004b1000 08:30 37663                      /usr/lib/x86_64-linux-gnu/libcrypto.so.3
70d4fb70e000-70d4fb711000 rw-p 0050d000 08:30 37663                      /usr/lib/x86_64-linux-gnu/libcrypto.so.3
70d4fb711000-70d4fb714000 rw-p 00000000 00:00 0 
70d4fb714000-70d4fb716000 r--p 00000000 08:30 206522                     /home/thkim0/venv/v1/lib/python3.10/site-packages/psutil/_psutil_posix.abi3.so
70d4fb716000-70d4fb718000 r-xp 00002000 08:30 206522                     /home/thkim0/venv/v1/lib/python3.10/site-packages/psutil/_psutil_posix.abi3.so
70d4fb718000-70d4fb719000 r--p 00004000 08:30 206522                     /home/thkim0/venv/v1/lib/python3.10/site-packages/psutil/_psutil_posix.abi3.so
70d4fb719000-70d4fb71a000 r--p 00004000 08:30 206522                     /home/thkim0/venv/v1/lib/python3.10/site-packages/psutil/_psutil_posix.abi3.so
70d4fb71a000-70d4fb71b000 rw-p 00005000 08:30 206522                     /home/thkim0/venv/v1/lib/python3.10/site-packages/psutil/_psutil_posix.abi3.so
70d4fb71b000-70d4fb71d000 r--p 00000000 08:30 58209                      /usr/lib/python3.10/lib-dynload/_lsprof.cpython-310-x86_64-linux-gnu.so
70d4fb71d000-70d4fb71f000 r-xp 00002000 08:30 58209                      /usr/lib/python3.10/lib-dynload/_lsprof.cpython-310-x86_64-linux-gnu.so
70d4fb71f000-70d4fb720000 r--p 00004000 08:30 58209                      /usr/lib/python3.10/lib-dynload/_lsprof.cpython-310-x86_64-linux-gnu.so
70d4fb720000-70d4fb721000 r--p 00005000 08:30 58209                      /usr/lib/python3.10/lib-dynload/_lsprof.cpython-310-x86_64-linux-gnu.so
70d4fb721000-70d4fb722000 rw-p 00006000 08:30 58209                      /usr/lib/python3.10/lib-dynload/_lsprof.cpython-310-x86_64-linux-gnu.so
70d4fb722000-70d4fb730000 r--p 00000000 08:30 13077                      /usr/lib/x86_64-linux-gnu/libtinfo.so.6.4
70d4fb730000-70d4fb743000 r-xp 0000e000 08:30 13077                      /usr/lib/x86_64-linux-gnu/libtinfo.so.6.4
70d4fb743000-70d4fb751000 r--p 00021000 08:30 13077                      /usr/lib/x86_64-linux-gnu/libtinfo.so.6.4
70d4fb751000-70d4fb755000 r--p 0002e000 08:30 13077                      /usr/lib/x86_64-linux-gnu/libtinfo.so.6.4
70d4fb755000-70d4fb756000 rw-p 00032000 08:30 13077                      /usr/lib/x86_64-linux-gnu/libtinfo.so.6.4
70d4fb756000-70d4fb774000 r--p 00000000 08:30 37664                      /usr/lib/x86_64-linux-gnu/libssl.so.3
70d4fb774000-70d4fb7d6000 r-xp 0001e000 08:30 37664                      /usr/lib/x86_64-linux-gnu/libssl.so.3
70d4fb7d6000-70d4fb7f2000 r--p 00080000 08:30 37664                      /usr/lib/x86_64-linux-gnu/libssl.so.3
70d4fb7f2000-70d4fb7fc000 r--p 0009c000 08:30 37664                      /usr/lib/x86_64-linux-gnu/libssl.so.3
70d4fb7fc000-70d4fb800000 rw-p 000a6000 08:30 37664                      /usr/lib/x86_64-linux-gnu/libssl.so.3
70d4fb800000-70d4fba00000 rw-p 00000000 00:00 0 
70d4fba00000-70d4fba9d000 r--p 00000000 08:30 11813                      /usr/lib/x86_64-linux-gnu/libstdc++.so.6.0.33
70d4fba9d000-70d4fbbe5000 r-xp 0009d000 08:30 11813                      /usr/lib/x86_64-linux-gnu/libstdc++.so.6.0.33
70d4fbbe5000-70d4fbc6c000 r--p 001e5000 08:30 11813                      /usr/lib/x86_64-linux-gnu/libstdc++.so.6.0.33
70d4fbc6c000-70d4fbc77000 r--p 0026b000 08:30 11813                      /usr/lib/x86_64-linux-gnu/libstdc++.so.6.0.33
70d4fbc77000-70d4fbc7a000 rw-p 00276000 08:30 11813                      /usr/lib/x86_64-linux-gnu/libstdc++.so.6.0.33
70d4fbc7a000-70d4fbc7e000 rw-p 00000000 00:00 0 
70d4fbc7e000-70d4fbc7f000 ---p 00000000 00:00 0 
70d4fbc7f000-70d4fbc80000 r--p 00000000 00:00 0 
70d4fbc80000-70d4fbc82000 r--p 00000000 08:30 1992                       /usr/lib/x86_64-linux-gnu/libuuid.so.1.3.0
70d4fbc82000-70d4fbc87000 r-xp 00002000 08:30 1992                       /usr/lib/x86_64-linux-gnu/libuuid.so.1.3.0
70d4fbc87000-70d4fbc88000 r--p 00007000 08:30 1992                       /usr/lib/x86_64-linux-gnu/libuuid.so.1.3.0
70d4fbc88000-70d4fbc89000 r--p 00007000 08:30 1992                       /usr/lib/x86_64-linux-gnu/libuuid.so.1.3.0
70d4fbc89000-70d4fbc8a000 rw-p 00008000 08:30 1992                       /usr/lib/x86_64-linux-gnu/libuuid.so.1.3.0
70d4fbc8a000-70d4fbc93000 r--p 00000000 08:30 12963                      /usr/lib/x86_64-linux-gnu/libncursesw.so.6.4
70d4fbc93000-70d4fbcbd000 r-xp 00009000 08:30 12963                      /usr/lib/x86_64-linux-gnu/libncursesw.so.6.4
70d4fbcbd000-70d4fbcc4000 r--p 00033000 08:30 12963                      /usr/lib/x86_64-linux-gnu/libncursesw.so.6.4
70d4fbcc4000-70d4fbcc5000 r--p 00039000 08:30 12963                      /usr/lib/x86_64-linux-gnu/libncursesw.so.6.4
70d4fbcc5000-70d4fbcc6000 rw-p 0003a000 08:30 12963                      /usr/lib/x86_64-linux-gnu/libncursesw.so.6.4
70d4fbcc6000-70d4fbcca000 r--p 00000000 08:30 57987                      /usr/lib/python3.10/lib-dynload/_hashlib.cpython-310-x86_64-linux-gnu.so
70d4fbcca000-70d4fbcd0000 r-xp 00004000 08:30 57987                      /usr/lib/python3.10/lib-dynload/_hashlib.cpython-310-x86_64-linux-gnu.so
70d4fbcd0000-70d4fbcd4000 r--p 0000a000 08:30 57987                      /usr/lib/python3.10/lib-dynload/_hashlib.cpython-310-x86_64-linux-gnu.so
70d4fbcd4000-70d4fbcd5000 r--p 0000d000 08:30 57987                      /usr/lib/python3.10/lib-dynload/_hashlib.cpython-310-x86_64-linux-gnu.so
70d4fbcd5000-70d4fbcd7000 rw-p 0000e000 08:30 57987                      /usr/lib/python3.10/lib-dynload/_hashlib.cpython-310-x86_64-linux-gnu.so
70d4fbcd7000-70d4fbce9000 r--p 00000000 08:30 57989                      /usr/lib/python3.10/lib-dynload/_ssl.cpython-310-x86_64-linux-gnu.so
70d4fbce9000-70d4fbcf5000 r-xp 00012000 08:30 57989                      /usr/lib/python3.10/lib-dynload/_ssl.cpython-310-x86_64-linux-gnu.so
70d4fbcf5000-70d4fbd03000 r--p 0001e000 08:30 57989                      /usr/lib/python3.10/lib-dynload/_ssl.cpython-310-x86_64-linux-gnu.so
70d4fbd03000-70d4fbd04000 r--p 0002b000 08:30 57989                      /usr/lib/python3.10/lib-dynload/_ssl.cpython-310-x86_64-linux-gnu.so
70d4fbd04000-70d4fbd0d000 rw-p 0002c000 08:30 57989                      /usr/lib/python3.10/lib-dynload/_ssl.cpython-310-x86_64-linux-gnu.so
70d4fbd0d000-70d4fbd11000 r--p 00000000 08:30 11824                      /usr/lib/x86_64-linux-gnu/libgcc_s.so.1
70d4fbd11000-70d4fbd35000 r-xp 00004000 08:30 11824                      /usr/lib/x86_64-linux-gnu/libgcc_s.so.1
70d4fbd35000-70d4fbd39000 r--p 00028000 08:30 11824                      /usr/lib/x86_64-linux-gnu/libgcc_s.so.1
70d4fbd39000-70d4fbd3a000 r--p 0002b000 08:30 11824                      /usr/lib/x86_64-linux-gnu/libgcc_s.so.1
70d4fbd3a000-70d4fbd3b000 rw-p 0002c000 08:30 11824                      /usr/lib/x86_64-linux-gnu/libgcc_s.so.1
70d4fbd3b000-70d4fbd48000 r--p 00000000 08:30 273376                     /home/thkim0/venv/v1/lib/python3.10/site-packages/pyzmq.libs/libsodium-19479d6d.so.26.2.0
70d4fbd48000-70d4fbe3e000 r-xp 0000d000 08:30 273376                     /home/thkim0/venv/v1/lib/python3.10/site-packages/pyzmq.libs/libsodium-19479d6d.so.26.2.0
70d4fbe3e000-70d4fbe53000 r--p 00103000 08:30 273376                     /home/thkim0/venv/v1/lib/python3.10/site-packages/pyzmq.libs/libsodium-19479d6d.so.26.2.0
70d4fbe53000-70d4fbe54000 r--p 00118000 08:30 273376                     /home/thkim0/venv/v1/lib/python3.10/site-packages/pyzmq.libs/libsodium-19479d6d.so.26.2.0
70d4fbe54000-70d4fbe55000 rw-p 00119000 08:30 273376                     /home/thkim0/venv/v1/lib/python3.10/site-packages/pyzmq.libs/libsodium-19479d6d.so.26.2.0
70d4fbe55000-70d4fbe62000 rw-p 0011b000 08:30 273376                     /home/thkim0/venv/v1/lib/python3.10/site-packages/pyzmq.libs/libsodium-19479d6d.so.26.2.0
70d4fbe62000-70d4fbe7a000 r--p 00000000 08:30 273377                     /home/thkim0/venv/v1/lib/python3.10/site-packages/pyzmq.libs/libzmq-7b073b3d.so.5.2.5
70d4fbe7a000-70d4fbf04000 r-xp 00018000 08:30 273377                     /home/thkim0/venv/v1/lib/python3.10/site-packages/pyzmq.libs/libzmq-7b073b3d.so.5.2.5
70d4fbf04000-70d4fbf39000 r--p 000a2000 08:30 273377                     /home/thkim0/venv/v1/lib/python3.10/site-packages/pyzmq.libs/libzmq-7b073b3d.so.5.2.5
70d4fbf39000-70d4fbf40000 r--p 000d7000 08:30 273377                     /home/thkim0/venv/v1/lib/python3.10/site-packages/pyzmq.libs/libzmq-7b073b3d.so.5.2.5
70d4fbf40000-70d4fbf41000 rw-p 000de000 08:30 273377                     /home/thkim0/venv/v1/lib/python3.10/site-packages/pyzmq.libs/libzmq-7b073b3d.so.5.2.5
70d4fbf41000-70d4fbf4a000 rw-p 000e0000 08:30 273377                     /home/thkim0/venv/v1/lib/python3.10/site-packages/pyzmq.libs/libzmq-7b073b3d.so.5.2.5
70d4fbf4a000-70d4fbf52000 r--p 00000000 08:30 273417                     /home/thkim0/venv/v1/lib/python3.10/site-packages/zmq/backend/cython/_zmq.cpython-310-x86_64-linux-gnu.so
70d4fbf52000-70d4fbf7e000 r-xp 00008000 08:30 273417                     /home/thkim0/venv/v1/lib/python3.10/site-packages/zmq/backend/cython/_zmq.cpython-310-x86_64-linux-gnu.so
70d4fbf7e000-70d4fbf88000 r--p 00034000 08:30 273417                     /home/thkim0/venv/v1/lib/python3.10/site-packages/zmq/backend/cython/_zmq.cpython-310-x86_64-linux-gnu.so
70d4fbf88000-70d4fbf8a000 r--p 0003e000 08:30 273417                     /home/thkim0/venv/v1/lib/python3.10/site-packages/zmq/backend/cython/_zmq.cpython-310-x86_64-linux-gnu.so
70d4fbf8a000-70d4fbf8c000 rw-p 00040000 08:30 273417                     /home/thkim0/venv/v1/lib/python3.10/site-packages/zmq/backend/cython/_zmq.cpython-310-x86_64-linux-gnu.so
70d4fbf8c000-70d4fbf8d000 rw-p 00000000 00:00 0 
70d4fbf8d000-70d4fbf92000 rw-p 00043000 08:30 273417                     /home/thkim0/venv/v1/lib/python3.10/site-packages/zmq/backend/cython/_zmq.cpython-310-x86_64-linux-gnu.so
70d4fbf92000-70d4fbf94000 r--p 00000000 08:30 58230                      /usr/lib/python3.10/lib-dynload/resource.cpython-310-x86_64-linux-gnu.so
70d4fbf94000-70d4fbf95000 r-xp 00002000 08:30 58230                      /usr/lib/python3.10/lib-dynload/resource.cpython-310-x86_64-linux-gnu.so
70d4fbf95000-70d4fbf96000 r--p 00003000 08:30 58230                      /usr/lib/python3.10/lib-dynload/resource.cpython-310-x86_64-linux-gnu.so
70d4fbf96000-70d4fbf97000 r--p 00003000 08:30 58230                      /usr/lib/python3.10/lib-dynload/resource.cpython-310-x86_64-linux-gnu.so
70d4fbf97000-70d4fbf98000 rw-p 00004000 08:30 58230                      /usr/lib/python3.10/lib-dynload/resource.cpython-310-x86_64-linux-gnu.so
70d4fbf98000-70d4fbf99000 r--p 00000000 08:30 58222                      /usr/lib/python3.10/lib-dynload/_uuid.cpython-310-x86_64-linux-gnu.so
70d4fbf99000-70d4fbf9a000 r-xp 00001000 08:30 58222                      /usr/lib/python3.10/lib-dynload/_uuid.cpython-310-x86_64-linux-gnu.so
70d4fbf9a000-70d4fbf9b000 r--p 00002000 08:30 58222                      /usr/lib/python3.10/lib-dynload/_uuid.cpython-310-x86_64-linux-gnu.so
70d4fbf9b000-70d4fbf9c000 r--p 00002000 08:30 58222                      /usr/lib/python3.10/lib-dynload/_uuid.cpython-310-x86_64-linux-gnu.so
70d4fbf9c000-70d4fbf9d000 rw-p 00003000 08:30 58222                      /usr/lib/python3.10/lib-dynload/_uuid.cpython-310-x86_64-linux-gnu.so
70d4fbf9d000-70d4fbfa0000 r--p 00000000 08:30 58210                      /usr/lib/python3.10/lib-dynload/_lzma.cpython-310-x86_64-linux-gnu.so
70d4fbfa0000-70d4fbfa4000 r-xp 00003000 08:30 58210                      /usr/lib/python3.10/lib-dynload/_lzma.cpython-310-x86_64-linux-gnu.so
70d4fbfa4000-70d4fbfa7000 r--p 00007000 08:30 58210                      /usr/lib/python3.10/lib-dynload/_lzma.cpython-310-x86_64-linux-gnu.so
70d4fbfa7000-70d4fbfa8000 r--p 00009000 08:30 58210                      /usr/lib/python3.10/lib-dynload/_lzma.cpython-310-x86_64-linux-gnu.so
70d4fbfa8000-70d4fbfa9000 rw-p 0000a000 08:30 58210                      /usr/lib/python3.10/lib-dynload/_lzma.cpython-310-x86_64-linux-gnu.so
70d4fbfa9000-70d4fbfab000 r--p 00000000 08:30 58193                      /usr/lib/python3.10/lib-dynload/_bz2.cpython-310-x86_64-linux-gnu.so
70d4fbfab000-70d4fbfae000 r-xp 00002000 08:30 58193                      /usr/lib/python3.10/lib-dynload/_bz2.cpython-310-x86_64-linux-gnu.so
70d4fbfae000-70d4fbfb0000 r--p 00005000 08:30 58193                      /usr/lib/python3.10/lib-dynload/_bz2.cpython-310-x86_64-linux-gnu.so
70d4fbfb0000-70d4fbfb1000 r--p 00006000 08:30 58193                      /usr/lib/python3.10/lib-dynload/_bz2.cpython-310-x86_64-linux-gnu.so
70d4fbfb1000-70d4fbfb2000 rw-p 00007000 08:30 58193                      /usr/lib/python3.10/lib-dynload/_bz2.cpython-310-x86_64-linux-gnu.so
70d4fbfb2000-70d4fbfb5000 r--p 00000000 08:30 58231                      /usr/lib/python3.10/lib-dynload/termios.cpython-310-x86_64-linux-gnu.so
70d4fbfb5000-70d4fbfb6000 r-xp 00003000 08:30 58231                      /usr/lib/python3.10/lib-dynload/termios.cpython-310-x86_64-linux-gnu.so
70d4fbfb6000-70d4fbfb8000 r--p 00004000 08:30 58231                      /usr/lib/python3.10/lib-dynload/termios.cpython-310-x86_64-linux-gnu.so
70d4fbfb8000-70d4fbfb9000 r--p 00005000 08:30 58231                      /usr/lib/python3.10/lib-dynload/termios.cpython-310-x86_64-linux-gnu.so
70d4fbfb9000-70d4fbfbb000 rw-p 00006000 08:30 58231                      /usr/lib/python3.10/lib-dynload/termios.cpython-310-x86_64-linux-gnu.so
70d4fbfbb000-70d4fbfc2000 r--p 00000000 08:30 58204                      /usr/lib/python3.10/lib-dynload/_curses.cpython-310-x86_64-linux-gnu.so
70d4fbfc2000-70d4fbfcd000 r-xp 00007000 08:30 58204                      /usr/lib/python3.10/lib-dynload/_curses.cpython-310-x86_64-linux-gnu.so
70d4fbfcd000-70d4fbfd8000 r--p 00012000 08:30 58204                      /usr/lib/python3.10/lib-dynload/_curses.cpython-310-x86_64-linux-gnu.so
70d4fbfd8000-70d4fbfd9000 r--p 0001c000 08:30 58204                      /usr/lib/python3.10/lib-dynload/_curses.cpython-310-x86_64-linux-gnu.so
70d4fbfd9000-70d4fbfdb000 rw-p 0001d000 08:30 58204                      /usr/lib/python3.10/lib-dynload/_curses.cpython-310-x86_64-linux-gnu.so
70d4fbfdb000-70d4fc1db000 rw-p 00000000 00:00 0 
70d4fc1db000-70d4fc1dc000 r--p 00000000 08:30 200628                     /home/thkim0/venv/v1/lib/python3.10/site-packages/tornado/speedups.abi3.so
70d4fc1dc000-70d4fc1dd000 r-xp 00001000 08:30 200628                     /home/thkim0/venv/v1/lib/python3.10/site-packages/tornado/speedups.abi3.so
70d4fc1dd000-70d4fc1de000 r--p 00002000 08:30 200628                     /home/thkim0/venv/v1/lib/python3.10/site-packages/tornado/speedups.abi3.so
70d4fc1de000-70d4fc1df000 r--p 00002000 08:30 200628                     /home/thkim0/venv/v1/lib/python3.10/site-packages/tornado/speedups.abi3.so
70d4fc1df000-70d4fc1e0000 rw-p 00003000 08:30 200628                     /home/thkim0/venv/v1/lib/python3.10/site-packages/tornado/speedups.abi3.so
70d4fc1e0000-70d4fc1e2000 r--p 00000000 08:30 58214                      /usr/lib/python3.10/lib-dynload/_queue.cpython-310-x86_64-linux-gnu.so
70d4fc1e2000-70d4fc1e3000 r-xp 00002000 08:30 58214                      /usr/lib/python3.10/lib-dynload/_queue.cpython-310-x86_64-linux-gnu.so
70d4fc1e3000-70d4fc1e4000 r--p 00003000 08:30 58214                      /usr/lib/python3.10/lib-dynload/_queue.cpython-310-x86_64-linux-gnu.so
70d4fc1e4000-70d4fc1e5000 r--p 00003000 08:30 58214                      /usr/lib/python3.10/lib-dynload/_queue.cpython-310-x86_64-linux-gnu.so
70d4fc1e5000-70d4fc1e6000 rw-p 00004000 08:30 58214                      /usr/lib/python3.10/lib-dynload/_queue.cpython-310-x86_64-linux-gnu.so
70d4fc1e6000-70d4fc1ea000 r--p 00000000 08:30 58192                      /usr/lib/python3.10/lib-dynload/_asyncio.cpython-310-x86_64-linux-gnu.so
70d4fc1ea000-70d4fc1ef000 r-xp 00004000 08:30 58192                      /usr/lib/python3.10/lib-dynload/_asyncio.cpython-310-x86_64-linux-gnu.so
70d4fc1ef000-70d4fc1f3000 r--p 00009000 08:30 58192                      /usr/lib/python3.10/lib-dynload/_asyncio.cpython-310-x86_64-linux-gnu.so
70d4fc1f3000-70d4fc1f4000 r--p 0000c000 08:30 58192                      /usr/lib/python3.10/lib-dynload/_asyncio.cpython-310-x86_64-linux-gnu.so
70d4fc1f4000-70d4fc1f6000 rw-p 0000d000 08:30 58192                      /usr/lib/python3.10/lib-dynload/_asyncio.cpython-310-x86_64-linux-gnu.so
70d4fc1f6000-70d4fc1f7000 r--p 00000000 08:30 58200                      /usr/lib/python3.10/lib-dynload/_contextvars.cpython-310-x86_64-linux-gnu.so
70d4fc1f7000-70d4fc1f8000 r-xp 00001000 08:30 58200                      /usr/lib/python3.10/lib-dynload/_contextvars.cpython-310-x86_64-linux-gnu.so
70d4fc1f8000-70d4fc1f9000 r--p 00002000 08:30 58200                      /usr/lib/python3.10/lib-dynload/_contextvars.cpython-310-x86_64-linux-gnu.so
70d4fc1f9000-70d4fc1fa000 r--p 00002000 08:30 58200                      /usr/lib/python3.10/lib-dynload/_contextvars.cpython-310-x86_64-linux-gnu.so
70d4fc1fa000-70d4fc1fb000 rw-p 00003000 08:30 58200                      /usr/lib/python3.10/lib-dynload/_contextvars.cpython-310-x86_64-linux-gnu.so
70d4fc1fb000-70d4fc1fc000 r--p 00000000 08:30 45165                      /usr/lib/x86_64-linux-gnu/librt.so.1
70d4fc1fc000-70d4fc1fd000 r-xp 00001000 08:30 45165                      /usr/lib/x86_64-linux-gnu/librt.so.1
70d4fc1fd000-70d4fc1fe000 r--p 00002000 08:30 45165                      /usr/lib/x86_64-linux-gnu/librt.so.1
70d4fc1fe000-70d4fc1ff000 r--p 00002000 08:30 45165                      /usr/lib/x86_64-linux-gnu/librt.so.1
70d4fc1ff000-70d4fc200000 rw-p 00003000 08:30 45165                      /usr/lib/x86_64-linux-gnu/librt.so.1
70d4fc200000-70d4fc400000 rw-p 00000000 00:00 0 
70d4fc400000-70d4fc428000 r--p 00000000 08:30 45137                      /usr/lib/x86_64-linux-gnu/libc.so.6
70d4fc428000-70d4fc5b0000 r-xp 00028000 08:30 45137                      /usr/lib/x86_64-linux-gnu/libc.so.6
70d4fc5b0000-70d4fc5ff000 r--p 001b0000 08:30 45137                      /usr/lib/x86_64-linux-gnu/libc.so.6
70d4fc5ff000-70d4fc603000 r--p 001fe000 08:30 45137                      /usr/lib/x86_64-linux-gnu/libc.so.6
70d4fc603000-70d4fc605000 rw-p 00202000 08:30 45137                      /usr/lib/x86_64-linux-gnu/libc.so.6
70d4fc605000-70d4fc612000 rw-p 00000000 00:00 0 
70d4fc612000-70d4fc613000 r--p 00000000 08:30 45161                      /usr/lib/x86_64-linux-gnu/libpthread.so.0
70d4fc613000-70d4fc614000 r-xp 00001000 08:30 45161                      /usr/lib/x86_64-linux-gnu/libpthread.so.0
70d4fc614000-70d4fc615000 r--p 00002000 08:30 45161                      /usr/lib/x86_64-linux-gnu/libpthread.so.0
70d4fc615000-70d4fc616000 r--p 00002000 08:30 45161                      /usr/lib/x86_64-linux-gnu/libpthread.so.0
70d4fc616000-70d4fc617000 rw-p 00003000 08:30 45161                      /usr/lib/x86_64-linux-gnu/libpthread.so.0
70d4fc617000-70d4fc619000 r--p 00000000 08:30 58208                      /usr/lib/python3.10/lib-dynload/_json.cpython-310-x86_64-linux-gnu.so
70d4fc619000-70d4fc61f000 r-xp 00002000 08:30 58208                      /usr/lib/python3.10/lib-dynload/_json.cpython-310-x86_64-linux-gnu.so
70d4fc61f000-70d4fc621000 r--p 00008000 08:30 58208                      /usr/lib/python3.10/lib-dynload/_json.cpython-310-x86_64-linux-gnu.so
70d4fc621000-70d4fc622000 r--p 00009000 08:30 58208                      /usr/lib/python3.10/lib-dynload/_json.cpython-310-x86_64-linux-gnu.so
70d4fc622000-70d4fc623000 rw-p 0000a000 08:30 58208                      /usr/lib/python3.10/lib-dynload/_json.cpython-310-x86_64-linux-gnu.so
70d4fc623000-70d4fc62a000 r--s 00000000 08:30 45115                      /usr/lib/x86_64-linux-gnu/gconv/gconv-modules.cache
70d4fc62a000-70d4fc683000 r--p 00000000 08:30 12237                      /usr/lib/locale/C.utf8/LC_CTYPE
70d4fc683000-70d4fc685000 rw-p 00000000 00:00 0 
70d4fc685000-70d4fc687000 r--p 00000000 08:30 13151                      /usr/lib/x86_64-linux-gnu/libz.so.1.3
70d4fc687000-70d4fc699000 r-xp 00002000 08:30 13151                      /usr/lib/x86_64-linux-gnu/libz.so.1.3
70d4fc699000-70d4fc69f000 r--p 00014000 08:30 13151                      /usr/lib/x86_64-linux-gnu/libz.so.1.3
70d4fc69f000-70d4fc6a0000 r--p 0001a000 08:30 13151                      /usr/lib/x86_64-linux-gnu/libz.so.1.3
70d4fc6a0000-70d4fc6a1000 rw-p 0001b000 08:30 13151                      /usr/lib/x86_64-linux-gnu/libz.so.1.3
70d4fc6a1000-70d4fc6a5000 r--p 00000000 08:30 19029                      /usr/lib/x86_64-linux-gnu/libexpat.so.1.9.1
70d4fc6a5000-70d4fc6c2000 r-xp 00004000 08:30 19029                      /usr/lib/x86_64-linux-gnu/libexpat.so.1.9.1
70d4fc6c2000-70d4fc6ca000 r--p 00021000 08:30 19029                      /usr/lib/x86_64-linux-gnu/libexpat.so.1.9.1
70d4fc6ca000-70d4fc6cc000 r--p 00028000 08:30 19029                      /usr/lib/x86_64-linux-gnu/libexpat.so.1.9.1
70d4fc6cc000-70d4fc6cd000 rw-p 0002a000 08:30 19029                      /usr/lib/x86_64-linux-gnu/libexpat.so.1.9.1
70d4fc6cd000-70d4fc6dd000 r--p 00000000 08:30 45143                      /usr/lib/x86_64-linux-gnu/libm.so.6
70d4fc6dd000-70d4fc75c000 r-xp 00010000 08:30 45143                      /usr/lib/x86_64-linux-gnu/libm.so.6
70d4fc75c000-70d4fc7b4000 r--p 0008f000 08:30 45143                      /usr/lib/x86_64-linux-gnu/libm.so.6
70d4fc7b4000-70d4fc7b5000 r--p 000e7000 08:30 45143                      /usr/lib/x86_64-linux-gnu/libm.so.6
70d4fc7b5000-70d4fc7b6000 rw-p 000e8000 08:30 45143                      /usr/lib/x86_64-linux-gnu/libm.so.6
70d4fc7b6000-70d4fc7b7000 ---p 00000000 00:00 0 
70d4fc7b7000-70d4fc7b8000 r--p 00000000 08:30 57988                      /usr/lib/python3.10/lib-dynload/_opcode.cpython-310-x86_64-linux-gnu.so
70d4fc7b8000-70d4fc7b9000 r-xp 00001000 08:30 57988                      /usr/lib/python3.10/lib-dynload/_opcode.cpython-310-x86_64-linux-gnu.so
70d4fc7b9000-70d4fc7ba000 r--p 00002000 08:30 57988                      /usr/lib/python3.10/lib-dynload/_opcode.cpython-310-x86_64-linux-gnu.so
70d4fc7ba000-70d4fc7bb000 r--p 00002000 08:30 57988                      /usr/lib/python3.10/lib-dynload/_opcode.cpython-310-x86_64-linux-gnu.so
70d4fc7bb000-70d4fc7bc000 rw-p 00003000 08:30 57988                      /usr/lib/python3.10/lib-dynload/_opcode.cpython-310-x86_64-linux-gnu.so
70d4fc7bc000-70d4fc7be000 rw-p 00000000 00:00 0 
70d4fc7be000-70d4fc7bf000 r--p 00000000 08:30 45131                      /usr/lib/x86_64-linux-gnu/ld-linux-x86-64.so.2
70d4fc7bf000-70d4fc7ea000 r-xp 00001000 08:30 45131                      /usr/lib/x86_64-linux-gnu/ld-linux-x86-64.so.2
70d4fc7ea000-70d4fc7f4000 r--p 0002c000 08:30 45131                      /usr/lib/x86_64-linux-gnu/ld-linux-x86-64.so.2
70d4fc7f4000-70d4fc7f6000 r--p 00036000 08:30 45131                      /usr/lib/x86_64-linux-gnu/ld-linux-x86-64.so.2
70d4fc7f6000-70d4fc7f8000 rw-p 00038000 08:30 45131                      /usr/lib/x86_64-linux-gnu/ld-linux-x86-64.so.2
7ffe86684000-7ffe86688000 ---p 00000000 00:00 0 
7ffe86688000-7ffe86784000 rw-p 00000000 00:00 0                          [stack]
7ffe867ae000-7ffe867b2000 r--p 00000000 00:00 0                          [vvar]
7ffe867b2000-7ffe867b4000 r-xp 00000000 00:00 0                          [vdso]


VM Arguments:
jvm_args: -Dfile.encoding=UTF8 -ea -Xmx1024m 
java_command: <unknown>
java_class_path (initial): /home/thkim0/venv/v1/lib/python3.10/site-packages/konlpy/java:/home/thkim0/venv/v1/lib/python3.10/site-packages/konlpy/java/bin:/home/thkim0/venv/v1/lib/python3.10/site-packages/konlpy/java/twitter-text-1.14.7.jar:/home/thkim0/venv/v1/lib/python3.10/site-packages/konlpy/java/aho-corasick.jar:/home/thkim0/venv/v1/lib/python3.10/site-packages/konlpy/java/open-korean-text-2.1.0.jar:/home/thkim0/venv/v1/lib/python3.10/site-packages/konlpy/java/shineware-common-1.0.jar:/home/thkim0/venv/v1/lib/python3.10/site-packages/konlpy/java/jhannanum-0.8.4.jar:/home/thkim0/venv/v1/lib/python3.10/site-packages/konlpy/java/kkma-2.0.jar:/home/thkim0/venv/v1/lib/python3.10/site-packages/konlpy/java/snakeyaml-1.12.jar:/home/thkim0/venv/v1/lib/python3.10/site-packages/konlpy/java/komoran-3.0.jar:/home/thkim0/venv/v1/lib/python3.10/site-packages/konlpy/java/scala-library-2.12.3.jar:/home/thkim0/venv/v1/lib/python3.10/site-packages/konlpy/java/shineware-ds-1.0.jar:/home/thkim0/venv/v1/lib/python3.10/site-packages/konlpy/java/jhannanum-0.8.4.jar:/home/thkim0/venv/v1/lib/python3.10/site-packages/konlpy/java/kkma-2.0.jar:/home/thkim0/venv/v1/lib/python3.10/site-packages/konlpy/java/aho-corasick.jar:/home/thkim0/venv/v1/lib/python3.10/site-packages/konlpy/java/shineware-common-1.0.jar:/home/thkim0/venv/v1/lib/python3.10/site-packages/konlpy/java/shineware-ds-1.0.jar:/home/thkim0/venv/v1/lib/python3.10/site-packages/konlpy/java/komoran-3.0.jar:/home/thkim0/venv/v1/lib/python3.10/site-packages/konlpy/java/snakeyaml-1.12.jar:/home/thkim0/venv/v1/lib/python3.10/site-packages/konlpy/java/scala-library-2.12.3.jar:/home/thkim0/venv/v1/lib/python3.10/site-packages/konlpy/java/open-korean-text-2.1.0.jar:/home/thkim0/venv/v1/lib/python3.10/site-packages/konlpy/java/twitter-text-1.14.7.jar:/home/thkim0/venv/v1/lib/python3.10/site-packages/konlpy/java/twitter-text-1.14.7.jar:/home/thkim0/venv/v1/lib/python3.10/site-packages/konlpy/java/aho-corasick.jar:/home/thkim0/venv/v1/lib
Launcher Type: generic

[Global flags]
     intx CICompilerCount                          = 4                                         {product} {ergonomic}
     uint ConcGCThreads                            = 3                                         {product} {ergonomic}
     uint G1ConcRefinementThreads                  = 11                                        {product} {ergonomic}
   size_t G1HeapRegionSize                         = 1048576                                   {product} {ergonomic}
    uintx GCDrainStackTargetSize                   = 64                                        {product} {ergonomic}
   size_t InitialHeapSize                          = 394264576                                 {product} {ergonomic}
   size_t MarkStackSize                            = 4194304                                   {product} {ergonomic}
   size_t MaxHeapSize                              = 1073741824                                {product} {command line}
   size_t MaxNewSize                               = 643825664                                 {product} {ergonomic}
   size_t MinHeapDeltaBytes                        = 1048576                                   {product} {ergonomic}
   size_t MinHeapSize                              = 8388608                                   {product} {ergonomic}
    uintx NonNMethodCodeHeapSize                   = 5839372                                {pd product} {ergonomic}
    uintx NonProfiledCodeHeapSize                  = 122909434                              {pd product} {ergonomic}
    uintx ProfiledCodeHeapSize                     = 122909434                              {pd product} {ergonomic}
    uintx ReservedCodeCacheSize                    = 251658240                              {pd product} {ergonomic}
     bool SegmentedCodeCache                       = true                                      {product} {ergonomic}
   size_t SoftMaxHeapSize                          = 1073741824                             {manageable} {ergonomic}
     bool UseCompressedClassPointers               = true                           {product lp64_product} {ergonomic}
     bool UseCompressedOops                        = true                           {product lp64_product} {ergonomic}
     bool UseG1GC                                  = true                                      {product} {ergonomic}

Logging:
Log output configuration:
 #0: stdout all=warning uptime,level,tags
 #1: stderr all=off uptime,level,tags

Environment Variables:
PATH=/home/thkim0/venv/v1/bin:/home/thkim0/.vscode-server/bin/1b50d58d73426c9171299ec4037d01365d995b78/bin/remote-cli:/home/thkim0/.local/bin:/usr/local/sbin:/usr/local/bin:/usr/sbin:/usr/bin:/sbin:/bin:/usr/games:/usr/local/games:/usr/lib/wsl/lib:/mnt/c/Program Files/WindowsApps/MicrosoftCorporationII.WindowsSubsystemForLinux_2.7.3.0_x64__8wekyb3d8bbwe:/mnt/c/Program Files/Python310/Scripts/:/mnt/c/Program Files/Python310/:/mnt/c/Program Files/Common Files/Oracle/Java/javapath:/mnt/c/WINDOWS/system32:/mnt/c/WINDOWS:/mnt/c/WINDOWS/System32/Wbem:/mnt/c/WINDOWS/System32/WindowsPowerShell/v1.0/:/mnt/c/WINDOWS/System32/OpenSSH/:/mnt/c/Program Files/dotnet/:/mnt/c/Program Files (x86)/NVIDIA Corporation/PhysX/Common:/mnt/c/Program Files/Microsoft SQL Server/150/Tools/Binn/:/mnt/c/Program Files/Microsoft SQL Server/Client SDK/ODBC/170/Tools/Binn/:/mnt/c/Program Files (x86)/Windows Kits/10/Windows Performance Toolkit/:/mnt/c/Program Files/Bandizip/:/mnt/c/Program Files/NVIDIA Corporation/NVIDIA NvDLISR:/mnt/c/Program Files/Meld/:/mnt/c/Program Files/Java/jdk-24/bin:/mnt/c/Users/THKim/AppData/Local/Muse Hub/lib:/mnt/c/Program Files/NVIDIA Corporation/NVIDIA App/NvDLISR:/mnt/c/Users/THKim/AppData/Local/Microsoft/WindowsApps:/mnt/c/Users/THKim/AppData/Local/Programs/Microsoft VS Code/bin:/mnt/c/Users/THKim/.dotnet/tools:/mnt/c/Program Files/Java/jdk-24/bin:/mnt/c/Program Files/ffmpeg/bin:/mnt/c/ffmpeg-7.1.2e/bin:/mnt/c/Users/THKim/.deno/bin:/snap/bin
SHELL=/bin/bash
DISPLAY=:0
HOSTTYPE=x86_64
LANG=C.UTF-8
TERM=xterm-color

Active Locale:
LC_ALL=LC_CTYPE=C.UTF-8;LC_NUMERIC=C;LC_TIME=C;LC_COLLATE=C;LC_MONETARY=C;LC_MESSAGES=C;LC_PAPER=C.UTF-8;LC_NAME=C.UTF-8;LC_ADDRESS=C.UTF-8;LC_TELEPHONE=C.UTF-8;LC_MEASUREMENT=C.UTF-8;LC_IDENTIFICATION=C.UTF-8
LC_COLLATE=C
LC_CTYPE=C.UTF-8
LC_MESSAGES=C
LC_MONETARY=C
LC_NUMERIC=C
LC_TIME=C

Signal Handlers:
   SIGSEGV: crash_handler in libjvm.so, mask=11100100010111111101111111111110, flags=SA_RESTART|SA_SIGINFO, unblocked
    SIGBUS: crash_handler in libjvm.so, mask=11100100010111111101111111111110, flags=SA_RESTART|SA_SIGINFO, unblocked
    SIGFPE: crash_handler in libjvm.so, mask=11100100010111111101111111111110, flags=SA_RESTART|SA_SIGINFO, unblocked
   SIGPIPE: javaSignalHandler in libjvm.so, mask=11100100010111111101111111111110, flags=SA_RESTART|SA_SIGINFO, blocked
   SIGXFSZ: javaSignalHandler in libjvm.so, mask=11100100010111111101111111111110, flags=SA_RESTART|SA_SIGINFO, blocked
    SIGILL: crash_handler in libjvm.so, mask=11100100010111111101111111111110, flags=SA_RESTART|SA_SIGINFO, unblocked
   SIGUSR2: SR_handler in libjvm.so, mask=00000000000000000000000000000000, flags=SA_RESTART|SA_SIGINFO, blocked
    SIGHUP: UserHandler in libjvm.so, mask=11100100010111111101111111111110, flags=SA_RESTART|SA_SIGINFO, blocked
    SIGINT: SIG_IGN, mask=00000000000000000000000000000000, flags=SA_ONSTACK, blocked
   SIGTERM: UserHandler in libjvm.so, mask=11100100010111111101111111111110, flags=SA_RESTART|SA_SIGINFO, blocked
   SIGQUIT: UserHandler in libjvm.so, mask=11100100010111111101111111111110, flags=SA_RESTART|SA_SIGINFO, blocked
   SIGTRAP: crash_handler in libjvm.so, mask=11100100010111111101111111111110, flags=SA_RESTART|SA_SIGINFO, unblocked


Periodic native trim disabled


---------------  S Y S T E M  ---------------

OS:
DISTRIB_ID=Ubuntu
DISTRIB_RELEASE=24.04
DISTRIB_CODENAME=noble
DISTRIB_DESCRIPTION="Ubuntu 24.04.3 LTS"
uname: Linux 6.6.114.1-microsoft-standard-WSL2 #1 SMP PREEMPT_DYNAMIC Mon Dec  1 20:46:23 UTC 2025 x86_64
OS uptime: 0 days 4:56 hours
libc: glibc 2.39 NPTL 2.39 
rlimit (soft/hard): STACK 8192k/infinity , CORE 0k/infinity , NPROC 95708/95708 , NOFILE 1048576/1048576 , AS infinity/infinity , CPU infinity/infinity , DATA infinity/infinity , FSIZE infinity/infinity , MEMLOCK 65536k/65536k
load average: 0.95 0.97 1.08

/proc/meminfo:
MemTotal:       24511312 kB
MemFree:        13583604 kB
MemAvailable:   19104888 kB
Buffers:          421136 kB
Cached:          4883152 kB
SwapCached:            0 kB
Active:          1207244 kB
Inactive:        8744696 kB
Active(anon):       3048 kB
Inactive(anon):  4648416 kB
Active(file):    1204196 kB
Inactive(file):  4096280 kB
Unevictable:           0 kB
Mlocked:               0 kB
SwapTotal:       6291456 kB
SwapFree:        6291456 kB
Dirty:              1124 kB
Writeback:           288 kB
AnonPages:       4648064 kB
Mapped:           397652 kB
Shmem:              3592 kB
KReclaimable:     534328 kB
Slab:             644116 kB
SReclaimable:     534328 kB
SUnreclaim:       109788 kB
KernelStack:       10216 kB
PageTables:        49604 kB
SecPageTables:         0 kB
NFS_Unstable:          0 kB
Bounce:                0 kB
WritebackTmp:          0 kB
CommitLimit:    18547112 kB
Committed_AS:   10471716 kB
VmallocTotal:   34359738367 kB
VmallocUsed:       36448 kB
VmallocChunk:          0 kB
Percpu:             7488 kB
HardwareCorrupted:     0 kB
AnonHugePages:     24576 kB
ShmemHugePages:        0 kB
ShmemPmdMapped:        0 kB
FileHugePages:         0 kB
FilePmdMapped:         0 kB
Unaccepted:            0 kB
HugePages_Total:       0
HugePages_Free:        0
HugePages_Rsvd:        0
HugePages_Surp:        0
Hugepagesize:       2048 kB
Hugetlb:               0 kB
DirectMap4k:       87040 kB
DirectMap2M:    10299392 kB
DirectMap1G:    24117248 kB

/sys/kernel/mm/transparent_hugepage/enabled: always [madvise] never
/sys/kernel/mm/transparent_hugepage/hpage_pmd_size: 2097152
/sys/kernel/mm/transparent_hugepage/defrag (defrag/compaction efforts parameter): always defer defer+madvise [madvise] never

Process Memory:
Virtual Size: 7551564K (peak: 7582276K)
Resident Set Size: 1021468K (peak: 1050404K) (anon: 909588K, file: 111880K, shmem: 0K)
Swapped out: 0K
C-Heap outstanding allocations: 171043K, retained: 126524K
glibc malloc tunables: (default)

/proc/sys/kernel/threads-max (system-wide limit on the number of threads): 191416
/proc/sys/vm/max_map_count (maximum number of memory map areas a process may have): 1048576
/proc/sys/vm/swappiness (control to define how aggressively the kernel swaps out anonymous memory): 60
/proc/sys/kernel/pid_max (system-wide limit on number of process identifiers): 4194304

container (cgroup) information:
container_type: cgroupv2
cpu_cpuset_cpus: not supported
cpu_memory_nodes: not supported
active_processor_count: 13
cpu_quota: no quota
cpu_period: 100000
cpu_shares: no shares
memory_limit_in_bytes: unlimited
memory_and_swap_limit_in_bytes: unlimited
memory_soft_limit_in_bytes: 0
memory_usage_in_bytes: 9818688 k
memory_max_usage_in_bytes: not supported
rss_usage_in_bytes: 4538328 k
cache_usage_in_bytes: 4708228 k
memory_swap_current_in_bytes: 0
memory_swap_max_limit_in_bytes: unlimited
maximum number of tasks: 28712
current number of tasks: 371

Hyper-V virtualization detected
Steal ticks since vm start: 0
Steal ticks percentage since vm start:  0.000

CPU: total 13 (initial active 13) (16 cores per cpu, 1 threads per core) family 6 model 183 stepping 1 microcode 0xffffffff, cx8, cmov, fxsr, mmx, 3dnowpref, sse, sse2, sse3, ssse3, sse4.1, sse4.2, popcnt, lzcnt, tsc, tscinvbit, avx, avx2, aes, erms, clmul, bmi1, bmi2, adx, sha, fma, vzeroupper, clflush, clflushopt, clwb, hv
CPU Model and flags from /proc/cpuinfo:
model name	: 13th Gen Intel(R) Core(TM) i5-13600KF
flags		: fpu vme de pse tsc msr pae mce cx8 apic sep mtrr pge mca cmov pat pse36 clflush mmx fxsr sse sse2 ss ht syscall nx pdpe1gb rdtscp lm constant_tsc rep_good nopl xtopology tsc_reliable nonstop_tsc cpuid tsc_known_freq pni pclmulqdq vmx ssse3 fma cx16 pcid sse4_1 sse4_2 x2apic movbe popcnt tsc_deadline_timer aes xsave avx f16c rdrand hypervisor lahf_lm abm 3dnowprefetch ssbd ibrs ibpb stibp ibrs_enhanced tpr_shadow ept vpid ept_ad fsgsbase tsc_adjust bmi1 avx2 smep bmi2 erms invpcid rdseed adx smap clflushopt clwb sha_ni xsaveopt xsavec xgetbv1 xsaves avx_vnni vnmi umip waitpkg gfni vaes vpclmulqdq rdpid movdiri movdir64b fsrm md_clear serialize flush_l1d arch_capabilities

Online cpus: 0-12
Offline cpus: 
BIOS frequency limitation: <Not Available>
Frequency switch latency (ns): <Not Available>
Available cpu frequencies: <Not Available>
Current governor: <Not Available>
Core performance/turbo boost: <Not Available>

Memory: 4k page, physical 24511312k(13583604k free), swap 6291456k(6291456k free)
Page Sizes: 4k

vm_info: OpenJDK 64-Bit Server VM (17.0.19+10-1-24.04.2-Ubuntu) for linux-amd64 JRE (17.0.19+10-1-24.04.2-Ubuntu), built on Apr 26 2026 12:40:16 by "buildd" with gcc 13.3.0

END.
